flag_id,rule,severity,ticker,metric,year,value,message,impact_t,ranking_relevant,evidence,company,gics_sector
Q0001,F01_doppelte_cik,fehler,NWSA,*,,,Teilt CIK 1564708 mit NWS: alle Konzernwerte stehen doppelt im Bestand.,0.0,False,"{""cik"": 1564708, ""aktiengattungen"": [""NWS"", ""NWSA""]}",News Corp (Class A),Communication Services
Q0002,F01_doppelte_cik,fehler,GOOGL,*,,,Teilt CIK 1652044 mit GOOG: alle Konzernwerte stehen doppelt im Bestand.,0.0,False,"{""cik"": 1652044, ""aktiengattungen"": [""GOOG"", ""GOOGL""]}",Alphabet Inc. (Class A),Communication Services
Q0003,F01_doppelte_cik,fehler,FOXA,*,,,Teilt CIK 1754301 mit FOX: alle Konzernwerte stehen doppelt im Bestand.,0.0,False,"{""cik"": 1754301, ""aktiengattungen"": [""FOX"", ""FOXA""]}",Fox Corporation (Class A),Communication Services
Q0004,F02_null_statt_fehlend,fehler,AZO,scope1_t,2018.0,0.0,"Exakt 0 t trotz zugeordneter Anlage: Anlage gemeldet, aber keine Emissionsmenge -- möglich nach Off-Ramp 40 CFR 98.2(i). 0 bedeutet hier 'nicht gemessen', nicht 'emissionsfrei'.",0.0,True,"{""anlagen"": 1, ""anlagentypen"": [""Supplier""], ""geliefert_t"": 0.0, ""vorjahr_t"": null, ""zeitreihe_scope1"": {""2018"": 0.0, ""2019"": 0.0, ""2020"": 0.0, ""2021"": 0.0, ""2022"": 0.0, ""2023"": 0.0}}",AutoZone,Consumer Discretionary
Q0005,F02_null_statt_fehlend,fehler,AZO,scope1_t,2019.0,0.0,"Exakt 0 t trotz zugeordneter Anlage: Anlage gemeldet, aber keine Emissionsmenge -- möglich nach Off-Ramp 40 CFR 98.2(i). 0 bedeutet hier 'nicht gemessen', nicht 'emissionsfrei'.",0.0,True,"{""anlagen"": 1, ""anlagentypen"": [""Supplier""], ""geliefert_t"": 0.0, ""vorjahr_t"": 0.0, ""zeitreihe_scope1"": {""2018"": 0.0, ""2019"": 0.0, ""2020"": 0.0, ""2021"": 0.0, ""2022"": 0.0, ""2023"": 0.0}}",AutoZone,Consumer Discretionary
Q0006,F02_null_statt_fehlend,fehler,AZO,scope1_t,2020.0,0.0,"Exakt 0 t trotz zugeordneter Anlage: Anlage gemeldet, aber keine Emissionsmenge -- möglich nach Off-Ramp 40 CFR 98.2(i). 0 bedeutet hier 'nicht gemessen', nicht 'emissionsfrei'.",0.0,True,"{""anlagen"": 1, ""anlagentypen"": [""Supplier""], ""geliefert_t"": 0.0, ""vorjahr_t"": 0.0, ""zeitreihe_scope1"": {""2018"": 0.0, ""2019"": 0.0, ""2020"": 0.0, ""2021"": 0.0, ""2022"": 0.0, ""2023"": 0.0}}",AutoZone,Consumer Discretionary
Q0007,F02_null_statt_fehlend,fehler,AZO,scope1_t,2021.0,0.0,"Exakt 0 t trotz zugeordneter Anlage: Anlage gemeldet, aber keine Emissionsmenge -- möglich nach Off-Ramp 40 CFR 98.2(i). 0 bedeutet hier 'nicht gemessen', nicht 'emissionsfrei'.",0.0,True,"{""anlagen"": 1, ""anlagentypen"": [""Supplier""], ""geliefert_t"": 0.0, ""vorjahr_t"": 0.0, ""zeitreihe_scope1"": {""2018"": 0.0, ""2019"": 0.0, ""2020"": 0.0, ""2021"": 0.0, ""2022"": 0.0, ""2023"": 0.0}}",AutoZone,Consumer Discretionary
Q0008,F02_null_statt_fehlend,fehler,AZO,scope1_t,2022.0,0.0,"Exakt 0 t trotz zugeordneter Anlage: Anlage gemeldet, aber keine Emissionsmenge -- möglich nach Off-Ramp 40 CFR 98.2(i). 0 bedeutet hier 'nicht gemessen', nicht 'emissionsfrei'.",0.0,True,"{""anlagen"": 1, ""anlagentypen"": [""Supplier""], ""geliefert_t"": 0.0, ""vorjahr_t"": 0.0, ""zeitreihe_scope1"": {""2018"": 0.0, ""2019"": 0.0, ""2020"": 0.0, ""2021"": 0.0, ""2022"": 0.0, ""2023"": 0.0}}",AutoZone,Consumer Discretionary
Q0009,F02_null_statt_fehlend,fehler,AZO,scope1_t,2023.0,0.0,"Exakt 0 t trotz zugeordneter Anlage: Anlage gemeldet, aber keine Emissionsmenge -- möglich nach Off-Ramp 40 CFR 98.2(i). 0 bedeutet hier 'nicht gemessen', nicht 'emissionsfrei'.",0.0,True,"{""anlagen"": 1, ""anlagentypen"": [""Supplier""], ""geliefert_t"": 0.0, ""vorjahr_t"": 0.0, ""zeitreihe_scope1"": {""2018"": 0.0, ""2019"": 0.0, ""2020"": 0.0, ""2021"": 0.0, ""2022"": 0.0, ""2023"": 0.0}}",AutoZone,Consumer Discretionary
Q0010,F02_null_statt_fehlend,fehler,BAX,scope1_t,2018.0,0.0,"Exakt 0 t trotz zugeordneter Anlage: Anlage gemeldet, aber keine Emissionsmenge -- möglich nach Off-Ramp 40 CFR 98.2(i). 0 bedeutet hier 'nicht gemessen', nicht 'emissionsfrei'.",0.0,True,"{""anlagen"": 1, ""anlagentypen"": [], ""geliefert_t"": 0.0, ""vorjahr_t"": null, ""zeitreihe_scope1"": {""2018"": 0.0, ""2019"": 0.0, ""2020"": 0.0, ""2021"": 0.0, ""2022"": 39606.0, ""2023"": 43203.836}}",Baxter International,Health Care
Q0011,F02_null_statt_fehlend,fehler,BAX,scope1_t,2019.0,0.0,"Exakt 0 t trotz zugeordneter Anlage: Anlage gemeldet, aber keine Emissionsmenge -- möglich nach Off-Ramp 40 CFR 98.2(i). 0 bedeutet hier 'nicht gemessen', nicht 'emissionsfrei'.",0.0,True,"{""anlagen"": 1, ""anlagentypen"": [], ""geliefert_t"": 0.0, ""vorjahr_t"": 0.0, ""zeitreihe_scope1"": {""2018"": 0.0, ""2019"": 0.0, ""2020"": 0.0, ""2021"": 0.0, ""2022"": 39606.0, ""2023"": 43203.836}}",Baxter International,Health Care
Q0012,F02_null_statt_fehlend,fehler,BAX,scope1_t,2020.0,0.0,"Exakt 0 t trotz zugeordneter Anlage: Anlage gemeldet, aber keine Emissionsmenge -- möglich nach Off-Ramp 40 CFR 98.2(i). 0 bedeutet hier 'nicht gemessen', nicht 'emissionsfrei'.",0.0,True,"{""anlagen"": 1, ""anlagentypen"": [], ""geliefert_t"": 0.0, ""vorjahr_t"": 0.0, ""zeitreihe_scope1"": {""2018"": 0.0, ""2019"": 0.0, ""2020"": 0.0, ""2021"": 0.0, ""2022"": 39606.0, ""2023"": 43203.836}}",Baxter International,Health Care
Q0013,F02_null_statt_fehlend,fehler,BAX,scope1_t,2021.0,0.0,"Exakt 0 t trotz zugeordneter Anlage: Anlage gemeldet, aber keine Emissionsmenge -- möglich nach Off-Ramp 40 CFR 98.2(i). 0 bedeutet hier 'nicht gemessen', nicht 'emissionsfrei'.",0.0,True,"{""anlagen"": 1, ""anlagentypen"": [], ""geliefert_t"": 0.0, ""vorjahr_t"": 0.0, ""zeitreihe_scope1"": {""2018"": 0.0, ""2019"": 0.0, ""2020"": 0.0, ""2021"": 0.0, ""2022"": 39606.0, ""2023"": 43203.836}}",Baxter International,Health Care
Q0014,F02_null_statt_fehlend,fehler,CARR,scope1_t,2018.0,0.0,"Exakt 0 t trotz zugeordneter Anlage: Anlage gemeldet, aber keine Emissionsmenge -- möglich nach Off-Ramp 40 CFR 98.2(i). 0 bedeutet hier 'nicht gemessen', nicht 'emissionsfrei'.",0.0,True,"{""anlagen"": 4, ""anlagentypen"": [""Supplier""], ""geliefert_t"": 0.0, ""vorjahr_t"": null, ""zeitreihe_scope1"": {""2018"": 0.0, ""2019"": 0.0, ""2020"": 0.0, ""2021"": 0.0, ""2022"": 0.0, ""2023"": 0.0}}",Carrier Global,Industrials
Q0015,F02_null_statt_fehlend,fehler,CARR,scope1_t,2019.0,0.0,"Exakt 0 t trotz zugeordneter Anlage: Anlage gemeldet, aber keine Emissionsmenge -- möglich nach Off-Ramp 40 CFR 98.2(i). 0 bedeutet hier 'nicht gemessen', nicht 'emissionsfrei'.",0.0,True,"{""anlagen"": 3, ""anlagentypen"": [""Supplier""], ""geliefert_t"": 0.0, ""vorjahr_t"": 0.0, ""zeitreihe_scope1"": {""2018"": 0.0, ""2019"": 0.0, ""2020"": 0.0, ""2021"": 0.0, ""2022"": 0.0, ""2023"": 0.0}}",Carrier Global,Industrials
Q0016,F02_null_statt_fehlend,fehler,CARR,scope1_t,2020.0,0.0,"Exakt 0 t trotz zugeordneter Anlage: Anlage gemeldet, aber keine Emissionsmenge -- möglich nach Off-Ramp 40 CFR 98.2(i). 0 bedeutet hier 'nicht gemessen', nicht 'emissionsfrei'.",0.0,True,"{""anlagen"": 5, ""anlagentypen"": [""Supplier""], ""geliefert_t"": 0.0, ""vorjahr_t"": 0.0, ""zeitreihe_scope1"": {""2018"": 0.0, ""2019"": 0.0, ""2020"": 0.0, ""2021"": 0.0, ""2022"": 0.0, ""2023"": 0.0}}",Carrier Global,Industrials
Q0017,F02_null_statt_fehlend,fehler,CARR,scope1_t,2021.0,0.0,"Exakt 0 t trotz zugeordneter Anlage: Anlage gemeldet, aber keine Emissionsmenge -- möglich nach Off-Ramp 40 CFR 98.2(i). 0 bedeutet hier 'nicht gemessen', nicht 'emissionsfrei'.",0.0,True,"{""anlagen"": 5, ""anlagentypen"": [""Supplier""], ""geliefert_t"": 0.0, ""vorjahr_t"": 0.0, ""zeitreihe_scope1"": {""2018"": 0.0, ""2019"": 0.0, ""2020"": 0.0, ""2021"": 0.0, ""2022"": 0.0, ""2023"": 0.0}}",Carrier Global,Industrials
Q0018,F02_null_statt_fehlend,fehler,CARR,scope1_t,2022.0,0.0,"Exakt 0 t trotz zugeordneter Anlage: Anlage gemeldet, aber keine Emissionsmenge -- möglich nach Off-Ramp 40 CFR 98.2(i). 0 bedeutet hier 'nicht gemessen', nicht 'emissionsfrei'.",0.0,True,"{""anlagen"": 5, ""anlagentypen"": [""Supplier""], ""geliefert_t"": 0.0, ""vorjahr_t"": 0.0, ""zeitreihe_scope1"": {""2018"": 0.0, ""2019"": 0.0, ""2020"": 0.0, ""2021"": 0.0, ""2022"": 0.0, ""2023"": 0.0}}",Carrier Global,Industrials
Q0019,F02_null_statt_fehlend,fehler,CARR,scope1_t,2023.0,0.0,"Exakt 0 t trotz zugeordneter Anlage: Anlage gemeldet, aber keine Emissionsmenge -- möglich nach Off-Ramp 40 CFR 98.2(i). 0 bedeutet hier 'nicht gemessen', nicht 'emissionsfrei'.",0.0,True,"{""anlagen"": 5, ""anlagentypen"": [""Supplier""], ""geliefert_t"": 0.0, ""vorjahr_t"": 0.0, ""zeitreihe_scope1"": {""2018"": 0.0, ""2019"": 0.0, ""2020"": 0.0, ""2021"": 0.0, ""2022"": 0.0, ""2023"": 0.0}}",Carrier Global,Industrials
Q0020,F02_null_statt_fehlend,fehler,CEG,scope1_t,2019.0,0.0,"Exakt 0 t trotz zugeordneter Anlage: Anlage gemeldet, aber keine Emissionsmenge -- möglich nach Off-Ramp 40 CFR 98.2(i). 0 bedeutet hier 'nicht gemessen', nicht 'emissionsfrei'.",39269420.2669,True,"{""anlagen"": 14, ""anlagentypen"": [], ""geliefert_t"": 0.0, ""vorjahr_t"": 39269420.2669, ""zeitreihe_scope1"": {""2018"": 39269420.2669, ""2019"": 0.0, ""2020"": 0.0, ""2021"": 0.0, ""2022"": 8247705.788, ""2023"": 8941320.546}}",Constellation Energy,Utilities
Q0021,F02_null_statt_fehlend,fehler,CEG,scope1_t,2020.0,0.0,"Exakt 0 t trotz zugeordneter Anlage: Anlage gemeldet, aber keine Emissionsmenge -- möglich nach Off-Ramp 40 CFR 98.2(i). 0 bedeutet hier 'nicht gemessen', nicht 'emissionsfrei'.",0.0,True,"{""anlagen"": 14, ""anlagentypen"": [], ""geliefert_t"": 0.0, ""vorjahr_t"": 0.0, ""zeitreihe_scope1"": {""2018"": 39269420.2669, ""2019"": 0.0, ""2020"": 0.0, ""2021"": 0.0, ""2022"": 8247705.788, ""2023"": 8941320.546}}",Constellation Energy,Utilities
Q0022,F02_null_statt_fehlend,fehler,CEG,scope1_t,2021.0,0.0,"Exakt 0 t trotz zugeordneter Anlage: Anlage gemeldet, aber keine Emissionsmenge -- möglich nach Off-Ramp 40 CFR 98.2(i). 0 bedeutet hier 'nicht gemessen', nicht 'emissionsfrei'.",0.0,True,"{""anlagen"": 14, ""anlagentypen"": [], ""geliefert_t"": 0.0, ""vorjahr_t"": 0.0, ""zeitreihe_scope1"": {""2018"": 39269420.2669, ""2019"": 0.0, ""2020"": 0.0, ""2021"": 0.0, ""2022"": 8247705.788, ""2023"": 8941320.546}}",Constellation Energy,Utilities
Q0023,F02_null_statt_fehlend,fehler,CSGP,scope1_t,2018.0,0.0,"Exakt 0 t trotz zugeordneter Anlage: Anlage gemeldet, aber keine Emissionsmenge -- möglich nach Off-Ramp 40 CFR 98.2(i). 0 bedeutet hier 'nicht gemessen', nicht 'emissionsfrei'.",0.0,True,"{""anlagen"": 1, ""anlagentypen"": [""Supplier""], ""geliefert_t"": 0.0, ""vorjahr_t"": null, ""zeitreihe_scope1"": {""2018"": 0.0, ""2019"": 0.0, ""2020"": 0.0, ""2021"": 0.0, ""2022"": 0.0, ""2023"": 0.0}}",CoStar Group,Real Estate
Q0024,F02_null_statt_fehlend,fehler,CSGP,scope1_t,2019.0,0.0,"Exakt 0 t trotz zugeordneter Anlage: Anlage gemeldet, aber keine Emissionsmenge -- möglich nach Off-Ramp 40 CFR 98.2(i). 0 bedeutet hier 'nicht gemessen', nicht 'emissionsfrei'.",0.0,True,"{""anlagen"": 1, ""anlagentypen"": [""Supplier""], ""geliefert_t"": 0.0, ""vorjahr_t"": 0.0, ""zeitreihe_scope1"": {""2018"": 0.0, ""2019"": 0.0, ""2020"": 0.0, ""2021"": 0.0, ""2022"": 0.0, ""2023"": 0.0}}",CoStar Group,Real Estate
Q0025,F02_null_statt_fehlend,fehler,CSGP,scope1_t,2020.0,0.0,"Exakt 0 t trotz zugeordneter Anlage: Anlage gemeldet, aber keine Emissionsmenge -- möglich nach Off-Ramp 40 CFR 98.2(i). 0 bedeutet hier 'nicht gemessen', nicht 'emissionsfrei'.",0.0,True,"{""anlagen"": 1, ""anlagentypen"": [""Supplier""], ""geliefert_t"": 0.0, ""vorjahr_t"": 0.0, ""zeitreihe_scope1"": {""2018"": 0.0, ""2019"": 0.0, ""2020"": 0.0, ""2021"": 0.0, ""2022"": 0.0, ""2023"": 0.0}}",CoStar Group,Real Estate
Q0026,F02_null_statt_fehlend,fehler,CSGP,scope1_t,2021.0,0.0,"Exakt 0 t trotz zugeordneter Anlage: Anlage gemeldet, aber keine Emissionsmenge -- möglich nach Off-Ramp 40 CFR 98.2(i). 0 bedeutet hier 'nicht gemessen', nicht 'emissionsfrei'.",0.0,True,"{""anlagen"": 1, ""anlagentypen"": [""Supplier""], ""geliefert_t"": 0.0, ""vorjahr_t"": 0.0, ""zeitreihe_scope1"": {""2018"": 0.0, ""2019"": 0.0, ""2020"": 0.0, ""2021"": 0.0, ""2022"": 0.0, ""2023"": 0.0}}",CoStar Group,Real Estate
Q0027,F02_null_statt_fehlend,fehler,CSGP,scope1_t,2022.0,0.0,"Exakt 0 t trotz zugeordneter Anlage: Anlage gemeldet, aber keine Emissionsmenge -- möglich nach Off-Ramp 40 CFR 98.2(i). 0 bedeutet hier 'nicht gemessen', nicht 'emissionsfrei'.",0.0,True,"{""anlagen"": 1, ""anlagentypen"": [""Supplier""], ""geliefert_t"": 0.0, ""vorjahr_t"": 0.0, ""zeitreihe_scope1"": {""2018"": 0.0, ""2019"": 0.0, ""2020"": 0.0, ""2021"": 0.0, ""2022"": 0.0, ""2023"": 0.0}}",CoStar Group,Real Estate
Q0028,F02_null_statt_fehlend,fehler,CSGP,scope1_t,2023.0,0.0,"Exakt 0 t trotz zugeordneter Anlage: Anlage gemeldet, aber keine Emissionsmenge -- möglich nach Off-Ramp 40 CFR 98.2(i). 0 bedeutet hier 'nicht gemessen', nicht 'emissionsfrei'.",0.0,True,"{""anlagen"": 1, ""anlagentypen"": [""Supplier""], ""geliefert_t"": 0.0, ""vorjahr_t"": 0.0, ""zeitreihe_scope1"": {""2018"": 0.0, ""2019"": 0.0, ""2020"": 0.0, ""2021"": 0.0, ""2022"": 0.0, ""2023"": 0.0}}",CoStar Group,Real Estate
Q0029,F02_null_statt_fehlend,fehler,DOV,scope1_t,2019.0,0.0,"Exakt 0 t trotz zugeordneter Anlage: Anlage gemeldet, aber keine Emissionsmenge -- möglich nach Off-Ramp 40 CFR 98.2(i). 0 bedeutet hier 'nicht gemessen', nicht 'emissionsfrei'.",0.0,True,"{""anlagen"": 1, ""anlagentypen"": [""Supplier""], ""geliefert_t"": 0.0, ""vorjahr_t"": null, ""zeitreihe_scope1"": {""2019"": 0.0, ""2020"": 0.0, ""2021"": 0.0, ""2022"": 0.0, ""2023"": 0.0}}",Dover Corporation,Industrials
Q0030,F02_null_statt_fehlend,fehler,DOV,scope1_t,2020.0,0.0,"Exakt 0 t trotz zugeordneter Anlage: Anlage gemeldet, aber keine Emissionsmenge -- möglich nach Off-Ramp 40 CFR 98.2(i). 0 bedeutet hier 'nicht gemessen', nicht 'emissionsfrei'.",0.0,True,"{""anlagen"": 1, ""anlagentypen"": [""Supplier""], ""geliefert_t"": 0.0, ""vorjahr_t"": 0.0, ""zeitreihe_scope1"": {""2019"": 0.0, ""2020"": 0.0, ""2021"": 0.0, ""2022"": 0.0, ""2023"": 0.0}}",Dover Corporation,Industrials
Q0031,F02_null_statt_fehlend,fehler,DOV,scope1_t,2021.0,0.0,"Exakt 0 t trotz zugeordneter Anlage: Anlage gemeldet, aber keine Emissionsmenge -- möglich nach Off-Ramp 40 CFR 98.2(i). 0 bedeutet hier 'nicht gemessen', nicht 'emissionsfrei'.",0.0,True,"{""anlagen"": 1, ""anlagentypen"": [], ""geliefert_t"": 0.0, ""vorjahr_t"": 0.0, ""zeitreihe_scope1"": {""2019"": 0.0, ""2020"": 0.0, ""2021"": 0.0, ""2022"": 0.0, ""2023"": 0.0}}",Dover Corporation,Industrials
Q0032,F02_null_statt_fehlend,fehler,DOV,scope1_t,2022.0,0.0,"Exakt 0 t trotz zugeordneter Anlage: Anlage gemeldet, aber keine Emissionsmenge -- möglich nach Off-Ramp 40 CFR 98.2(i). 0 bedeutet hier 'nicht gemessen', nicht 'emissionsfrei'.",0.0,True,"{""anlagen"": 1, ""anlagentypen"": [], ""geliefert_t"": 0.0, ""vorjahr_t"": 0.0, ""zeitreihe_scope1"": {""2019"": 0.0, ""2020"": 0.0, ""2021"": 0.0, ""2022"": 0.0, ""2023"": 0.0}}",Dover Corporation,Industrials
Q0033,F02_null_statt_fehlend,fehler,DOV,scope1_t,2023.0,0.0,"Exakt 0 t trotz zugeordneter Anlage: Anlage gemeldet, aber keine Emissionsmenge -- möglich nach Off-Ramp 40 CFR 98.2(i). 0 bedeutet hier 'nicht gemessen', nicht 'emissionsfrei'.",0.0,True,"{""anlagen"": 1, ""anlagentypen"": [], ""geliefert_t"": 0.0, ""vorjahr_t"": 0.0, ""zeitreihe_scope1"": {""2019"": 0.0, ""2020"": 0.0, ""2021"": 0.0, ""2022"": 0.0, ""2023"": 0.0}}",Dover Corporation,Industrials
Q0034,F02_null_statt_fehlend,fehler,IR,scope1_t,2018.0,0.0,"Exakt 0 t trotz zugeordneter Anlage: Anlage gemeldet, aber keine Emissionsmenge -- möglich nach Off-Ramp 40 CFR 98.2(i). 0 bedeutet hier 'nicht gemessen', nicht 'emissionsfrei'.",0.0,True,"{""anlagen"": 3, ""anlagentypen"": [""Supplier""], ""geliefert_t"": 0.0, ""vorjahr_t"": null, ""zeitreihe_scope1"": {""2018"": 0.0, ""2019"": 0.0, ""2020"": 0.0, ""2021"": 0.0, ""2022"": 0.0, ""2023"": 0.0}}",Ingersoll Rand,Industrials
Q0035,F02_null_statt_fehlend,fehler,IR,scope1_t,2019.0,0.0,"Exakt 0 t trotz zugeordneter Anlage: Anlage gemeldet, aber keine Emissionsmenge -- möglich nach Off-Ramp 40 CFR 98.2(i). 0 bedeutet hier 'nicht gemessen', nicht 'emissionsfrei'.",0.0,True,"{""anlagen"": 3, ""anlagentypen"": [""Supplier""], ""geliefert_t"": 0.0, ""vorjahr_t"": 0.0, ""zeitreihe_scope1"": {""2018"": 0.0, ""2019"": 0.0, ""2020"": 0.0, ""2021"": 0.0, ""2022"": 0.0, ""2023"": 0.0}}",Ingersoll Rand,Industrials
Q0036,F02_null_statt_fehlend,fehler,IR,scope1_t,2020.0,0.0,"Exakt 0 t trotz zugeordneter Anlage: Anlage gemeldet, aber keine Emissionsmenge -- möglich nach Off-Ramp 40 CFR 98.2(i). 0 bedeutet hier 'nicht gemessen', nicht 'emissionsfrei'.",0.0,True,"{""anlagen"": 2, ""anlagentypen"": [""Supplier""], ""geliefert_t"": 0.0, ""vorjahr_t"": 0.0, ""zeitreihe_scope1"": {""2018"": 0.0, ""2019"": 0.0, ""2020"": 0.0, ""2021"": 0.0, ""2022"": 0.0, ""2023"": 0.0}}",Ingersoll Rand,Industrials
Q0037,F02_null_statt_fehlend,fehler,IR,scope1_t,2021.0,0.0,"Exakt 0 t trotz zugeordneter Anlage: Anlage gemeldet, aber keine Emissionsmenge -- möglich nach Off-Ramp 40 CFR 98.2(i). 0 bedeutet hier 'nicht gemessen', nicht 'emissionsfrei'.",0.0,True,"{""anlagen"": 2, ""anlagentypen"": [""Supplier""], ""geliefert_t"": 0.0, ""vorjahr_t"": 0.0, ""zeitreihe_scope1"": {""2018"": 0.0, ""2019"": 0.0, ""2020"": 0.0, ""2021"": 0.0, ""2022"": 0.0, ""2023"": 0.0}}",Ingersoll Rand,Industrials
Q0038,F02_null_statt_fehlend,fehler,IR,scope1_t,2022.0,0.0,"Exakt 0 t trotz zugeordneter Anlage: Anlage gemeldet, aber keine Emissionsmenge -- möglich nach Off-Ramp 40 CFR 98.2(i). 0 bedeutet hier 'nicht gemessen', nicht 'emissionsfrei'.",0.0,True,"{""anlagen"": 2, ""anlagentypen"": [""Supplier""], ""geliefert_t"": 0.0, ""vorjahr_t"": 0.0, ""zeitreihe_scope1"": {""2018"": 0.0, ""2019"": 0.0, ""2020"": 0.0, ""2021"": 0.0, ""2022"": 0.0, ""2023"": 0.0}}",Ingersoll Rand,Industrials
Q0039,F02_null_statt_fehlend,fehler,IR,scope1_t,2023.0,0.0,"Exakt 0 t trotz zugeordneter Anlage: Anlage gemeldet, aber keine Emissionsmenge -- möglich nach Off-Ramp 40 CFR 98.2(i). 0 bedeutet hier 'nicht gemessen', nicht 'emissionsfrei'.",0.0,True,"{""anlagen"": 1, ""anlagentypen"": [""Supplier""], ""geliefert_t"": 0.0, ""vorjahr_t"": 0.0, ""zeitreihe_scope1"": {""2018"": 0.0, ""2019"": 0.0, ""2020"": 0.0, ""2021"": 0.0, ""2022"": 0.0, ""2023"": 0.0}}",Ingersoll Rand,Industrials
Q0040,F02_null_statt_fehlend,fehler,JCI,scope1_t,2019.0,0.0,"Exakt 0 t trotz zugeordneter Anlage: Anlage gemeldet, aber keine Emissionsmenge -- möglich nach Off-Ramp 40 CFR 98.2(i). 0 bedeutet hier 'nicht gemessen', nicht 'emissionsfrei'.",56175.148,True,"{""anlagen"": 1, ""anlagentypen"": [""Supplier""], ""geliefert_t"": 0.0, ""vorjahr_t"": 56175.148, ""zeitreihe_scope1"": {""2018"": 56175.148, ""2019"": 0.0, ""2020"": 0.0, ""2021"": 0.0, ""2022"": 0.0, ""2023"": 0.0}}",Johnson Controls,Industrials
Q0041,F02_null_statt_fehlend,fehler,JCI,scope1_t,2020.0,0.0,"Exakt 0 t trotz zugeordneter Anlage: Anlage gemeldet, aber keine Emissionsmenge -- möglich nach Off-Ramp 40 CFR 98.2(i). 0 bedeutet hier 'nicht gemessen', nicht 'emissionsfrei'.",0.0,True,"{""anlagen"": 1, ""anlagentypen"": [""Supplier""], ""geliefert_t"": 0.0, ""vorjahr_t"": 0.0, ""zeitreihe_scope1"": {""2018"": 56175.148, ""2019"": 0.0, ""2020"": 0.0, ""2021"": 0.0, ""2022"": 0.0, ""2023"": 0.0}}",Johnson Controls,Industrials
Q0042,F02_null_statt_fehlend,fehler,JCI,scope1_t,2021.0,0.0,"Exakt 0 t trotz zugeordneter Anlage: Anlage gemeldet, aber keine Emissionsmenge -- möglich nach Off-Ramp 40 CFR 98.2(i). 0 bedeutet hier 'nicht gemessen', nicht 'emissionsfrei'.",0.0,True,"{""anlagen"": 1, ""anlagentypen"": [""Supplier""], ""geliefert_t"": 0.0, ""vorjahr_t"": 0.0, ""zeitreihe_scope1"": {""2018"": 56175.148, ""2019"": 0.0, ""2020"": 0.0, ""2021"": 0.0, ""2022"": 0.0, ""2023"": 0.0}}",Johnson Controls,Industrials
Q0043,F02_null_statt_fehlend,fehler,JCI,scope1_t,2022.0,0.0,"Exakt 0 t trotz zugeordneter Anlage: Anlage gemeldet, aber keine Emissionsmenge -- möglich nach Off-Ramp 40 CFR 98.2(i). 0 bedeutet hier 'nicht gemessen', nicht 'emissionsfrei'.",0.0,True,"{""anlagen"": 1, ""anlagentypen"": [""Supplier""], ""geliefert_t"": 0.0, ""vorjahr_t"": 0.0, ""zeitreihe_scope1"": {""2018"": 56175.148, ""2019"": 0.0, ""2020"": 0.0, ""2021"": 0.0, ""2022"": 0.0, ""2023"": 0.0}}",Johnson Controls,Industrials
Q0044,F02_null_statt_fehlend,fehler,JCI,scope1_t,2023.0,0.0,"Exakt 0 t trotz zugeordneter Anlage: Anlage gemeldet, aber keine Emissionsmenge -- möglich nach Off-Ramp 40 CFR 98.2(i). 0 bedeutet hier 'nicht gemessen', nicht 'emissionsfrei'.",0.0,True,"{""anlagen"": 1, ""anlagentypen"": [""Supplier""], ""geliefert_t"": 0.0, ""vorjahr_t"": 0.0, ""zeitreihe_scope1"": {""2018"": 56175.148, ""2019"": 0.0, ""2020"": 0.0, ""2021"": 0.0, ""2022"": 0.0, ""2023"": 0.0}}",Johnson Controls,Industrials
Q0045,F02_null_statt_fehlend,fehler,KHC,scope1_t,2022.0,0.0,"Exakt 0 t trotz zugeordneter Anlage: Anlage gemeldet, aber keine Emissionsmenge -- möglich nach Off-Ramp 40 CFR 98.2(i). 0 bedeutet hier 'nicht gemessen', nicht 'emissionsfrei'.",45412.28,True,"{""anlagen"": 4, ""anlagentypen"": [], ""geliefert_t"": 0.0, ""vorjahr_t"": 45412.28, ""zeitreihe_scope1"": {""2018"": 67151.848, ""2019"": 46697.524, ""2020"": 46745.124, ""2021"": 45412.28, ""2022"": 0.0, ""2023"": 0.0}}",Kraft Heinz,Consumer Staples
Q0046,F02_null_statt_fehlend,fehler,KHC,scope1_t,2023.0,0.0,"Exakt 0 t trotz zugeordneter Anlage: Anlage gemeldet, aber keine Emissionsmenge -- möglich nach Off-Ramp 40 CFR 98.2(i). 0 bedeutet hier 'nicht gemessen', nicht 'emissionsfrei'.",0.0,True,"{""anlagen"": 4, ""anlagentypen"": [], ""geliefert_t"": 0.0, ""vorjahr_t"": 0.0, ""zeitreihe_scope1"": {""2018"": 67151.848, ""2019"": 46697.524, ""2020"": 46745.124, ""2021"": 45412.28, ""2022"": 0.0, ""2023"": 0.0}}",Kraft Heinz,Consumer Staples
Q0047,F02_null_statt_fehlend,fehler,LII,scope1_t,2018.0,0.0,"Exakt 0 t trotz zugeordneter Anlage: Anlage gemeldet, aber keine Emissionsmenge -- möglich nach Off-Ramp 40 CFR 98.2(i). 0 bedeutet hier 'nicht gemessen', nicht 'emissionsfrei'.",0.0,True,"{""anlagen"": 1, ""anlagentypen"": [""Supplier""], ""geliefert_t"": 0.0, ""vorjahr_t"": null, ""zeitreihe_scope1"": {""2018"": 0.0, ""2019"": 0.0, ""2020"": 0.0, ""2021"": 0.0, ""2022"": 0.0, ""2023"": 0.0}}",Lennox International,Industrials
Q0048,F02_null_statt_fehlend,fehler,LII,scope1_t,2019.0,0.0,"Exakt 0 t trotz zugeordneter Anlage: Anlage gemeldet, aber keine Emissionsmenge -- möglich nach Off-Ramp 40 CFR 98.2(i). 0 bedeutet hier 'nicht gemessen', nicht 'emissionsfrei'.",0.0,True,"{""anlagen"": 1, ""anlagentypen"": [""Supplier""], ""geliefert_t"": 0.0, ""vorjahr_t"": 0.0, ""zeitreihe_scope1"": {""2018"": 0.0, ""2019"": 0.0, ""2020"": 0.0, ""2021"": 0.0, ""2022"": 0.0, ""2023"": 0.0}}",Lennox International,Industrials
Q0049,F02_null_statt_fehlend,fehler,LII,scope1_t,2020.0,0.0,"Exakt 0 t trotz zugeordneter Anlage: Anlage gemeldet, aber keine Emissionsmenge -- möglich nach Off-Ramp 40 CFR 98.2(i). 0 bedeutet hier 'nicht gemessen', nicht 'emissionsfrei'.",0.0,True,"{""anlagen"": 1, ""anlagentypen"": [""Supplier""], ""geliefert_t"": 0.0, ""vorjahr_t"": 0.0, ""zeitreihe_scope1"": {""2018"": 0.0, ""2019"": 0.0, ""2020"": 0.0, ""2021"": 0.0, ""2022"": 0.0, ""2023"": 0.0}}",Lennox International,Industrials
Q0050,F02_null_statt_fehlend,fehler,LII,scope1_t,2021.0,0.0,"Exakt 0 t trotz zugeordneter Anlage: Anlage gemeldet, aber keine Emissionsmenge -- möglich nach Off-Ramp 40 CFR 98.2(i). 0 bedeutet hier 'nicht gemessen', nicht 'emissionsfrei'.",0.0,True,"{""anlagen"": 1, ""anlagentypen"": [""Supplier""], ""geliefert_t"": 0.0, ""vorjahr_t"": 0.0, ""zeitreihe_scope1"": {""2018"": 0.0, ""2019"": 0.0, ""2020"": 0.0, ""2021"": 0.0, ""2022"": 0.0, ""2023"": 0.0}}",Lennox International,Industrials
Q0051,F02_null_statt_fehlend,fehler,LII,scope1_t,2022.0,0.0,"Exakt 0 t trotz zugeordneter Anlage: Anlage gemeldet, aber keine Emissionsmenge -- möglich nach Off-Ramp 40 CFR 98.2(i). 0 bedeutet hier 'nicht gemessen', nicht 'emissionsfrei'.",0.0,True,"{""anlagen"": 1, ""anlagentypen"": [""Supplier""], ""geliefert_t"": 0.0, ""vorjahr_t"": 0.0, ""zeitreihe_scope1"": {""2018"": 0.0, ""2019"": 0.0, ""2020"": 0.0, ""2021"": 0.0, ""2022"": 0.0, ""2023"": 0.0}}",Lennox International,Industrials
Q0052,F02_null_statt_fehlend,fehler,LII,scope1_t,2023.0,0.0,"Exakt 0 t trotz zugeordneter Anlage: Anlage gemeldet, aber keine Emissionsmenge -- möglich nach Off-Ramp 40 CFR 98.2(i). 0 bedeutet hier 'nicht gemessen', nicht 'emissionsfrei'.",0.0,True,"{""anlagen"": 1, ""anlagentypen"": [""Supplier""], ""geliefert_t"": 0.0, ""vorjahr_t"": 0.0, ""zeitreihe_scope1"": {""2018"": 0.0, ""2019"": 0.0, ""2020"": 0.0, ""2021"": 0.0, ""2022"": 0.0, ""2023"": 0.0}}",Lennox International,Industrials
Q0053,F02_null_statt_fehlend,fehler,MDLZ,scope1_t,2019.0,0.0,"Exakt 0 t trotz zugeordneter Anlage: Anlage gemeldet, aber keine Emissionsmenge -- möglich nach Off-Ramp 40 CFR 98.2(i). 0 bedeutet hier 'nicht gemessen', nicht 'emissionsfrei'.",13247.4,True,"{""anlagen"": 1, ""anlagentypen"": [], ""geliefert_t"": 0.0, ""vorjahr_t"": 13247.4, ""zeitreihe_scope1"": {""2018"": 13247.4, ""2019"": 0.0, ""2020"": 0.0, ""2021"": 0.0, ""2022"": 0.0, ""2023"": 0.0}}",Mondelez International,Consumer Staples
Q0054,F02_null_statt_fehlend,fehler,MDLZ,scope1_t,2020.0,0.0,"Exakt 0 t trotz zugeordneter Anlage: Anlage gemeldet, aber keine Emissionsmenge -- möglich nach Off-Ramp 40 CFR 98.2(i). 0 bedeutet hier 'nicht gemessen', nicht 'emissionsfrei'.",0.0,True,"{""anlagen"": 1, ""anlagentypen"": [], ""geliefert_t"": 0.0, ""vorjahr_t"": 0.0, ""zeitreihe_scope1"": {""2018"": 13247.4, ""2019"": 0.0, ""2020"": 0.0, ""2021"": 0.0, ""2022"": 0.0, ""2023"": 0.0}}",Mondelez International,Consumer Staples
Q0055,F02_null_statt_fehlend,fehler,MDLZ,scope1_t,2021.0,0.0,"Exakt 0 t trotz zugeordneter Anlage: Anlage gemeldet, aber keine Emissionsmenge -- möglich nach Off-Ramp 40 CFR 98.2(i). 0 bedeutet hier 'nicht gemessen', nicht 'emissionsfrei'.",0.0,True,"{""anlagen"": 1, ""anlagentypen"": [], ""geliefert_t"": 0.0, ""vorjahr_t"": 0.0, ""zeitreihe_scope1"": {""2018"": 13247.4, ""2019"": 0.0, ""2020"": 0.0, ""2021"": 0.0, ""2022"": 0.0, ""2023"": 0.0}}",Mondelez International,Consumer Staples
Q0056,F02_null_statt_fehlend,fehler,MDLZ,scope1_t,2022.0,0.0,"Exakt 0 t trotz zugeordneter Anlage: Anlage gemeldet, aber keine Emissionsmenge -- möglich nach Off-Ramp 40 CFR 98.2(i). 0 bedeutet hier 'nicht gemessen', nicht 'emissionsfrei'.",0.0,True,"{""anlagen"": 1, ""anlagentypen"": [], ""geliefert_t"": 0.0, ""vorjahr_t"": 0.0, ""zeitreihe_scope1"": {""2018"": 13247.4, ""2019"": 0.0, ""2020"": 0.0, ""2021"": 0.0, ""2022"": 0.0, ""2023"": 0.0}}",Mondelez International,Consumer Staples
Q0057,F02_null_statt_fehlend,fehler,MDLZ,scope1_t,2023.0,0.0,"Exakt 0 t trotz zugeordneter Anlage: Anlage gemeldet, aber keine Emissionsmenge -- möglich nach Off-Ramp 40 CFR 98.2(i). 0 bedeutet hier 'nicht gemessen', nicht 'emissionsfrei'.",0.0,True,"{""anlagen"": 1, ""anlagentypen"": [], ""geliefert_t"": 0.0, ""vorjahr_t"": 0.0, ""zeitreihe_scope1"": {""2018"": 13247.4, ""2019"": 0.0, ""2020"": 0.0, ""2021"": 0.0, ""2022"": 0.0, ""2023"": 0.0}}",Mondelez International,Consumer Staples
Q0058,F02_null_statt_fehlend,fehler,MS,scope1_t,2019.0,0.0,"Exakt 0 t trotz zugeordneter Anlage: Anlage gemeldet, aber keine Emissionsmenge -- möglich nach Off-Ramp 40 CFR 98.2(i). 0 bedeutet hier 'nicht gemessen', nicht 'emissionsfrei'.",111479.898,True,"{""anlagen"": 2, ""anlagentypen"": [], ""geliefert_t"": 0.0, ""vorjahr_t"": 111479.898, ""zeitreihe_scope1"": {""2018"": 111479.898, ""2019"": 0.0, ""2020"": 0.0, ""2021"": 0.0, ""2022"": 0.0, ""2023"": 0.0}}",Morgan Stanley,Financials
Q0059,F02_null_statt_fehlend,fehler,MS,scope1_t,2020.0,0.0,"Exakt 0 t trotz zugeordneter Anlage: Anlage gemeldet, aber keine Emissionsmenge -- möglich nach Off-Ramp 40 CFR 98.2(i). 0 bedeutet hier 'nicht gemessen', nicht 'emissionsfrei'.",0.0,True,"{""anlagen"": 2, ""anlagentypen"": [], ""geliefert_t"": 0.0, ""vorjahr_t"": 0.0, ""zeitreihe_scope1"": {""2018"": 111479.898, ""2019"": 0.0, ""2020"": 0.0, ""2021"": 0.0, ""2022"": 0.0, ""2023"": 0.0}}",Morgan Stanley,Financials
Q0060,F02_null_statt_fehlend,fehler,MS,scope1_t,2021.0,0.0,"Exakt 0 t trotz zugeordneter Anlage: Anlage gemeldet, aber keine Emissionsmenge -- möglich nach Off-Ramp 40 CFR 98.2(i). 0 bedeutet hier 'nicht gemessen', nicht 'emissionsfrei'.",0.0,True,"{""anlagen"": 2, ""anlagentypen"": [], ""geliefert_t"": 0.0, ""vorjahr_t"": 0.0, ""zeitreihe_scope1"": {""2018"": 111479.898, ""2019"": 0.0, ""2020"": 0.0, ""2021"": 0.0, ""2022"": 0.0, ""2023"": 0.0}}",Morgan Stanley,Financials
Q0061,F02_null_statt_fehlend,fehler,MS,scope1_t,2022.0,0.0,"Exakt 0 t trotz zugeordneter Anlage: Anlage gemeldet, aber keine Emissionsmenge -- möglich nach Off-Ramp 40 CFR 98.2(i). 0 bedeutet hier 'nicht gemessen', nicht 'emissionsfrei'.",0.0,True,"{""anlagen"": 2, ""anlagentypen"": [], ""geliefert_t"": 0.0, ""vorjahr_t"": 0.0, ""zeitreihe_scope1"": {""2018"": 111479.898, ""2019"": 0.0, ""2020"": 0.0, ""2021"": 0.0, ""2022"": 0.0, ""2023"": 0.0}}",Morgan Stanley,Financials
Q0062,F02_null_statt_fehlend,fehler,MS,scope1_t,2023.0,0.0,"Exakt 0 t trotz zugeordneter Anlage: Anlage gemeldet, aber keine Emissionsmenge -- möglich nach Off-Ramp 40 CFR 98.2(i). 0 bedeutet hier 'nicht gemessen', nicht 'emissionsfrei'.",0.0,True,"{""anlagen"": 2, ""anlagentypen"": [], ""geliefert_t"": 0.0, ""vorjahr_t"": 0.0, ""zeitreihe_scope1"": {""2018"": 111479.898, ""2019"": 0.0, ""2020"": 0.0, ""2021"": 0.0, ""2022"": 0.0, ""2023"": 0.0}}",Morgan Stanley,Financials
Q0063,F02_null_statt_fehlend,fehler,NSC,scope1_t,2021.0,0.0,"Exakt 0 t trotz zugeordneter Anlage: Anlage gemeldet, aber keine Emissionsmenge -- möglich nach Off-Ramp 40 CFR 98.2(i). 0 bedeutet hier 'nicht gemessen', nicht 'emissionsfrei'.",12121.504,True,"{""anlagen"": 1, ""anlagentypen"": [], ""geliefert_t"": 0.0, ""vorjahr_t"": 12121.504, ""zeitreihe_scope1"": {""2018"": 15368.192, ""2019"": 13966.848, ""2020"": 12121.504, ""2021"": 0.0, ""2022"": 0.0, ""2023"": 0.0}}",Norfolk Southern,Industrials
Q0064,F02_null_statt_fehlend,fehler,NSC,scope1_t,2022.0,0.0,"Exakt 0 t trotz zugeordneter Anlage: Anlage gemeldet, aber keine Emissionsmenge -- möglich nach Off-Ramp 40 CFR 98.2(i). 0 bedeutet hier 'nicht gemessen', nicht 'emissionsfrei'.",0.0,True,"{""anlagen"": 1, ""anlagentypen"": [], ""geliefert_t"": 0.0, ""vorjahr_t"": 0.0, ""zeitreihe_scope1"": {""2018"": 15368.192, ""2019"": 13966.848, ""2020"": 12121.504, ""2021"": 0.0, ""2022"": 0.0, ""2023"": 0.0}}",Norfolk Southern,Industrials
Q0065,F02_null_statt_fehlend,fehler,NSC,scope1_t,2023.0,0.0,"Exakt 0 t trotz zugeordneter Anlage: Anlage gemeldet, aber keine Emissionsmenge -- möglich nach Off-Ramp 40 CFR 98.2(i). 0 bedeutet hier 'nicht gemessen', nicht 'emissionsfrei'.",0.0,True,"{""anlagen"": 1, ""anlagentypen"": [], ""geliefert_t"": 0.0, ""vorjahr_t"": 0.0, ""zeitreihe_scope1"": {""2018"": 15368.192, ""2019"": 13966.848, ""2020"": 12121.504, ""2021"": 0.0, ""2022"": 0.0, ""2023"": 0.0}}",Norfolk Southern,Industrials
Q0066,F02_null_statt_fehlend,fehler,SJM,scope1_t,2023.0,0.0,"Exakt 0 t trotz zugeordneter Anlage: Anlage gemeldet, aber keine Emissionsmenge -- möglich nach Off-Ramp 40 CFR 98.2(i). 0 bedeutet hier 'nicht gemessen', nicht 'emissionsfrei'.",22250.916,True,"{""anlagen"": 1, ""anlagentypen"": [], ""geliefert_t"": 0.0, ""vorjahr_t"": 22250.916, ""zeitreihe_scope1"": {""2018"": 23006.564, ""2019"": 23912.46, ""2020"": 23380.912, ""2021"": 24395.308, ""2022"": 22250.916, ""2023"": 0.0}}",J.M. Smucker Company (The),Consumer Staples
Q0067,F02_null_statt_fehlend,fehler,T,scope1_t,2018.0,0.0,"Exakt 0 t trotz zugeordneter Anlage: Anlage gemeldet, aber keine Emissionsmenge -- möglich nach Off-Ramp 40 CFR 98.2(i). 0 bedeutet hier 'nicht gemessen', nicht 'emissionsfrei'.",0.0,True,"{""anlagen"": 1, ""anlagentypen"": [], ""geliefert_t"": 0.0, ""vorjahr_t"": null, ""zeitreihe_scope1"": {""2018"": 0.0, ""2019"": 0.0, ""2020"": 0.0, ""2021"": 0.0, ""2022"": 0.0, ""2023"": 0.0}}",AT&T,Communication Services
Q0068,F02_null_statt_fehlend,fehler,T,scope1_t,2019.0,0.0,"Exakt 0 t trotz zugeordneter Anlage: Anlage gemeldet, aber keine Emissionsmenge -- möglich nach Off-Ramp 40 CFR 98.2(i). 0 bedeutet hier 'nicht gemessen', nicht 'emissionsfrei'.",0.0,True,"{""anlagen"": 1, ""anlagentypen"": [], ""geliefert_t"": 0.0, ""vorjahr_t"": 0.0, ""zeitreihe_scope1"": {""2018"": 0.0, ""2019"": 0.0, ""2020"": 0.0, ""2021"": 0.0, ""2022"": 0.0, ""2023"": 0.0}}",AT&T,Communication Services
Q0069,F02_null_statt_fehlend,fehler,T,scope1_t,2020.0,0.0,"Exakt 0 t trotz zugeordneter Anlage: Anlage gemeldet, aber keine Emissionsmenge -- möglich nach Off-Ramp 40 CFR 98.2(i). 0 bedeutet hier 'nicht gemessen', nicht 'emissionsfrei'.",0.0,True,"{""anlagen"": 1, ""anlagentypen"": [], ""geliefert_t"": 0.0, ""vorjahr_t"": 0.0, ""zeitreihe_scope1"": {""2018"": 0.0, ""2019"": 0.0, ""2020"": 0.0, ""2021"": 0.0, ""2022"": 0.0, ""2023"": 0.0}}",AT&T,Communication Services
Q0070,F02_null_statt_fehlend,fehler,T,scope1_t,2021.0,0.0,"Exakt 0 t trotz zugeordneter Anlage: Anlage gemeldet, aber keine Emissionsmenge -- möglich nach Off-Ramp 40 CFR 98.2(i). 0 bedeutet hier 'nicht gemessen', nicht 'emissionsfrei'.",0.0,True,"{""anlagen"": 1, ""anlagentypen"": [], ""geliefert_t"": 0.0, ""vorjahr_t"": 0.0, ""zeitreihe_scope1"": {""2018"": 0.0, ""2019"": 0.0, ""2020"": 0.0, ""2021"": 0.0, ""2022"": 0.0, ""2023"": 0.0}}",AT&T,Communication Services
Q0071,F02_null_statt_fehlend,fehler,T,scope1_t,2022.0,0.0,"Exakt 0 t trotz zugeordneter Anlage: Anlage gemeldet, aber keine Emissionsmenge -- möglich nach Off-Ramp 40 CFR 98.2(i). 0 bedeutet hier 'nicht gemessen', nicht 'emissionsfrei'.",0.0,True,"{""anlagen"": 1, ""anlagentypen"": [], ""geliefert_t"": 0.0, ""vorjahr_t"": 0.0, ""zeitreihe_scope1"": {""2018"": 0.0, ""2019"": 0.0, ""2020"": 0.0, ""2021"": 0.0, ""2022"": 0.0, ""2023"": 0.0}}",AT&T,Communication Services
Q0072,F02_null_statt_fehlend,fehler,T,scope1_t,2023.0,0.0,"Exakt 0 t trotz zugeordneter Anlage: Anlage gemeldet, aber keine Emissionsmenge -- möglich nach Off-Ramp 40 CFR 98.2(i). 0 bedeutet hier 'nicht gemessen', nicht 'emissionsfrei'.",0.0,True,"{""anlagen"": 1, ""anlagentypen"": [], ""geliefert_t"": 0.0, ""vorjahr_t"": 0.0, ""zeitreihe_scope1"": {""2018"": 0.0, ""2019"": 0.0, ""2020"": 0.0, ""2021"": 0.0, ""2022"": 0.0, ""2023"": 0.0}}",AT&T,Communication Services
Q0073,F02_null_statt_fehlend,fehler,TGT,scope1_t,2018.0,0.0,"Exakt 0 t trotz zugeordneter Anlage: Anlage gemeldet, aber keine Emissionsmenge -- möglich nach Off-Ramp 40 CFR 98.2(i). 0 bedeutet hier 'nicht gemessen', nicht 'emissionsfrei'.",0.0,True,"{""anlagen"": 1, ""anlagentypen"": [""Supplier""], ""geliefert_t"": 0.0, ""vorjahr_t"": null, ""zeitreihe_scope1"": {""2018"": 0.0, ""2019"": 0.0, ""2020"": 0.0, ""2021"": 0.0, ""2022"": 0.0, ""2023"": 0.0}}",Target Corporation,Consumer Staples
Q0074,F02_null_statt_fehlend,fehler,TGT,scope1_t,2019.0,0.0,"Exakt 0 t trotz zugeordneter Anlage: Anlage gemeldet, aber keine Emissionsmenge -- möglich nach Off-Ramp 40 CFR 98.2(i). 0 bedeutet hier 'nicht gemessen', nicht 'emissionsfrei'.",0.0,True,"{""anlagen"": 1, ""anlagentypen"": [""Supplier""], ""geliefert_t"": 0.0, ""vorjahr_t"": 0.0, ""zeitreihe_scope1"": {""2018"": 0.0, ""2019"": 0.0, ""2020"": 0.0, ""2021"": 0.0, ""2022"": 0.0, ""2023"": 0.0}}",Target Corporation,Consumer Staples
Q0075,F02_null_statt_fehlend,fehler,TGT,scope1_t,2020.0,0.0,"Exakt 0 t trotz zugeordneter Anlage: Anlage gemeldet, aber keine Emissionsmenge -- möglich nach Off-Ramp 40 CFR 98.2(i). 0 bedeutet hier 'nicht gemessen', nicht 'emissionsfrei'.",0.0,True,"{""anlagen"": 1, ""anlagentypen"": [""Supplier""], ""geliefert_t"": 0.0, ""vorjahr_t"": 0.0, ""zeitreihe_scope1"": {""2018"": 0.0, ""2019"": 0.0, ""2020"": 0.0, ""2021"": 0.0, ""2022"": 0.0, ""2023"": 0.0}}",Target Corporation,Consumer Staples
Q0076,F02_null_statt_fehlend,fehler,TGT,scope1_t,2021.0,0.0,"Exakt 0 t trotz zugeordneter Anlage: Anlage gemeldet, aber keine Emissionsmenge -- möglich nach Off-Ramp 40 CFR 98.2(i). 0 bedeutet hier 'nicht gemessen', nicht 'emissionsfrei'.",0.0,True,"{""anlagen"": 1, ""anlagentypen"": [""Supplier""], ""geliefert_t"": 0.0, ""vorjahr_t"": 0.0, ""zeitreihe_scope1"": {""2018"": 0.0, ""2019"": 0.0, ""2020"": 0.0, ""2021"": 0.0, ""2022"": 0.0, ""2023"": 0.0}}",Target Corporation,Consumer Staples
Q0077,F02_null_statt_fehlend,fehler,TGT,scope1_t,2022.0,0.0,"Exakt 0 t trotz zugeordneter Anlage: Anlage gemeldet, aber keine Emissionsmenge -- möglich nach Off-Ramp 40 CFR 98.2(i). 0 bedeutet hier 'nicht gemessen', nicht 'emissionsfrei'.",0.0,True,"{""anlagen"": 1, ""anlagentypen"": [""Supplier""], ""geliefert_t"": 0.0, ""vorjahr_t"": 0.0, ""zeitreihe_scope1"": {""2018"": 0.0, ""2019"": 0.0, ""2020"": 0.0, ""2021"": 0.0, ""2022"": 0.0, ""2023"": 0.0}}",Target Corporation,Consumer Staples
Q0078,F02_null_statt_fehlend,fehler,TGT,scope1_t,2023.0,0.0,"Exakt 0 t trotz zugeordneter Anlage: Anlage gemeldet, aber keine Emissionsmenge -- möglich nach Off-Ramp 40 CFR 98.2(i). 0 bedeutet hier 'nicht gemessen', nicht 'emissionsfrei'.",0.0,True,"{""anlagen"": 1, ""anlagentypen"": [""Supplier""], ""geliefert_t"": 0.0, ""vorjahr_t"": 0.0, ""zeitreihe_scope1"": {""2018"": 0.0, ""2019"": 0.0, ""2020"": 0.0, ""2021"": 0.0, ""2022"": 0.0, ""2023"": 0.0}}",Target Corporation,Consumer Staples
Q0079,F02_null_statt_fehlend,fehler,TT,scope1_t,2020.0,0.0,"Exakt 0 t trotz zugeordneter Anlage: Anlage gemeldet, aber keine Emissionsmenge -- möglich nach Off-Ramp 40 CFR 98.2(i). 0 bedeutet hier 'nicht gemessen', nicht 'emissionsfrei'.",0.0,True,"{""anlagen"": 1, ""anlagentypen"": [""Supplier""], ""geliefert_t"": 0.0, ""vorjahr_t"": null, ""zeitreihe_scope1"": {""2020"": 0.0, ""2021"": 0.0, ""2022"": 0.0, ""2023"": 0.0}}",Trane Technologies,Industrials
Q0080,F02_null_statt_fehlend,fehler,TT,scope1_t,2021.0,0.0,"Exakt 0 t trotz zugeordneter Anlage: Anlage gemeldet, aber keine Emissionsmenge -- möglich nach Off-Ramp 40 CFR 98.2(i). 0 bedeutet hier 'nicht gemessen', nicht 'emissionsfrei'.",0.0,True,"{""anlagen"": 1, ""anlagentypen"": [""Supplier""], ""geliefert_t"": 0.0, ""vorjahr_t"": 0.0, ""zeitreihe_scope1"": {""2020"": 0.0, ""2021"": 0.0, ""2022"": 0.0, ""2023"": 0.0}}",Trane Technologies,Industrials
Q0081,F02_null_statt_fehlend,fehler,TT,scope1_t,2022.0,0.0,"Exakt 0 t trotz zugeordneter Anlage: Anlage gemeldet, aber keine Emissionsmenge -- möglich nach Off-Ramp 40 CFR 98.2(i). 0 bedeutet hier 'nicht gemessen', nicht 'emissionsfrei'.",0.0,True,"{""anlagen"": 1, ""anlagentypen"": [""Supplier""], ""geliefert_t"": 0.0, ""vorjahr_t"": 0.0, ""zeitreihe_scope1"": {""2020"": 0.0, ""2021"": 0.0, ""2022"": 0.0, ""2023"": 0.0}}",Trane Technologies,Industrials
Q0082,F02_null_statt_fehlend,fehler,TT,scope1_t,2023.0,0.0,"Exakt 0 t trotz zugeordneter Anlage: Anlage gemeldet, aber keine Emissionsmenge -- möglich nach Off-Ramp 40 CFR 98.2(i). 0 bedeutet hier 'nicht gemessen', nicht 'emissionsfrei'.",0.0,True,"{""anlagen"": 2, ""anlagentypen"": [""Supplier""], ""geliefert_t"": 0.0, ""vorjahr_t"": 0.0, ""zeitreihe_scope1"": {""2020"": 0.0, ""2021"": 0.0, ""2022"": 0.0, ""2023"": 0.0}}",Trane Technologies,Industrials
Q0083,F02_null_statt_fehlend,fehler,WHR,scope1_t,2020.0,0.0,"Exakt 0 t trotz zugeordneter Anlage: Anlage gemeldet, aber keine Emissionsmenge -- möglich nach Off-Ramp 40 CFR 98.2(i). 0 bedeutet hier 'nicht gemessen', nicht 'emissionsfrei'.",22835.564,False,"{""anlagen"": 3, ""anlagentypen"": [""Supplier""], ""geliefert_t"": 0.0, ""vorjahr_t"": 22835.564, ""zeitreihe_scope1"": {}}",,
Q0084,F02_null_statt_fehlend,fehler,WHR,scope1_t,2021.0,0.0,"Exakt 0 t trotz zugeordneter Anlage: Anlage gemeldet, aber keine Emissionsmenge -- möglich nach Off-Ramp 40 CFR 98.2(i). 0 bedeutet hier 'nicht gemessen', nicht 'emissionsfrei'.",0.0,False,"{""anlagen"": 3, ""anlagentypen"": [""Supplier""], ""geliefert_t"": 0.0, ""vorjahr_t"": 0.0, ""zeitreihe_scope1"": {}}",,
Q0085,F02_null_statt_fehlend,fehler,WHR,scope1_t,2022.0,0.0,"Exakt 0 t trotz zugeordneter Anlage: Anlage gemeldet, aber keine Emissionsmenge -- möglich nach Off-Ramp 40 CFR 98.2(i). 0 bedeutet hier 'nicht gemessen', nicht 'emissionsfrei'.",0.0,False,"{""anlagen"": 3, ""anlagentypen"": [""Supplier""], ""geliefert_t"": 0.0, ""vorjahr_t"": 0.0, ""zeitreihe_scope1"": {}}",,
Q0086,F02_null_statt_fehlend,fehler,WHR,scope1_t,2023.0,0.0,"Exakt 0 t trotz zugeordneter Anlage: Anlage gemeldet, aber keine Emissionsmenge -- möglich nach Off-Ramp 40 CFR 98.2(i). 0 bedeutet hier 'nicht gemessen', nicht 'emissionsfrei'.",0.0,False,"{""anlagen"": 3, ""anlagentypen"": [""Supplier""], ""geliefert_t"": 0.0, ""vorjahr_t"": 0.0, ""zeitreihe_scope1"": {}}",,
Q0087,F03_campd_programm_ohne_co2,fehler,ADM,campd_co2_t,2019.0,0.0,"0 t CO2, weil die Anlagen nur in Programmen ohne CO2-Pflicht melden (SIPNOX). Die Größe wird nicht gemessen.",0.0,False,"{""anlagen"": [""Archer Daniels Midland Co."", ""BioUrja Renewables - Peoria, IL""], ""programme"": [""SIPNOX""], ""last_mwh"": 0.0}",Archer Daniels Midland,Consumer Staples
Q0088,F03_campd_programm_ohne_co2,fehler,ADM,campd_co2_t,2020.0,0.0,"0 t CO2, weil die Anlagen nur in Programmen ohne CO2-Pflicht melden (SIPNOX). Die Größe wird nicht gemessen.",0.0,False,"{""anlagen"": [""Archer Daniels Midland Co."", ""BioUrja Renewables - Peoria, IL""], ""programme"": [""SIPNOX""], ""last_mwh"": 0.0}",Archer Daniels Midland,Consumer Staples
Q0089,F03_campd_programm_ohne_co2,fehler,ADM,campd_co2_t,2021.0,0.0,"0 t CO2, weil die Anlagen nur in Programmen ohne CO2-Pflicht melden (SIPNOX). Die Größe wird nicht gemessen.",0.0,False,"{""anlagen"": [""Archer Daniels Midland Co."", ""BioUrja Renewables - Peoria, IL""], ""programme"": [""SIPNOX""], ""last_mwh"": 0.0}",Archer Daniels Midland,Consumer Staples
Q0090,F03_campd_programm_ohne_co2,fehler,ADM,campd_co2_t,2022.0,0.0,"0 t CO2, weil die Anlagen nur in Programmen ohne CO2-Pflicht melden (SIPNOX). Die Größe wird nicht gemessen.",0.0,False,"{""anlagen"": [""Archer Daniels Midland Co.""], ""programme"": [""SIPNOX""], ""last_mwh"": 0.0}",Archer Daniels Midland,Consumer Staples
Q0091,F03_campd_programm_ohne_co2,fehler,ADM,campd_co2_t,2023.0,0.0,"0 t CO2, weil die Anlagen nur in Programmen ohne CO2-Pflicht melden (SIPNOX). Die Größe wird nicht gemessen.",0.0,False,"{""anlagen"": [""Archer Daniels Midland Co.""], ""programme"": [""SIPNOX""], ""last_mwh"": 0.0}",Archer Daniels Midland,Consumer Staples
Q0092,F03_campd_programm_ohne_co2,fehler,ADM,campd_co2_t,2024.0,0.0,"0 t CO2, weil die Anlagen nur in Programmen ohne CO2-Pflicht melden (SIPNOX). Die Größe wird nicht gemessen.",0.0,False,"{""anlagen"": [""Archer Daniels Midland Co.""], ""programme"": [""SIPNOX""], ""last_mwh"": 0.0}",Archer Daniels Midland,Consumer Staples
Q0093,F03_campd_programm_ohne_co2,fehler,ADM,campd_co2_t,2025.0,0.0,"0 t CO2, weil die Anlagen nur in Programmen ohne CO2-Pflicht melden (SIPNOX). Die Größe wird nicht gemessen.",0.0,False,"{""anlagen"": [""Archer Daniels Midland Co.""], ""programme"": [""SIPNOX""], ""last_mwh"": 0.0}",Archer Daniels Midland,Consumer Staples
Q0094,F03_campd_programm_ohne_co2,fehler,ADM,campd_co2_t,2026.0,0.0,"0 t CO2, weil die Anlagen nur in Programmen ohne CO2-Pflicht melden (SIPNOX). Die Größe wird nicht gemessen.",0.0,False,"{""anlagen"": [""Archer Daniels Midland Co.""], ""programme"": [""SIPNOX""], ""last_mwh"": 0.0}",Archer Daniels Midland,Consumer Staples
Q0095,F03_campd_programm_ohne_co2,fehler,CE,campd_co2_t,2019.0,0.0,"0 t CO2, weil die Anlagen nur in Programmen ohne CO2-Pflicht melden (SIPNOX). Die Größe wird nicht gemessen.",0.0,False,"{""anlagen"": [""Celanese Acetate LLC""], ""programme"": [""SIPNOX""], ""last_mwh"": 0.0}",,
Q0096,F03_campd_programm_ohne_co2,fehler,CE,campd_co2_t,2020.0,0.0,"0 t CO2, weil die Anlagen nur in Programmen ohne CO2-Pflicht melden (SIPNOX). Die Größe wird nicht gemessen.",0.0,False,"{""anlagen"": [""Celanese Acetate LLC""], ""programme"": [""SIPNOX""], ""last_mwh"": 0.0}",,
Q0097,F03_campd_programm_ohne_co2,fehler,CE,campd_co2_t,2021.0,0.0,"0 t CO2, weil die Anlagen nur in Programmen ohne CO2-Pflicht melden (SIPNOX). Die Größe wird nicht gemessen.",0.0,False,"{""anlagen"": [""Celanese Acetate LLC""], ""programme"": [""SIPNOX""], ""last_mwh"": 0.0}",,
Q0098,F03_campd_programm_ohne_co2,fehler,CE,campd_co2_t,2022.0,0.0,"0 t CO2, weil die Anlagen nur in Programmen ohne CO2-Pflicht melden (SIPNOX). Die Größe wird nicht gemessen.",0.0,False,"{""anlagen"": [""Celanese Acetate LLC""], ""programme"": [""SIPNOX""], ""last_mwh"": 0.0}",,
Q0099,F03_campd_programm_ohne_co2,fehler,CE,campd_co2_t,2023.0,0.0,"0 t CO2, weil die Anlagen nur in Programmen ohne CO2-Pflicht melden (SIPNOX). Die Größe wird nicht gemessen.",0.0,False,"{""anlagen"": [""Celanese Acetate LLC""], ""programme"": [""SIPNOX""], ""last_mwh"": 0.0}",,
Q0100,F03_campd_programm_ohne_co2,fehler,CE,campd_co2_t,2024.0,0.0,"0 t CO2, weil die Anlagen nur in Programmen ohne CO2-Pflicht melden (SIPNOX). Die Größe wird nicht gemessen.",0.0,False,"{""anlagen"": [""Celanese Acetate LLC""], ""programme"": [""SIPNOX""], ""last_mwh"": 0.0}",,
Q0101,F03_campd_programm_ohne_co2,fehler,CE,campd_co2_t,2025.0,0.0,"0 t CO2, weil die Anlagen nur in Programmen ohne CO2-Pflicht melden (SIPNOX). Die Größe wird nicht gemessen.",0.0,False,"{""anlagen"": [""Celanese Acetate LLC""], ""programme"": [""SIPNOX""], ""last_mwh"": 0.0}",,
Q0102,F03_campd_programm_ohne_co2,fehler,CE,campd_co2_t,2026.0,0.0,"0 t CO2, weil die Anlagen nur in Programmen ohne CO2-Pflicht melden (SIPNOX). Die Größe wird nicht gemessen.",0.0,False,"{""anlagen"": [""Celanese Acetate LLC""], ""programme"": [""SIPNOX""], ""last_mwh"": 0.0}",,
Q0103,F03_campd_programm_ohne_co2,fehler,CTVA,campd_co2_t,2022.0,0.0,"0 t CO2, weil die Anlagen nur in Programmen ohne CO2-Pflicht melden (SIPNOX). Die Größe wird nicht gemessen.",0.0,False,"{""anlagen"": [""Corteva Agriscience LLC""], ""programme"": [""SIPNOX""], ""last_mwh"": 0.0}",Corteva,Materials
Q0104,F03_campd_programm_ohne_co2,fehler,CTVA,campd_co2_t,2023.0,0.0,"0 t CO2, weil die Anlagen nur in Programmen ohne CO2-Pflicht melden (SIPNOX). Die Größe wird nicht gemessen.",0.0,False,"{""anlagen"": [""Corteva Agriscience LLC""], ""programme"": [""SIPNOX""], ""last_mwh"": 0.0}",Corteva,Materials
Q0105,F03_campd_programm_ohne_co2,fehler,CTVA,campd_co2_t,2024.0,0.0,"0 t CO2, weil die Anlagen nur in Programmen ohne CO2-Pflicht melden (SIPNOX). Die Größe wird nicht gemessen.",0.0,False,"{""anlagen"": [""Corteva Agriscience LLC""], ""programme"": [""SIPNOX""], ""last_mwh"": 0.0}",Corteva,Materials
Q0106,F03_campd_programm_ohne_co2,fehler,CTVA,campd_co2_t,2025.0,0.0,"0 t CO2, weil die Anlagen nur in Programmen ohne CO2-Pflicht melden (SIPNOX). Die Größe wird nicht gemessen.",0.0,False,"{""anlagen"": [""Corteva Agriscience LLC""], ""programme"": [""SIPNOX""], ""last_mwh"": 0.0}",Corteva,Materials
Q0107,F03_campd_programm_ohne_co2,fehler,CTVA,campd_co2_t,2026.0,0.0,"0 t CO2, weil die Anlagen nur in Programmen ohne CO2-Pflicht melden (SIPNOX). Die Größe wird nicht gemessen.",0.0,False,"{""anlagen"": [""Corteva Agriscience LLC""], ""programme"": [""SIPNOX""], ""last_mwh"": 0.0}",Corteva,Materials
Q0108,F03_campd_programm_ohne_co2,fehler,EMN,campd_co2_t,2019.0,0.0,"0 t CO2, weil die Anlagen nur in Programmen ohne CO2-Pflicht melden (SIPNOX). Die Größe wird nicht gemessen.",0.0,False,"{""anlagen"": [""Eastman Chemical Company""], ""programme"": [""SIPNOX""], ""last_mwh"": 0.0}",,
Q0109,F03_campd_programm_ohne_co2,fehler,EMN,campd_co2_t,2020.0,0.0,"0 t CO2, weil die Anlagen nur in Programmen ohne CO2-Pflicht melden (SIPNOX). Die Größe wird nicht gemessen.",0.0,False,"{""anlagen"": [""Eastman Chemical Company""], ""programme"": [""SIPNOX""], ""last_mwh"": 0.0}",,
Q0110,F03_campd_programm_ohne_co2,fehler,EMN,campd_co2_t,2021.0,0.0,"0 t CO2, weil die Anlagen nur in Programmen ohne CO2-Pflicht melden (SIPNOX). Die Größe wird nicht gemessen.",0.0,False,"{""anlagen"": [""Eastman Chemical Company""], ""programme"": [""SIPNOX""], ""last_mwh"": 0.0}",,
Q0111,F03_campd_programm_ohne_co2,fehler,EMN,campd_co2_t,2022.0,0.0,"0 t CO2, weil die Anlagen nur in Programmen ohne CO2-Pflicht melden (SIPNOX). Die Größe wird nicht gemessen.",0.0,False,"{""anlagen"": [""Eastman Chemical Company""], ""programme"": [""SIPNOX""], ""last_mwh"": 0.0}",,
Q0112,F03_campd_programm_ohne_co2,fehler,EMN,campd_co2_t,2023.0,0.0,"0 t CO2, weil die Anlagen nur in Programmen ohne CO2-Pflicht melden (SIPNOX). Die Größe wird nicht gemessen.",0.0,False,"{""anlagen"": [""Eastman Chemical Company""], ""programme"": [""SIPNOX""], ""last_mwh"": 0.0}",,
Q0113,F03_campd_programm_ohne_co2,fehler,EMN,campd_co2_t,2024.0,0.0,"0 t CO2, weil die Anlagen nur in Programmen ohne CO2-Pflicht melden (SIPNOX). Die Größe wird nicht gemessen.",0.0,False,"{""anlagen"": [""Eastman Chemical Company""], ""programme"": [""SIPNOX""], ""last_mwh"": 0.0}",,
Q0114,F03_campd_programm_ohne_co2,fehler,EMN,campd_co2_t,2025.0,0.0,"0 t CO2, weil die Anlagen nur in Programmen ohne CO2-Pflicht melden (SIPNOX). Die Größe wird nicht gemessen.",0.0,False,"{""anlagen"": [""Eastman Chemical Company""], ""programme"": [""SIPNOX""], ""last_mwh"": 0.0}",,
Q0115,F03_campd_programm_ohne_co2,fehler,EMN,campd_co2_t,2026.0,0.0,"0 t CO2, weil die Anlagen nur in Programmen ohne CO2-Pflicht melden (SIPNOX). Die Größe wird nicht gemessen.",0.0,False,"{""anlagen"": [""Eastman Chemical Company""], ""programme"": [""SIPNOX""], ""last_mwh"": 0.0}",,
Q0116,F03_campd_programm_ohne_co2,fehler,GE,campd_co2_t,2019.0,0.0,"0 t CO2, weil die Anlagen nur in Programmen ohne CO2-Pflicht melden (SIPNOX). Die Größe wird nicht gemessen.",0.0,False,"{""anlagen"": [""General Electric Aircraft""], ""programme"": [""SIPNOX""], ""last_mwh"": 0.0}",GE Aerospace,Industrials
Q0117,F03_campd_programm_ohne_co2,fehler,GE,campd_co2_t,2020.0,0.0,"0 t CO2, weil die Anlagen nur in Programmen ohne CO2-Pflicht melden (nan). Die Größe wird nicht gemessen.",0.0,False,"{""anlagen"": [""General Electric Aircraft""], ""programme"": [""nan""], ""last_mwh"": 0.0}",GE Aerospace,Industrials
Q0118,F03_campd_programm_ohne_co2,fehler,HON,campd_co2_t,2019.0,0.0,"0 t CO2, weil die Anlagen nur in Programmen ohne CO2-Pflicht melden (SIPNOX). Die Größe wird nicht gemessen.",0.0,False,"{""anlagen"": [""AdvanSix Resins & Chemicals LLC""], ""programme"": [""SIPNOX""], ""last_mwh"": 0.0}",Honeywell Technologies,Industrials
Q0119,F03_campd_programm_ohne_co2,fehler,HON,campd_co2_t,2020.0,0.0,"0 t CO2, weil die Anlagen nur in Programmen ohne CO2-Pflicht melden (SIPNOX). Die Größe wird nicht gemessen.",0.0,False,"{""anlagen"": [""AdvanSix Resins & Chemicals LLC""], ""programme"": [""SIPNOX""], ""last_mwh"": 0.0}",Honeywell Technologies,Industrials
Q0120,F03_campd_programm_ohne_co2,fehler,HON,campd_co2_t,2021.0,0.0,"0 t CO2, weil die Anlagen nur in Programmen ohne CO2-Pflicht melden (SIPNOX). Die Größe wird nicht gemessen.",0.0,False,"{""anlagen"": [""AdvanSix Resins & Chemicals LLC""], ""programme"": [""SIPNOX""], ""last_mwh"": 0.0}",Honeywell Technologies,Industrials
Q0121,F03_campd_programm_ohne_co2,fehler,IP,campd_co2_t,2019.0,0.0,"0 t CO2, weil die Anlagen nur in Programmen ohne CO2-Pflicht melden (SIPNOX). Die Größe wird nicht gemessen.",0.0,False,"{""anlagen"": [""International Paper-Eastover Mill"", ""International Paper-Prattville Mill"", ""International Paper-Riverdale Mill"", ""Ticonderoga Mill""], ""programme"": [""SIPNOX""], ""last_mwh"": 101085.75}",International Paper,Materials
Q0122,F03_campd_programm_ohne_co2,fehler,IP,campd_co2_t,2020.0,0.0,"0 t CO2, weil die Anlagen nur in Programmen ohne CO2-Pflicht melden (SIPNOX). Die Größe wird nicht gemessen.",0.0,False,"{""anlagen"": [""International Paper-Eastover Mill"", ""International Paper-Prattville Mill"", ""International Paper-Riverdale Mill"", ""Ticonderoga Mill""], ""programme"": [""SIPNOX""], ""last_mwh"": 64748.81}",International Paper,Materials
Q0123,F03_campd_programm_ohne_co2,fehler,IP,campd_co2_t,2021.0,0.0,"0 t CO2, weil die Anlagen nur in Programmen ohne CO2-Pflicht melden (SIPNOX). Die Größe wird nicht gemessen.",0.0,False,"{""anlagen"": [""International Paper-Eastover Mill"", ""International Paper-Prattville Mill"", ""International Paper-Riverdale Mill""], ""programme"": [""SIPNOX""], ""last_mwh"": 113768.98}",International Paper,Materials
Q0124,F03_campd_programm_ohne_co2,fehler,IP,campd_co2_t,2022.0,0.0,"0 t CO2, weil die Anlagen nur in Programmen ohne CO2-Pflicht melden (SIPNOX). Die Größe wird nicht gemessen.",0.0,False,"{""anlagen"": [""International Paper-Riverdale Mill""], ""programme"": [""SIPNOX""], ""last_mwh"": 18032.7}",International Paper,Materials
Q0125,F03_campd_programm_ohne_co2,fehler,IP,campd_co2_t,2025.0,0.0,"0 t CO2, weil die Anlagen nur in Programmen ohne CO2-Pflicht melden (SIPNOX). Die Größe wird nicht gemessen.",0.0,False,"{""anlagen"": [""International Paper New Bern Mill""], ""programme"": [""SIPNOX""], ""last_mwh"": 0.0}",International Paper,Materials
Q0126,F03_campd_programm_ohne_co2,fehler,IP,campd_co2_t,2026.0,0.0,"0 t CO2, weil die Anlagen nur in Programmen ohne CO2-Pflicht melden (SIPNOX). Die Größe wird nicht gemessen.",0.0,False,"{""anlagen"": [""International Paper New Bern Mill""], ""programme"": [""SIPNOX""], ""last_mwh"": 0.0}",International Paper,Materials
Q0127,F03_campd_programm_ohne_co2,fehler,KMB,campd_co2_t,2019.0,0.0,"0 t CO2, weil die Anlagen nur in Programmen ohne CO2-Pflicht melden (SIPNOX). Die Größe wird nicht gemessen.",0.0,False,"{""anlagen"": [""Kimberly-Clark Tissue Company""], ""programme"": [""SIPNOX""], ""last_mwh"": 0.0}",Kimberly-Clark,Consumer Staples
Q0128,F03_campd_programm_ohne_co2,fehler,KMB,campd_co2_t,2020.0,0.0,"0 t CO2, weil die Anlagen nur in Programmen ohne CO2-Pflicht melden (SIPNOX). Die Größe wird nicht gemessen.",0.0,False,"{""anlagen"": [""Kimberly-Clark Tissue Company""], ""programme"": [""SIPNOX""], ""last_mwh"": 0.0}",Kimberly-Clark,Consumer Staples
Q0129,F03_campd_programm_ohne_co2,fehler,MPC,campd_co2_t,2019.0,0.0,"0 t CO2, weil die Anlagen nur in Programmen ohne CO2-Pflicht melden (SIPNOX). Die Größe wird nicht gemessen.",0.0,False,"{""anlagen"": [""Marathon Petroleum Company LP""], ""programme"": [""SIPNOX""], ""last_mwh"": 0.0}",Marathon Petroleum,Energy
Q0130,F03_campd_programm_ohne_co2,fehler,MPC,campd_co2_t,2020.0,0.0,"0 t CO2, weil die Anlagen nur in Programmen ohne CO2-Pflicht melden (SIPNOX). Die Größe wird nicht gemessen.",0.0,False,"{""anlagen"": [""Marathon Petroleum Company LP""], ""programme"": [""SIPNOX""], ""last_mwh"": 0.0}",Marathon Petroleum,Energy
Q0131,F03_campd_programm_ohne_co2,fehler,MPC,campd_co2_t,2021.0,0.0,"0 t CO2, weil die Anlagen nur in Programmen ohne CO2-Pflicht melden (SIPNOX). Die Größe wird nicht gemessen.",0.0,False,"{""anlagen"": [""Marathon Petroleum Company LP""], ""programme"": [""SIPNOX""], ""last_mwh"": 0.0}",Marathon Petroleum,Energy
Q0132,F03_campd_programm_ohne_co2,fehler,MPC,campd_co2_t,2022.0,0.0,"0 t CO2, weil die Anlagen nur in Programmen ohne CO2-Pflicht melden (SIPNOX). Die Größe wird nicht gemessen.",0.0,False,"{""anlagen"": [""Marathon Petroleum Company LP""], ""programme"": [""SIPNOX""], ""last_mwh"": 0.0}",Marathon Petroleum,Energy
Q0133,F03_campd_programm_ohne_co2,fehler,MPC,campd_co2_t,2023.0,0.0,"0 t CO2, weil die Anlagen nur in Programmen ohne CO2-Pflicht melden (SIPNOX). Die Größe wird nicht gemessen.",0.0,False,"{""anlagen"": [""Marathon Petroleum Company LP""], ""programme"": [""SIPNOX""], ""last_mwh"": 0.0}",Marathon Petroleum,Energy
Q0134,F03_campd_programm_ohne_co2,fehler,MPC,campd_co2_t,2024.0,0.0,"0 t CO2, weil die Anlagen nur in Programmen ohne CO2-Pflicht melden (SIPNOX). Die Größe wird nicht gemessen.",0.0,False,"{""anlagen"": [""Marathon Petroleum Company LP""], ""programme"": [""SIPNOX""], ""last_mwh"": 0.0}",Marathon Petroleum,Energy
Q0135,F03_campd_programm_ohne_co2,fehler,MPC,campd_co2_t,2025.0,0.0,"0 t CO2, weil die Anlagen nur in Programmen ohne CO2-Pflicht melden (SIPNOX). Die Größe wird nicht gemessen.",0.0,False,"{""anlagen"": [""Marathon Petroleum Company LP""], ""programme"": [""SIPNOX""], ""last_mwh"": 0.0}",Marathon Petroleum,Energy
Q0136,F03_campd_programm_ohne_co2,fehler,MPC,campd_co2_t,2026.0,0.0,"0 t CO2, weil die Anlagen nur in Programmen ohne CO2-Pflicht melden (SIPNOX). Die Größe wird nicht gemessen.",0.0,False,"{""anlagen"": [""Marathon Petroleum Company LP""], ""programme"": [""SIPNOX""], ""last_mwh"": 0.0}",Marathon Petroleum,Energy
Q0137,F03_campd_programm_ohne_co2,fehler,MRK,campd_co2_t,2019.0,0.0,"0 t CO2, weil die Anlagen nur in Programmen ohne CO2-Pflicht melden (SIPNOX). Die Größe wird nicht gemessen.",0.0,False,"{""anlagen"": [""Merck & Company - West Point""], ""programme"": [""SIPNOX""], ""last_mwh"": 288212.45}",Merck & Co.,Health Care
Q0138,F03_campd_programm_ohne_co2,fehler,MRK,campd_co2_t,2020.0,0.0,"0 t CO2, weil die Anlagen nur in Programmen ohne CO2-Pflicht melden (SIPNOX). Die Größe wird nicht gemessen.",0.0,False,"{""anlagen"": [""Merck & Company - West Point""], ""programme"": [""SIPNOX""], ""last_mwh"": 290291.72}",Merck & Co.,Health Care
Q0139,F03_campd_programm_ohne_co2,fehler,MRK,campd_co2_t,2021.0,0.0,"0 t CO2, weil die Anlagen nur in Programmen ohne CO2-Pflicht melden (SIPNOX). Die Größe wird nicht gemessen.",0.0,False,"{""anlagen"": [""Merck & Company - West Point""], ""programme"": [""SIPNOX""], ""last_mwh"": 299285.51}",Merck & Co.,Health Care
Q0140,F03_campd_programm_ohne_co2,fehler,MRK,campd_co2_t,2022.0,0.0,"0 t CO2, weil die Anlagen nur in Programmen ohne CO2-Pflicht melden (SIPNOX). Die Größe wird nicht gemessen.",0.0,False,"{""anlagen"": [""Merck & Company - West Point""], ""programme"": [""SIPNOX""], ""last_mwh"": 301480.98}",Merck & Co.,Health Care
Q0141,F03_campd_programm_ohne_co2,fehler,MRK,campd_co2_t,2023.0,0.0,"0 t CO2, weil die Anlagen nur in Programmen ohne CO2-Pflicht melden (SIPNOX). Die Größe wird nicht gemessen.",0.0,False,"{""anlagen"": [""Merck & Company - West Point""], ""programme"": [""SIPNOX""], ""last_mwh"": 289952.24}",Merck & Co.,Health Care
Q0142,F03_campd_programm_ohne_co2,fehler,MRK,campd_co2_t,2024.0,0.0,"0 t CO2, weil die Anlagen nur in Programmen ohne CO2-Pflicht melden (SIPNOX). Die Größe wird nicht gemessen.",0.0,False,"{""anlagen"": [""Merck & Company - West Point""], ""programme"": [""SIPNOX""], ""last_mwh"": 280347.72}",Merck & Co.,Health Care
Q0143,F03_campd_programm_ohne_co2,fehler,MRK,campd_co2_t,2025.0,0.0,"0 t CO2, weil die Anlagen nur in Programmen ohne CO2-Pflicht melden (SIPNOX). Die Größe wird nicht gemessen.",0.0,False,"{""anlagen"": [""Merck & Company - West Point""], ""programme"": [""SIPNOX""], ""last_mwh"": 278394.87}",Merck & Co.,Health Care
Q0144,F03_campd_programm_ohne_co2,fehler,MRK,campd_co2_t,2026.0,0.0,"0 t CO2, weil die Anlagen nur in Programmen ohne CO2-Pflicht melden (SIPNOX). Die Größe wird nicht gemessen.",0.0,False,"{""anlagen"": [""Merck & Company - West Point""], ""programme"": [""SIPNOX""], ""last_mwh"": 155493.1}",Merck & Co.,Health Care
Q0145,F03_campd_programm_ohne_co2,fehler,PG,campd_co2_t,2019.0,0.0,"0 t CO2, weil die Anlagen nur in Programmen ohne CO2-Pflicht melden (SIPNOX). Die Größe wird nicht gemessen.",0.0,False,"{""anlagen"": [""Procter & Gamble Company - Ivorydale"", ""Procter & Gamble Paper Products""], ""programme"": [""SIPNOX""], ""last_mwh"": 384486.87}",Procter & Gamble,Consumer Staples
Q0146,F03_campd_programm_ohne_co2,fehler,PG,campd_co2_t,2020.0,0.0,"0 t CO2, weil die Anlagen nur in Programmen ohne CO2-Pflicht melden (SIPNOX). Die Größe wird nicht gemessen.",0.0,False,"{""anlagen"": [""Procter & Gamble Company - Ivorydale"", ""Procter & Gamble Paper Products""], ""programme"": [""SIPNOX""], ""last_mwh"": 375731.45999999996}",Procter & Gamble,Consumer Staples
Q0147,F03_campd_programm_ohne_co2,fehler,PG,campd_co2_t,2021.0,0.0,"0 t CO2, weil die Anlagen nur in Programmen ohne CO2-Pflicht melden (SIPNOX). Die Größe wird nicht gemessen.",0.0,False,"{""anlagen"": [""Procter & Gamble Paper Products""], ""programme"": [""SIPNOX""], ""last_mwh"": 375138.07999999996}",Procter & Gamble,Consumer Staples
Q0148,F03_campd_programm_ohne_co2,pruefen,PG,campd_co2_t,2022.0,0.0,"0 t CO2 bei Anlagen, deren Programm CO2 verlangt -- Stilllegung, Biomasse oder Fehlzuordnung prüfen.",0.0,False,"{""anlagen"": [""Procter & Gamble Paper Products""], ""programme"": [""RGGI"", ""SIPNOX""], ""last_mwh"": 368956.78}",Procter & Gamble,Consumer Staples
Q0149,F03_campd_programm_ohne_co2,pruefen,PG,campd_co2_t,2023.0,0.0,"0 t CO2 bei Anlagen, deren Programm CO2 verlangt -- Stilllegung, Biomasse oder Fehlzuordnung prüfen.",0.0,False,"{""anlagen"": [""Procter & Gamble Paper Products""], ""programme"": [""RGGI"", ""SIPNOX""], ""last_mwh"": 353029.82}",Procter & Gamble,Consumer Staples
Q0150,F03_campd_programm_ohne_co2,pruefen,PG,campd_co2_t,2024.0,0.0,"0 t CO2 bei Anlagen, deren Programm CO2 verlangt -- Stilllegung, Biomasse oder Fehlzuordnung prüfen.",0.0,False,"{""anlagen"": [""Procter & Gamble Paper Products""], ""programme"": [""RGGI"", ""SIPNOX""], ""last_mwh"": 184257.76}",Procter & Gamble,Consumer Staples
Q0151,F03_campd_programm_ohne_co2,pruefen,PG,campd_co2_t,2025.0,0.0,"0 t CO2 bei Anlagen, deren Programm CO2 verlangt -- Stilllegung, Biomasse oder Fehlzuordnung prüfen.",0.0,False,"{""anlagen"": [""Procter & Gamble Paper Products""], ""programme"": [""RGGI"", ""SIPNOX""], ""last_mwh"": 300258.14}",Procter & Gamble,Consumer Staples
Q0152,F03_campd_programm_ohne_co2,pruefen,PG,campd_co2_t,2026.0,0.0,"0 t CO2 bei Anlagen, deren Programm CO2 verlangt -- Stilllegung, Biomasse oder Fehlzuordnung prüfen.",0.0,False,"{""anlagen"": [""Procter & Gamble Paper Products""], ""programme"": [""RGGI"", ""SIPNOX""], ""last_mwh"": 64712.12}",Procter & Gamble,Consumer Staples
Q0153,F03_campd_programm_ohne_co2,fehler,PKG,campd_co2_t,2019.0,0.0,"0 t CO2, weil die Anlagen nur in Programmen ohne CO2-Pflicht melden (SIPNOX). Die Größe wird nicht gemessen.",0.0,False,"{""anlagen"": [""Packaging Corporation of America""], ""programme"": [""SIPNOX""], ""last_mwh"": 0.0}",Packaging Corporation of America,Materials
Q0154,F03_campd_programm_ohne_co2,fehler,PKG,campd_co2_t,2020.0,0.0,"0 t CO2, weil die Anlagen nur in Programmen ohne CO2-Pflicht melden (SIPNOX). Die Größe wird nicht gemessen.",0.0,False,"{""anlagen"": [""Packaging Corporation of America""], ""programme"": [""SIPNOX""], ""last_mwh"": 0.0}",Packaging Corporation of America,Materials
Q0155,F03_campd_programm_ohne_co2,fehler,PKG,campd_co2_t,2021.0,0.0,"0 t CO2, weil die Anlagen nur in Programmen ohne CO2-Pflicht melden (SIPNOX). Die Größe wird nicht gemessen.",0.0,False,"{""anlagen"": [""Packaging Corporation of America""], ""programme"": [""SIPNOX""], ""last_mwh"": 0.0}",Packaging Corporation of America,Materials
Q0156,F03_campd_programm_ohne_co2,fehler,PKG,campd_co2_t,2022.0,0.0,"0 t CO2, weil die Anlagen nur in Programmen ohne CO2-Pflicht melden (SIPNOX). Die Größe wird nicht gemessen.",0.0,False,"{""anlagen"": [""Packaging Corporation of America""], ""programme"": [""SIPNOX""], ""last_mwh"": 0.0}",Packaging Corporation of America,Materials
Q0157,F03_campd_programm_ohne_co2,fehler,PSX,campd_co2_t,2019.0,0.0,"0 t CO2, weil die Anlagen nur in Programmen ohne CO2-Pflicht melden (CSOSG2, MATS, SIPNOX). Die Größe wird nicht gemessen.",0.0,False,"{""anlagen"": [""Nelson Industrial Steam Company"", ""Wood River Refinery""], ""programme"": [""CSOSG2"", ""MATS"", ""SIPNOX""], ""last_mwh"": 0.0}",Phillips 66,Energy
Q0158,F03_campd_programm_ohne_co2,fehler,PSX,campd_co2_t,2020.0,0.0,"0 t CO2, weil die Anlagen nur in Programmen ohne CO2-Pflicht melden (CSOSG2, MATS, SIPNOX). Die Größe wird nicht gemessen.",0.0,False,"{""anlagen"": [""Nelson Industrial Steam Company"", ""Wood River Refinery""], ""programme"": [""CSOSG2"", ""MATS"", ""SIPNOX""], ""last_mwh"": 0.0}",Phillips 66,Energy
Q0159,F03_campd_programm_ohne_co2,fehler,PSX,campd_co2_t,2021.0,0.0,"0 t CO2, weil die Anlagen nur in Programmen ohne CO2-Pflicht melden (CSOSG3, MATS, SIPNOX). Die Größe wird nicht gemessen.",0.0,False,"{""anlagen"": [""Nelson Industrial Steam Company"", ""Wood River Refinery""], ""programme"": [""CSOSG3"", ""MATS"", ""SIPNOX""], ""last_mwh"": 0.0}",Phillips 66,Energy
Q0160,F03_campd_programm_ohne_co2,fehler,PSX,campd_co2_t,2022.0,0.0,"0 t CO2, weil die Anlagen nur in Programmen ohne CO2-Pflicht melden (CSOSG3, MATS, SIPNOX). Die Größe wird nicht gemessen.",0.0,False,"{""anlagen"": [""Nelson Industrial Steam Company"", ""Wood River Refinery""], ""programme"": [""CSOSG3"", ""MATS"", ""SIPNOX""], ""last_mwh"": 0.0}",Phillips 66,Energy
Q0161,F03_campd_programm_ohne_co2,fehler,PSX,campd_co2_t,2023.0,0.0,"0 t CO2, weil die Anlagen nur in Programmen ohne CO2-Pflicht melden (CSOSG2E, MATS, SIPNOX). Die Größe wird nicht gemessen.",0.0,False,"{""anlagen"": [""Nelson Industrial Steam Company"", ""Wood River Refinery""], ""programme"": [""CSOSG2E"", ""MATS"", ""SIPNOX""], ""last_mwh"": 0.0}",Phillips 66,Energy
Q0162,F03_campd_programm_ohne_co2,fehler,PSX,campd_co2_t,2024.0,0.0,"0 t CO2, weil die Anlagen nur in Programmen ohne CO2-Pflicht melden (CSOSG2E, MATS, SIPNOX). Die Größe wird nicht gemessen.",0.0,False,"{""anlagen"": [""Nelson Industrial Steam Company"", ""Wood River Refinery""], ""programme"": [""CSOSG2E"", ""MATS"", ""SIPNOX""], ""last_mwh"": 0.0}",Phillips 66,Energy
Q0163,F03_campd_programm_ohne_co2,fehler,PSX,campd_co2_t,2025.0,0.0,"0 t CO2, weil die Anlagen nur in Programmen ohne CO2-Pflicht melden (CSOSG2E, MATS, SIPNOX). Die Größe wird nicht gemessen.",0.0,False,"{""anlagen"": [""Nelson Industrial Steam Company"", ""Wood River Refinery""], ""programme"": [""CSOSG2E"", ""MATS"", ""SIPNOX""], ""last_mwh"": 0.0}",Phillips 66,Energy
Q0164,F03_campd_programm_ohne_co2,fehler,PSX,campd_co2_t,2026.0,0.0,"0 t CO2, weil die Anlagen nur in Programmen ohne CO2-Pflicht melden (CSOSG2E, MATS, SIPNOX). Die Größe wird nicht gemessen.",0.0,False,"{""anlagen"": [""Nelson Industrial Steam Company"", ""Wood River Refinery""], ""programme"": [""CSOSG2E"", ""MATS"", ""SIPNOX""], ""last_mwh"": 0.0}",Phillips 66,Energy
Q0165,F03_campd_programm_ohne_co2,fehler,SW,campd_co2_t,2019.0,0.0,"0 t CO2, weil die Anlagen nur in Programmen ohne CO2-Pflicht melden (SIPNOX). Die Größe wird nicht gemessen.",0.0,False,"{""anlagen"": [""WestRock CP, LLC - Stevenson Mill"", ""WestRock CP, LLC Florence Mill"", ""WestRock Coated Board - Mahrt Mill"", ""WestRock Virginia Corp Covington Ops""], ""programme"": [""SIPNOX""], ""last_mwh"": 72687.37}",Smurfit Westrock,Materials
Q0166,F03_campd_programm_ohne_co2,fehler,SW,campd_co2_t,2020.0,0.0,"0 t CO2, weil die Anlagen nur in Programmen ohne CO2-Pflicht melden (SIPNOX). Die Größe wird nicht gemessen.",0.0,False,"{""anlagen"": [""WestRock CP, LLC - Stevenson Mill"", ""WestRock CP, LLC Florence Mill"", ""WestRock Coated Board - Mahrt Mill"", ""WestRock Virginia Corp Covington Ops""], ""programme"": [""SIPNOX""], ""last_mwh"": 72268.02}",Smurfit Westrock,Materials
Q0167,F03_campd_programm_ohne_co2,fehler,SW,campd_co2_t,2021.0,0.0,"0 t CO2, weil die Anlagen nur in Programmen ohne CO2-Pflicht melden (SIPNOX). Die Größe wird nicht gemessen.",0.0,False,"{""anlagen"": [""WestRock CP, LLC - Stevenson Mill"", ""WestRock CP, LLC Florence Mill"", ""WestRock Coated Board - Mahrt Mill"", ""WestRock Virginia Corp Covington Ops""], ""programme"": [""SIPNOX""], ""last_mwh"": 67585.39}",Smurfit Westrock,Materials
Q0168,F03_campd_programm_ohne_co2,fehler,SW,campd_co2_t,2022.0,0.0,"0 t CO2, weil die Anlagen nur in Programmen ohne CO2-Pflicht melden (SIPNOX). Die Größe wird nicht gemessen.",0.0,False,"{""anlagen"": [""WestRock Virginia Corp Covington Ops""], ""programme"": [""SIPNOX""], ""last_mwh"": 0.0}",Smurfit Westrock,Materials
Q0169,F03_campd_programm_ohne_co2,fehler,SW,campd_co2_t,2023.0,0.0,"0 t CO2, weil die Anlagen nur in Programmen ohne CO2-Pflicht melden (SIPNOX). Die Größe wird nicht gemessen.",0.0,False,"{""anlagen"": [""WestRock Virginia Corp Covington Ops""], ""programme"": [""SIPNOX""], ""last_mwh"": 0.0}",Smurfit Westrock,Materials
Q0170,F03_campd_programm_ohne_co2,fehler,SW,campd_co2_t,2024.0,0.0,"0 t CO2, weil die Anlagen nur in Programmen ohne CO2-Pflicht melden (SIPNOX). Die Größe wird nicht gemessen.",0.0,False,"{""anlagen"": [""WestRock Virginia Corp Covington Ops""], ""programme"": [""SIPNOX""], ""last_mwh"": 0.0}",Smurfit Westrock,Materials
Q0171,F03_campd_programm_ohne_co2,fehler,SW,campd_co2_t,2025.0,0.0,"0 t CO2, weil die Anlagen nur in Programmen ohne CO2-Pflicht melden (SIPNOX). Die Größe wird nicht gemessen.",0.0,False,"{""anlagen"": [""WestRock Virginia Corp Covington Ops""], ""programme"": [""SIPNOX""], ""last_mwh"": 0.0}",Smurfit Westrock,Materials
Q0172,F03_campd_programm_ohne_co2,fehler,SW,campd_co2_t,2026.0,0.0,"0 t CO2, weil die Anlagen nur in Programmen ohne CO2-Pflicht melden (SIPNOX). Die Größe wird nicht gemessen.",0.0,False,"{""anlagen"": [""WestRock Virginia Corp Covington Ops""], ""programme"": [""SIPNOX""], ""last_mwh"": 0.0}",Smurfit Westrock,Materials
Q0173,F03_campd_programm_ohne_co2,fehler,VLO,campd_co2_t,2019.0,0.0,"0 t CO2, weil die Anlagen nur in Programmen ohne CO2-Pflicht melden (SIPNOX). Die Größe wird nicht gemessen.",0.0,False,"{""anlagen"": [""Valero Refining Company-Tennessee, LLC""], ""programme"": [""SIPNOX""], ""last_mwh"": 0.0}",Valero Energy,Energy
Q0174,F03_campd_programm_ohne_co2,fehler,VLO,campd_co2_t,2020.0,0.0,"0 t CO2, weil die Anlagen nur in Programmen ohne CO2-Pflicht melden (SIPNOX). Die Größe wird nicht gemessen.",0.0,False,"{""anlagen"": [""Valero Refining Company-Tennessee, LLC""], ""programme"": [""SIPNOX""], ""last_mwh"": 0.0}",Valero Energy,Energy
Q0175,F03_campd_programm_ohne_co2,fehler,VLO,campd_co2_t,2021.0,0.0,"0 t CO2, weil die Anlagen nur in Programmen ohne CO2-Pflicht melden (SIPNOX). Die Größe wird nicht gemessen.",0.0,False,"{""anlagen"": [""Valero Refining Company-Tennessee, LLC""], ""programme"": [""SIPNOX""], ""last_mwh"": 0.0}",Valero Energy,Energy
Q0176,F03_campd_programm_ohne_co2,fehler,VLO,campd_co2_t,2022.0,0.0,"0 t CO2, weil die Anlagen nur in Programmen ohne CO2-Pflicht melden (SIPNOX). Die Größe wird nicht gemessen.",0.0,False,"{""anlagen"": [""Valero Refining Company-Tennessee, LLC""], ""programme"": [""SIPNOX""], ""last_mwh"": 0.0}",Valero Energy,Energy
Q0177,F03_campd_programm_ohne_co2,fehler,VLO,campd_co2_t,2023.0,0.0,"0 t CO2, weil die Anlagen nur in Programmen ohne CO2-Pflicht melden (SIPNOX). Die Größe wird nicht gemessen.",0.0,False,"{""anlagen"": [""Valero Refining Company-Tennessee, LLC""], ""programme"": [""SIPNOX""], ""last_mwh"": 0.0}",Valero Energy,Energy
Q0178,F03_campd_programm_ohne_co2,fehler,VLO,campd_co2_t,2024.0,0.0,"0 t CO2, weil die Anlagen nur in Programmen ohne CO2-Pflicht melden (SIPNOX). Die Größe wird nicht gemessen.",0.0,False,"{""anlagen"": [""Valero Refining Company-Tennessee, LLC""], ""programme"": [""SIPNOX""], ""last_mwh"": 0.0}",Valero Energy,Energy
Q0179,F03_campd_programm_ohne_co2,fehler,VLO,campd_co2_t,2025.0,0.0,"0 t CO2, weil die Anlagen nur in Programmen ohne CO2-Pflicht melden (SIPNOX). Die Größe wird nicht gemessen.",0.0,False,"{""anlagen"": [""Valero Refining Company-Tennessee, LLC""], ""programme"": [""SIPNOX""], ""last_mwh"": 0.0}",Valero Energy,Energy
Q0180,F03_campd_programm_ohne_co2,fehler,VLO,campd_co2_t,2026.0,0.0,"0 t CO2, weil die Anlagen nur in Programmen ohne CO2-Pflicht melden (SIPNOX). Die Größe wird nicht gemessen.",0.0,False,"{""anlagen"": [""Valero Refining Company-Tennessee, LLC""], ""programme"": [""SIPNOX""], ""last_mwh"": 0.0}",Valero Energy,Energy
Q0181,F03_campd_programm_ohne_co2,fehler,WY,campd_co2_t,2019.0,0.0,"0 t CO2, weil die Anlagen nur in Programmen ohne CO2-Pflicht melden (SIPNOX). Die Größe wird nicht gemessen.",0.0,False,"{""anlagen"": [""International Paper New Bern Mill""], ""programme"": [""SIPNOX""], ""last_mwh"": 0.0}",Weyerhaeuser,Real Estate
Q0182,F03_campd_programm_ohne_co2,fehler,WY,campd_co2_t,2020.0,0.0,"0 t CO2, weil die Anlagen nur in Programmen ohne CO2-Pflicht melden (SIPNOX). Die Größe wird nicht gemessen.",0.0,False,"{""anlagen"": [""International Paper New Bern Mill""], ""programme"": [""SIPNOX""], ""last_mwh"": 0.0}",Weyerhaeuser,Real Estate
Q0183,F03_campd_programm_ohne_co2,fehler,WY,campd_co2_t,2021.0,0.0,"0 t CO2, weil die Anlagen nur in Programmen ohne CO2-Pflicht melden (SIPNOX). Die Größe wird nicht gemessen.",0.0,False,"{""anlagen"": [""International Paper New Bern Mill""], ""programme"": [""SIPNOX""], ""last_mwh"": 0.0}",Weyerhaeuser,Real Estate
Q0184,F03_campd_programm_ohne_co2,fehler,WY,campd_co2_t,2022.0,0.0,"0 t CO2, weil die Anlagen nur in Programmen ohne CO2-Pflicht melden (SIPNOX). Die Größe wird nicht gemessen.",0.0,False,"{""anlagen"": [""International Paper New Bern Mill""], ""programme"": [""SIPNOX""], ""last_mwh"": 0.0}",Weyerhaeuser,Real Estate
Q0185,F03_campd_programm_ohne_co2,fehler,WY,campd_co2_t,2023.0,0.0,"0 t CO2, weil die Anlagen nur in Programmen ohne CO2-Pflicht melden (SIPNOX). Die Größe wird nicht gemessen.",0.0,False,"{""anlagen"": [""International Paper New Bern Mill""], ""programme"": [""SIPNOX""], ""last_mwh"": 0.0}",Weyerhaeuser,Real Estate
Q0186,F04_echo_quartale_unmoeglich,fehler,NOC,echo_nc_quarters_per_site,2025.0,13.5,Mehr als 12 Verstoßquartale je Anlage sind in einem 3-Jahres-Fenster unmöglich. Ursache: Anlage beim Verbinden mit den EPA-Anlagen mehrfach gezählt (mehrere Schreibweisen des Konzernnamens).,0.0,False,"{""anlagen"": 4, ""verstossquartale_summe"": 54.0, ""hinweis"": ""Historie: 12 Zeichen, _ ok, V Verstoß, S schwer, U ungeklärt""}",Northrop Grumman,Industrials
Q0187,F04_echo_quartale_unmoeglich,fehler,TSLA,echo_nc_quarters_per_site,2025.0,24.0,Mehr als 12 Verstoßquartale je Anlage sind in einem 3-Jahres-Fenster unmöglich. Ursache: Anlage beim Verbinden mit den EPA-Anlagen mehrfach gezählt (mehrere Schreibweisen des Konzernnamens).,0.0,False,"{""anlagen"": 1, ""verstossquartale_summe"": 24.0, ""hinweis"": ""Historie: 12 Zeichen, _ ok, V Verstoß, S schwer, U ungeklärt""}","Tesla, Inc.",Consumer Discretionary
Q0188,F06_egrid_nicht_versorger,pruefen,ABBV,t_co2_pro_mwh,2023.0,0.5576675861039393,"Stromrate eines Nicht-Versorgers: beschreibt Eigenanlagen, nicht das Geschäftsmodell.",0.0,False,"{""kraftwerke"": 1, ""mwh"": 114557.099, ""branche"": ""Health Care""}",AbbVie,Health Care
Q0189,F06_egrid_nicht_versorger,pruefen,ADM,t_co2_pro_mwh,2023.0,0.761293981308913,"Stromrate eines Nicht-Versorgers: beschreibt Eigenanlagen, nicht das Geschäftsmodell.",0.0,False,"{""kraftwerke"": 2, ""mwh"": 298003.0, ""branche"": ""Consumer Staples""}",Archer Daniels Midland,Consumer Staples
Q0190,F06_egrid_nicht_versorger,pruefen,BMY,t_co2_pro_mwh,2023.0,0.4172021161148206,"Stromrate eines Nicht-Versorgers: beschreibt Eigenanlagen, nicht das Geschäftsmodell.",0.0,False,"{""kraftwerke"": 2, ""mwh"": 101689.0, ""branche"": ""Health Care""}",Bristol Myers Squibb,Health Care
Q0191,F06_egrid_nicht_versorger,pruefen,BRK-B,t_co2_pro_mwh,2023.0,0.6792759625475349,"Stromrate eines Nicht-Versorgers: beschreibt Eigenanlagen, nicht das Geschäftsmodell.",0.0,False,"{""kraftwerke"": 113, ""mwh"": 82663659.108, ""branche"": ""Financials""}",Berkshire Hathaway,Financials
Q0192,F06_egrid_nicht_versorger,pruefen,DOW,t_co2_pro_mwh,2023.0,0.2822602020548126,"Stromrate eines Nicht-Versorgers: beschreibt Eigenanlagen, nicht das Geschäftsmodell.",0.0,False,"{""kraftwerke"": 1, ""mwh"": 1856617.0, ""branche"": ""Materials""}",Dow Inc.,Materials
Q0193,F06_egrid_nicht_versorger,pruefen,ECL,t_co2_pro_mwh,2023.0,0.2945642307388573,"Stromrate eines Nicht-Versorgers: beschreibt Eigenanlagen, nicht das Geschäftsmodell.",0.0,False,"{""kraftwerke"": 1, ""mwh"": 16715.0, ""branche"": ""Materials""}",Ecolab,Materials
Q0194,F06_egrid_nicht_versorger,pruefen,EMN,t_co2_pro_mwh,2023.0,0.0,"Stromrate eines Nicht-Versorgers: beschreibt Eigenanlagen, nicht das Geschäftsmodell.",0.0,False,"{""kraftwerke"": 1, ""mwh"": 940999.0, ""branche"": null}",,
Q0195,F06_egrid_nicht_versorger,pruefen,FCX,t_co2_pro_mwh,2023.0,0.649730730569671,"Stromrate eines Nicht-Versorgers: beschreibt Eigenanlagen, nicht das Geschäftsmodell.",0.0,False,"{""kraftwerke"": 1, ""mwh"": 67302.0, ""branche"": ""Materials""}",Freeport-McMoRan,Materials
Q0196,F05_egrid_physik,fehler,GE,t_co2_pro_mwh,2023.0,4.443021270062806,"Über 1,3 t CO2 je MWh liegt jenseits jeder Kraftwerkstechnik (Braunkohle rund 1,1). Typisch: Heizkraftwerk mit Wärmeauskopplung, Strom nur Nebenprodukt.",0.0,False,"{""kraftwerke"": 1, ""mwh"": 2808.68, ""co2_t"": 12479.0249808, ""branche"": ""Industrials""}",GE Aerospace,Industrials
Q0197,F06_egrid_nicht_versorger,pruefen,HPQ,t_co2_pro_mwh,2023.0,0.2649522958528435,"Stromrate eines Nicht-Versorgers: beschreibt Eigenanlagen, nicht das Geschäftsmodell.",0.0,False,"{""kraftwerke"": 1, ""mwh"": 92473.0, ""branche"": ""Information Technology""}",HP Inc.,Information Technology
Q0198,F06_egrid_nicht_versorger,pruefen,KLAC,t_co2_pro_mwh,2023.0,0.394941229459065,"Stromrate eines Nicht-Versorgers: beschreibt Eigenanlagen, nicht das Geschäftsmodell.",0.0,False,"{""kraftwerke"": 1, ""mwh"": 2881065.91, ""branche"": ""Information Technology""}",KLA Corporation,Information Technology
Q0199,F06_egrid_nicht_versorger,pruefen,LIN,t_co2_pro_mwh,2023.0,0.3961057429047764,"Stromrate eines Nicht-Versorgers: beschreibt Eigenanlagen, nicht das Geschäftsmodell.",0.0,False,"{""kraftwerke"": 1, ""mwh"": 4689366.0, ""branche"": ""Materials""}",Linde plc,Materials
Q0200,F06_egrid_nicht_versorger,pruefen,MRK,t_co2_pro_mwh,2023.0,0.2922274123803446,"Stromrate eines Nicht-Versorgers: beschreibt Eigenanlagen, nicht das Geschäftsmodell.",0.0,False,"{""kraftwerke"": 1, ""mwh"": 42309.0, ""branche"": ""Health Care""}",Merck & Co.,Health Care
Q0201,F06_egrid_nicht_versorger,pruefen,OGE,t_co2_pro_mwh,2023.0,0.5689667479238972,"Stromrate eines Nicht-Versorgers: beschreibt Eigenanlagen, nicht das Geschäftsmodell.",0.0,False,"{""kraftwerke"": 14, ""mwh"": 16398581.289, ""branche"": null}",,
Q0202,F06_egrid_nicht_versorger,pruefen,PFE,t_co2_pro_mwh,2023.0,0.287504467518562,"Stromrate eines Nicht-Versorgers: beschreibt Eigenanlagen, nicht das Geschäftsmodell.",0.0,False,"{""kraftwerke"": 1, ""mwh"": 72836.877, ""branche"": ""Health Care""}",Pfizer,Health Care
Q0203,F06_egrid_nicht_versorger,pruefen,PG,t_co2_pro_mwh,2023.0,0.0,"Stromrate eines Nicht-Versorgers: beschreibt Eigenanlagen, nicht das Geschäftsmodell.",0.0,False,"{""kraftwerke"": 1, ""mwh"": 847741.0, ""branche"": ""Consumer Staples""}",Procter & Gamble,Consumer Staples
Q0204,F06_egrid_nicht_versorger,pruefen,PKG,t_co2_pro_mwh,2023.0,0.0686147000090226,"Stromrate eines Nicht-Versorgers: beschreibt Eigenanlagen, nicht das Geschäftsmodell.",0.0,False,"{""kraftwerke"": 2, ""mwh"": 804533.03, ""branche"": ""Materials""}",Packaging Corporation of America,Materials
Q0205,F06_egrid_nicht_versorger,pruefen,POR,t_co2_pro_mwh,2023.0,0.4818647847639894,"Stromrate eines Nicht-Versorgers: beschreibt Eigenanlagen, nicht das Geschäftsmodell.",0.0,False,"{""kraftwerke"": 8, ""mwh"": 11030586.996, ""branche"": null}",,
Q0206,F06_egrid_nicht_versorger,pruefen,PSX,t_co2_pro_mwh,2023.0,0.2789821752723334,"Stromrate eines Nicht-Versorgers: beschreibt Eigenanlagen, nicht das Geschäftsmodell.",0.0,False,"{""kraftwerke"": 1, ""mwh"": 384088.0, ""branche"": ""Energy""}",Phillips 66,Energy
Q0207,F06_egrid_nicht_versorger,pruefen,SW,t_co2_pro_mwh,2023.0,0.1082014658667149,"Stromrate eines Nicht-Versorgers: beschreibt Eigenanlagen, nicht das Geschäftsmodell.",0.0,False,"{""kraftwerke"": 5, ""mwh"": 1466293.339, ""branche"": ""Materials""}",Smurfit Westrock,Materials
Q0208,F06_egrid_nicht_versorger,pruefen,TAP,t_co2_pro_mwh,2023.0,0.2900706127677607,"Stromrate eines Nicht-Versorgers: beschreibt Eigenanlagen, nicht das Geschäftsmodell.",0.0,False,"{""kraftwerke"": 2, ""mwh"": 143398.928, ""branche"": ""Consumer Staples""}",Molson Coors Beverage Company,Consumer Staples
Q0209,F06_egrid_nicht_versorger,pruefen,WM,t_co2_pro_mwh,2023.0,0.0,"Stromrate eines Nicht-Versorgers: beschreibt Eigenanlagen, nicht das Geschäftsmodell.",0.0,False,"{""kraftwerke"": 1, ""mwh"": 43995.999, ""branche"": ""Industrials""}",Waste Management,Industrials
Q0210,F06_egrid_nicht_versorger,pruefen,WMT,t_co2_pro_mwh,2023.0,0.7812897120000001,"Stromrate eines Nicht-Versorgers: beschreibt Eigenanlagen, nicht das Geschäftsmodell.",0.0,False,"{""kraftwerke"": 7, ""mwh"": 1100.0, ""branche"": ""Consumer Staples""}",Walmart,Consumer Staples
Q0211,F06_egrid_nicht_versorger,pruefen,XOM,t_co2_pro_mwh,2023.0,0.2633021800932936,"Stromrate eines Nicht-Versorgers: beschreibt Eigenanlagen, nicht das Geschäftsmodell.",0.0,False,"{""kraftwerke"": 1, ""mwh"": 639915.0, ""branche"": ""Energy""}",ExxonMobil,Energy
Q0212,F07_trend_basis_instabil,fehler,CEG,absolute_cagr,2023.0,-0.2759246095111339,"Trend oder Basisjahr-Quote unplausibel: Die Anlagenbasis ändert sich über die Jahre (Zuordnung, Abspaltung, Zukauf), nicht die Emissionen.",0.0,True,"{""absolute_cagr"": -0.2759246095111339, ""base_year_ratio"": 9.522507537559122, ""scope1_je_jahr"": {""2018"": 39269420.2669, ""2019"": 0.0, ""2020"": 0.0, ""2021"": 0.0, ""2022"": 8247705.788, ""2023"": 8941320.546}, ""anlagen_je_jahr"": {""2018"": 60, ""2019"": 14, ""2020"": 14, ""2021"": 14, ""2022"": 24, ""2023"": 24}}",Constellation Energy,Utilities
Q0213,F07_trend_basis_instabil,fehler,CNP,absolute_cagr,2023.0,0.7431412086994276,"Trend oder Basisjahr-Quote unplausibel: Die Anlagenbasis ändert sich über die Jahre (Zuordnung, Abspaltung, Zukauf), nicht die Emissionen.",0.0,True,"{""absolute_cagr"": 0.7431412086994276, ""base_year_ratio"": 0.1000079319872771, ""scope1_je_jahr"": {""2018"": 414436.46, ""2019"": 396922.35, ""2020"": 4095771.904, ""2021"": 6114179.5148, ""2022"": 4800215.6912, ""2023"": 4192299.8872}, ""anlagen_je_jahr"": {""2018"": 9, ""2019"": 9, ""2020"": 14, ""2021"": 14, ""2022"": 12, ""2023"": 12}}",CenterPoint Energy,Utilities
Q0214,F07_trend_basis_instabil,fehler,DD,absolute_cagr,2023.0,-0.4316612462580887,"Trend oder Basisjahr-Quote unplausibel: Die Anlagenbasis ändert sich über die Jahre (Zuordnung, Abspaltung, Zukauf), nicht die Emissionen.",0.0,True,"{""absolute_cagr"": -0.4316612462580887, ""base_year_ratio"": 6.987005390765794, ""scope1_je_jahr"": {""2018"": 3428955.44, ""2019"": 1138806.7, ""2020"": 573283.416, ""2021"": 408240.212, ""2022"": 206987.258, ""2023"": 195527.252}, ""anlagen_je_jahr"": {""2018"": 19, ""2019"": 18, ""2020"": 17, ""2021"": 14, ""2022"": 11, ""2023"": 11}}",DuPont,Industrials
Q0215,F07_trend_basis_instabil,fehler,KKR,absolute_cagr,2022.0,0.6053177271404264,"Trend oder Basisjahr-Quote unplausibel: Die Anlagenbasis ändert sich über die Jahre (Zuordnung, Abspaltung, Zukauf), nicht die Emissionen.",0.0,True,"{""absolute_cagr"": 0.6053177271404264, ""base_year_ratio"": 0.1998950329579171, ""scope1_je_jahr"": {""2018"": 16944.995, ""2019"": 62292.932, ""2020"": 84769.465, ""2021"": 134377.882, ""2022"": 122999.1027}, ""anlagen_je_jahr"": {""2018"": 1, ""2019"": 1, ""2020"": 1, ""2021"": 3, ""2022"": 3}}",KKR & Co.,Financials
Q0216,F07_trend_basis_instabil,fehler,NEE,absolute_cagr,2023.0,0.3553460525965872,"Trend oder Basisjahr-Quote unplausibel: Die Anlagenbasis ändert sich über die Jahre (Zuordnung, Abspaltung, Zukauf), nicht die Emissionen.",0.0,True,"{""absolute_cagr"": 0.3553460525965872, ""base_year_ratio"": 0.1156638905351616, ""scope1_je_jahr"": {""2018"": 4868997.9365, ""2019"": 44607559.8928, ""2020"": 42552748.8268, ""2021"": 41395397.8063, ""2022"": 41639437.9303, ""2023"": 42867507.678}, ""anlagen_je_jahr"": {""2018"": 17, ""2019"": 34, ""2020"": 35, ""2021"": 35, ""2022"": 35, ""2023"": 34}}",NextEra Energy,Utilities
Q0217,F07_trend_basis_instabil,fehler,PPL,absolute_cagr,2023.0,2.406430786892477,"Trend oder Basisjahr-Quote unplausibel: Die Anlagenbasis ändert sich über die Jahre (Zuordnung, Abspaltung, Zukauf), nicht die Emissionen.",0.0,True,"{""absolute_cagr"": 2.406430786892477, ""base_year_ratio"": 0.0001863018309825, ""scope1_je_jahr"": {""2018"": 5152.8, ""2019"": 28493455.24, ""2020"": 26970181.802, ""2021"": 28346504.8116, ""2022"": 28907123.6056, ""2023"": 26919146.4032}, ""anlagen_je_jahr"": {""2018"": 1, ""2019"": 9, ""2020"": 9, ""2021"": 9, ""2022"": 10, ""2023"": 10}}",PPL Corporation,Utilities
Q0218,F07_trend_basis_instabil,fehler,TAP,absolute_cagr,2023.0,0.7751652204884243,"Trend oder Basisjahr-Quote unplausibel: Die Anlagenbasis ändert sich über die Jahre (Zuordnung, Abspaltung, Zukauf), nicht die Emissionen.",0.0,True,"{""absolute_cagr"": 0.7751652204884243, ""base_year_ratio"": 0.0807605632563023, ""scope1_je_jahr"": {""2018"": 30258.136, ""2019"": 30167.336, ""2020"": 411297.402, ""2021"": 385290.026, ""2022"": 372303.754, ""2023"": 377025.74}, ""anlagen_je_jahr"": {""2018"": 1, ""2019"": 1, ""2020"": 6, ""2021"": 6, ""2022"": 6, ""2023"": 6}}",Molson Coors Beverage Company,Consumer Staples
Q0219,F08_zuordnung_zeitlich,fehler,VST,scope1_t,2018.0,13743723.185999999,"'talen energy' ist VST zugeordnet, gilt aber für 2018 nicht: Talen ist eigenständig, gehört nicht zu Vistra.",13743723.185999999,True,"{""eigentuemer_roh"": [""TALEN ENERGY CORP (100%)"", ""Talen Energy CORP (100%)""], ""anlagen"": 15}",Vistra Corp.,Utilities
Q0220,F08_zuordnung_zeitlich,fehler,VST,scope1_t,2019.0,10190579.102,"'talen energy' ist VST zugeordnet, gilt aber für 2019 nicht: Talen ist eigenständig, gehört nicht zu Vistra.",10190579.102,True,"{""eigentuemer_roh"": [""TALEN ENERGY CORP (100%)"", ""Talen Energy CORP (100%)""], ""anlagen"": 17}",Vistra Corp.,Utilities
Q0221,F08_zuordnung_zeitlich,fehler,VST,scope1_t,2020.0,6140329.774,"'talen energy' ist VST zugeordnet, gilt aber für 2020 nicht: Talen ist eigenständig, gehört nicht zu Vistra.",6140329.774,True,"{""eigentuemer_roh"": [""TALEN ENERGY CORP (100%)"", ""Talen Energy CORP (100%)""], ""anlagen"": 17}",Vistra Corp.,Utilities
Q0222,F08_zuordnung_zeitlich,fehler,VST,scope1_t,2021.0,9331959.887999998,"'talen energy' ist VST zugeordnet, gilt aber für 2021 nicht: Talen ist eigenständig, gehört nicht zu Vistra.",9331959.887999998,True,"{""eigentuemer_roh"": [""TALEN ENERGY CORP (100%)"", ""Talen Energy CORP (100%)""], ""anlagen"": 15}",Vistra Corp.,Utilities
Q0223,F08_zuordnung_zeitlich,fehler,VST,scope1_t,2022.0,9521399.89,"'talen energy' ist VST zugeordnet, gilt aber für 2022 nicht: Talen ist eigenständig, gehört nicht zu Vistra.",9521399.89,True,"{""eigentuemer_roh"": [""TALEN ENERGY CORP (100%)"", ""Talen Energy CORP (100%)""], ""anlagen"": 15}",Vistra Corp.,Utilities
Q0224,F08_zuordnung_zeitlich,fehler,VST,scope1_t,2023.0,6749059.516,"'talen energy' ist VST zugeordnet, gilt aber für 2023 nicht: Talen ist eigenständig, gehört nicht zu Vistra.",6749059.516,True,"{""eigentuemer_roh"": [""TALEN ENERGY CORP (100%)"", ""Talen Energy CORP (100%)""], ""anlagen"": 15}",Vistra Corp.,Utilities
Q0225,F08_zuordnung_zeitlich,fehler,SW,scope1_t,2018.0,6549579.18,"'westrock' ist SW zugeordnet, gilt aber für 2018 nicht: Fusion zu Smurfit Westrock im Juli 2024.",6549579.18,True,"{""eigentuemer_roh"": [""WESTROCK CO (100%)"", ""WestRock Corp (100%)""], ""anlagen"": 33}",Smurfit Westrock,Materials
Q0226,F08_zuordnung_zeitlich,fehler,SW,scope1_t,2019.0,6713748.143999999,"'westrock' ist SW zugeordnet, gilt aber für 2019 nicht: Fusion zu Smurfit Westrock im Juli 2024.",6713748.143999999,True,"{""eigentuemer_roh"": [""WESTROCK CO (100%)"", ""WestRock Corp (100%)""], ""anlagen"": 34}",Smurfit Westrock,Materials
Q0227,F08_zuordnung_zeitlich,fehler,SW,scope1_t,2020.0,6731383.250000001,"'westrock' ist SW zugeordnet, gilt aber für 2020 nicht: Fusion zu Smurfit Westrock im Juli 2024.",6731383.250000001,True,"{""eigentuemer_roh"": [""WESTROCK CO (100%)"", ""WestRock Corp (100%)""], ""anlagen"": 34}",Smurfit Westrock,Materials
Q0228,F08_zuordnung_zeitlich,fehler,SW,scope1_t,2021.0,6871741.586,"'westrock' ist SW zugeordnet, gilt aber für 2021 nicht: Fusion zu Smurfit Westrock im Juli 2024.",6871741.586,True,"{""eigentuemer_roh"": [""WESTROCK CO (100%)"", ""WestRock Corp (100%)""], ""anlagen"": 34}",Smurfit Westrock,Materials
Q0229,F08_zuordnung_zeitlich,fehler,SW,scope1_t,2022.0,6467817.9860000005,"'westrock' ist SW zugeordnet, gilt aber für 2022 nicht: Fusion zu Smurfit Westrock im Juli 2024.",6467817.9860000005,True,"{""eigentuemer_roh"": [""WESTROCK CO (100%)"", ""WestRock Corp (100%)""], ""anlagen"": 34}",Smurfit Westrock,Materials
Q0230,F08_zuordnung_zeitlich,fehler,SW,scope1_t,2023.0,5779510.298,"'westrock' ist SW zugeordnet, gilt aber für 2023 nicht: Fusion zu Smurfit Westrock im Juli 2024.",5779510.298,True,"{""eigentuemer_roh"": [""WESTROCK CO (100%)"", ""WestRock Corp (100%)""], ""anlagen"": 33}",Smurfit Westrock,Materials
Q0231,F08_zuordnung_zeitlich,fehler,XOM,scope1_t,2018.0,2253833.9179999996,"'pioneer natural resources' ist XOM zugeordnet, gilt aber für 2018 nicht: Übernahme durch ExxonMobil im Mai 2024.",2253833.9179999996,False,"{""eigentuemer_roh"": [""PIONEER NATURAL RESOURCES USA INC (100%)"", ""PIONEER NATURAL RESOURCES USA, INC (100%);"", ""Pioneer Natural Resources USA, Inc. (100%);""], ""anlagen"": 16}",ExxonMobil,Energy
Q0232,F08_zuordnung_zeitlich,fehler,XOM,scope1_t,2019.0,2062622.25,"'pioneer natural resources' ist XOM zugeordnet, gilt aber für 2019 nicht: Übernahme durch ExxonMobil im Mai 2024.",2062622.25,False,"{""eigentuemer_roh"": [""PIONEER NATURAL RESOURCES CO (100%)"", ""PIONEER NATURAL RESOURCES USA INC (100%)"", ""PIONEER NATURAL RESOURCES USA, INC (100%);""], ""anlagen"": 13}",ExxonMobil,Energy
Q0233,F08_zuordnung_zeitlich,fehler,XOM,scope1_t,2020.0,2056474.0240000002,"'pioneer natural resources' ist XOM zugeordnet, gilt aber für 2020 nicht: Übernahme durch ExxonMobil im Mai 2024.",2056474.0240000002,False,"{""eigentuemer_roh"": [""PIONEER NATURAL RESOURCES CO (100%)"", ""PIONEER NATURAL RESOURCES USA INC (100%)"", ""PIONEER NATURAL RESOURCES USA, INC (100%);""], ""anlagen"": 13}",ExxonMobil,Energy
Q0234,F08_zuordnung_zeitlich,fehler,XOM,scope1_t,2021.0,2821926.836,"'pioneer natural resources' ist XOM zugeordnet, gilt aber für 2021 nicht: Übernahme durch ExxonMobil im Mai 2024.",2821926.836,False,"{""eigentuemer_roh"": [""PIONEER NATURAL RESOURCES CO (100%)"", ""PIONEER NATURAL RESOURCES USA INC (100%)"", ""PIONEER NATURAL RESOURCES USA, INC (100%);""], ""anlagen"": 13}",ExxonMobil,Energy
Q0235,F08_zuordnung_zeitlich,fehler,XOM,scope1_t,2022.0,3184387.4499999997,"'pioneer natural resources' ist XOM zugeordnet, gilt aber für 2022 nicht: Übernahme durch ExxonMobil im Mai 2024.",3184387.4499999997,False,"{""eigentuemer_roh"": [""PIONEER NATURAL RESOURCES CO (100%)"", ""PIONEER NATURAL RESOURCES USA INC (100%)"", ""PIONEER NATURAL RESOURCES USA, INC (100%);""], ""anlagen"": 13}",ExxonMobil,Energy
Q0236,F08_zuordnung_zeitlich,fehler,XOM,scope1_t,2023.0,3503786.858,"'pioneer natural resources' ist XOM zugeordnet, gilt aber für 2023 nicht: Übernahme durch ExxonMobil im Mai 2024.",3503786.858,False,"{""eigentuemer_roh"": [""PIONEER NATURAL RESOURCES CO (100%)"", ""PIONEER NATURAL RESOURCES USA INC (100%)"", ""PIONEER NATURAL RESOURCES USA, INC (100%);""], ""anlagen"": 13}",ExxonMobil,Energy
Q0237,F08_zuordnung_zeitlich,fehler,CEG,scope1_t,2018.0,39269420.2669,"'calpine' ist CEG zugeordnet, gilt aber für 2018 nicht: Übernahme durch Constellation nach 2023.",39269420.2669,True,"{""eigentuemer_roh"": [""CALPINE CORP (100%)"", ""CALPINE CORP (100%);"", ""CALPINE CORP (75%); GENERAL ELECTRIC CO (25%)""], ""anlagen"": 60}",Constellation Energy,Utilities
Q0238,F08_zuordnung_zeitlich,fehler,OXY,scope1_t,2018.0,5098858.9391436,"'anadarko petroleum' ist OXY zugeordnet, gilt aber für 2018 nicht: Übernahme durch Occidental im August 2019.",5098858.9391436,True,"{""eigentuemer_roh"": [""ANADARKO PETROLEUM CORP (100%)"", ""ANADARKO PETROLEUM CORP (100%);"", ""ANADARKO PETROLEUM CORP (8.26%); FREEPORT MCMORAN COPPER & GOLD (69.34%); WHITING PETROLEUM CORP (6.07%); KOCH INDUSTRIES INC (4.3%); DEVON ENERGY CORP (10.33%); HARVEST ENERGY INC (1.7%)""], ""anlagen"": 74}",Occidental Petroleum,Energy
Q0239,F09_osha_nenner_unplausibel,fehler,BR,dart_rate,2025.0,0.0736,"Unfallrate beruht auf unplausiblen Stunden: Median 2,391 h je Beschäftigtem (normal rund 1.500-2.100), 48% der Meldungen außerhalb 200-4.000 h. OSHA prüft diese Angaben nicht.",0.0,False,"{""meldungen"": 21, ""stunden_je_beschaeftigtem_median"": 2391.0434782608695, ""anteil_unplausibel"": 0.47619047619047616, ""firmennamen"": {""Broadridge Financial Solutions"": 18, ""Broadridge Financial Solutions, Inc."": 3}}",Broadridge Financial Solutions,Industrials
Q0240,F09_osha_nenner_unplausibel,fehler,MCD,dart_rate,2025.0,21.2022,"Unfallrate beruht auf unplausiblen Stunden: Median 50 h je Beschäftigtem (normal rund 1.500-2.100), 100% der Meldungen außerhalb 200-4.000 h. OSHA prüft diese Angaben nicht.",0.0,False,"{""meldungen"": 4, ""stunden_je_beschaeftigtem_median"": 49.83957219251337, ""anteil_unplausibel"": 1.0, ""firmennamen"": {""McDonald's"": 4}}",McDonald's,Consumer Discretionary
Q0241,F09_osha_nenner_unplausibel,fehler,NXPI,dart_rate,2025.0,0.0,"Unfallrate beruht auf unplausiblen Stunden: Median 2,130 h je Beschäftigtem (normal rund 1.500-2.100), 33% der Meldungen außerhalb 200-4.000 h. OSHA prüft diese Angaben nicht.",0.0,False,"{""meldungen"": 3, ""stunden_je_beschaeftigtem_median"": 2129.5854114713215, ""anteil_unplausibel"": 0.3333333333333333, ""firmennamen"": {""NXP Semiconductors"": 3}}",NXP Semiconductors,Information Technology
Q0242,F09_osha_nenner_unplausibel,fehler,VTR,dart_rate,2025.0,1.7993,"Unfallrate beruht auf unplausiblen Stunden: Median 1,510 h je Beschäftigtem (normal rund 1.500-2.100), 33% der Meldungen außerhalb 200-4.000 h. OSHA prüft diese Angaben nicht.",0.0,False,"{""meldungen"": 9, ""stunden_je_beschaeftigtem_median"": 1510.3783783783783, ""anteil_unplausibel"": 0.3333333333333333, ""firmennamen"": {""Ventas"": 6, ""VENTAS"": 2, ""Ventas, Inc."": 1}}",Ventas,Real Estate
Q0243,F10_whd_zuordnung,pruefen,AOS,whd_cases,2024.0,35.0,"Team-Datei nennt 35 Verfahren, eigener Namensabgleich findet 1. Verdacht: Zuordnung über Namensteile oder Franchise-Betriebe.",0.0,False,"{""team_konfidenz"": ""high"", ""eigene_faelle"": 1, ""handelsnamen_mit_ticker"": {""AOS  at Home Care"": 1}, ""firma"": ""A. O. Smith""}",A. O. Smith,Industrials
Q0244,F11_whd_ohne_befund,pruefen,ACN,whd_cases,2024.0,1.0,Verfahren ohne Nachzahlung und ohne Betroffene: entweder Verfahren ohne Feststellung oder Fehlzuordnung.,0.0,False,"{""team_konfidenz"": ""high"", ""eigene_faelle"": 1}",Accenture,Information Technology
Q0245,F10_whd_zuordnung,pruefen,APD,whd_cases,2024.0,212.0,"Team-Datei nennt 212 Verfahren, eigener Namensabgleich findet 0. Verdacht: Zuordnung über Namensteile oder Franchise-Betriebe.",0.0,False,"{""team_konfidenz"": ""low"", ""eigene_faelle"": 0, ""handelsnamen_mit_ticker"": {""APDC Cleaning Services"": 1, ""APDC Cleaning@AC by Marriot Orlando Downtown"": 1, ""APDC Cleaning Services@Citizen at Alys Beach"": 1, ""APDC Cleaning Services@Country Inn"": 1}, ""firma"": ""Air Products""}",Air Products,Materials
Q0246,F11_whd_ohne_befund,pruefen,LNT,whd_cases,2024.0,1.0,Verfahren ohne Nachzahlung und ohne Betroffene: entweder Verfahren ohne Feststellung oder Fehlzuordnung.,0.0,False,"{""team_konfidenz"": ""high"", ""eigene_faelle"": 0}",Alliant Energy,Utilities
Q0247,F11_whd_ohne_befund,pruefen,GOOGL,whd_cases,2024.0,1.0,Verfahren ohne Nachzahlung und ohne Betroffene: entweder Verfahren ohne Feststellung oder Fehlzuordnung.,0.0,False,"{""team_konfidenz"": ""high"", ""eigene_faelle"": 0}",Alphabet Inc. (Class A),Communication Services
Q0248,F11_whd_ohne_befund,pruefen,GOOG,whd_cases,2024.0,1.0,Verfahren ohne Nachzahlung und ohne Betroffene: entweder Verfahren ohne Feststellung oder Fehlzuordnung.,0.0,False,"{""team_konfidenz"": ""high"", ""eigene_faelle"": 0}",Alphabet Inc. (Class C),Communication Services
Q0249,F10_whd_zuordnung,pruefen,AXP,whd_cases,2024.0,206.0,"Team-Datei nennt 206 Verfahren, eigener Namensabgleich findet 3. Verdacht: Zuordnung über Namensteile oder Franchise-Betriebe.",0.0,False,"{""team_konfidenz"": ""high"", ""eigene_faelle"": 3, ""handelsnamen_mit_ticker"": {}, ""firma"": ""American Express""}",American Express,Financials
Q0250,F10_whd_zuordnung,pruefen,AMT,whd_cases,2024.0,10.0,"Team-Datei nennt 10 Verfahren, eigener Namensabgleich findet 0. Verdacht: Zuordnung über Namensteile oder Franchise-Betriebe.",0.0,False,"{""team_konfidenz"": ""high"", ""eigene_faelle"": 0, ""handelsnamen_mit_ticker"": {""Amtrak"": 1, ""Amtex"": 1}, ""firma"": ""American Tower""}",American Tower,Real Estate
Q0251,F10_whd_zuordnung,pruefen,APO,whd_cases,2024.0,12.0,"Team-Datei nennt 12 Verfahren, eigener Namensabgleich findet 0. Verdacht: Zuordnung über Namensteile oder Franchise-Betriebe.",0.0,False,"{""team_konfidenz"": ""high"", ""eigene_faelle"": 0, ""handelsnamen_mit_ticker"": {""Hampton Inn and Suites Orlando-Apopka"": 1, ""P&A US Mail Transport Corp DBA Lemuel Aponte"": 1, ""Apollo Heating & Air Cond."": 1, ""AdventHealth Apopka"": 1}, ""firma"": ""Apollo Global Management""}",Apollo Global Management,Financials
Q0252,F11_whd_ohne_befund,pruefen,AZO,whd_cases,2024.0,1.0,Verfahren ohne Nachzahlung und ohne Betroffene: entweder Verfahren ohne Feststellung oder Fehlzuordnung.,0.0,False,"{""team_konfidenz"": ""high"", ""eigene_faelle"": 1}",AutoZone,Consumer Discretionary
Q0253,F11_whd_ohne_befund,pruefen,AVY,whd_cases,2024.0,1.0,Verfahren ohne Nachzahlung und ohne Betroffene: entweder Verfahren ohne Feststellung oder Fehlzuordnung.,0.0,False,"{""team_konfidenz"": ""high"", ""eigene_faelle"": 1}",Avery Dennison,Materials
Q0254,F11_whd_ohne_befund,pruefen,BAX,whd_cases,2024.0,4.0,Verfahren ohne Nachzahlung und ohne Betroffene: entweder Verfahren ohne Feststellung oder Fehlzuordnung.,0.0,False,"{""team_konfidenz"": ""high"", ""eigene_faelle"": 5}",Baxter International,Health Care
Q0255,F11_whd_ohne_befund,pruefen,BDX,whd_cases,2024.0,1.0,Verfahren ohne Nachzahlung und ohne Betroffene: entweder Verfahren ohne Feststellung oder Fehlzuordnung.,0.0,False,"{""team_konfidenz"": ""high"", ""eigene_faelle"": 1}",Becton Dickinson,Health Care
Q0256,F11_whd_ohne_befund,pruefen,BLK,whd_cases,2024.0,3.0,Verfahren ohne Nachzahlung und ohne Betroffene: entweder Verfahren ohne Feststellung oder Fehlzuordnung.,0.0,False,"{""team_konfidenz"": ""high"", ""eigene_faelle"": 0}",BlackRock,Financials
Q0257,F10_whd_zuordnung,pruefen,XYZ,whd_cases,2024.0,10.0,"Team-Datei nennt 10 Verfahren, eigener Namensabgleich findet 0. Verdacht: Zuordnung über Namensteile oder Franchise-Betriebe.",0.0,False,"{""team_konfidenz"": ""high"", ""eigene_faelle"": 0, ""handelsnamen_mit_ticker"": {}, ""firma"": ""Block, Inc.""}","Block, Inc.",Financials
Q0258,F10_whd_zuordnung,pruefen,BSX,whd_cases,2024.0,33.0,"Team-Datei nennt 33 Verfahren, eigener Namensabgleich findet 0. Verdacht: Zuordnung über Namensteile oder Franchise-Betriebe.",0.0,False,"{""team_konfidenz"": ""high"", ""eigene_faelle"": 0, ""handelsnamen_mit_ticker"": {}, ""firma"": ""Boston Scientific""}",Boston Scientific,Health Care
Q0259,F10_whd_zuordnung,pruefen,BRO,whd_cases,2024.0,21.0,"Team-Datei nennt 21 Verfahren, eigener Namensabgleich findet 1. Verdacht: Zuordnung über Namensteile oder Franchise-Betriebe.",0.0,False,"{""team_konfidenz"": ""high"", ""eigene_faelle"": 1, ""handelsnamen_mit_ticker"": {""Another Broken Egg Cafe"": 3, ""Brookdale Senior Living"": 2, ""Brosnan Risk Consultants"": 2, ""Galan Brothers"": 2}, ""firma"": ""Brown & Brown""}",Brown & Brown,Financials
Q0260,F10_whd_zuordnung,pruefen,CPT,whd_cases,2024.0,10.0,"Team-Datei nennt 10 Verfahren, eigener Namensabgleich findet 0. Verdacht: Zuordnung über Namensteile oder Franchise-Betriebe.",0.0,False,"{""team_konfidenz"": ""high"", ""eigene_faelle"": 0, ""handelsnamen_mit_ticker"": {}, ""firma"": ""Camden Property Trust""}",Camden Property Trust,Real Estate
Q0261,F10_whd_zuordnung,pruefen,COF,whd_cases,2024.0,90.0,"Team-Datei nennt 90 Verfahren, eigener Namensabgleich findet 0. Verdacht: Zuordnung über Namensteile oder Franchise-Betriebe.",0.0,False,"{""team_konfidenz"": ""low"", ""eigene_faelle"": 0, ""handelsnamen_mit_ticker"": {""Scooter's Coffee"": 4, ""Village Creek Coffee"": 2, ""Atlas Coffee Club"": 1, ""Coffee Factory"": 1}, ""firma"": ""Capital One""}",Capital One,Financials
Q0262,F11_whd_ohne_befund,pruefen,CVNA,whd_cases,2024.0,1.0,Verfahren ohne Nachzahlung und ohne Betroffene: entweder Verfahren ohne Feststellung oder Fehlzuordnung.,0.0,False,"{""team_konfidenz"": ""high"", ""eigene_faelle"": 0}",Carvana,Consumer Discretionary
Q0263,F11_whd_ohne_befund,pruefen,CASY,whd_cases,2024.0,3.0,Verfahren ohne Nachzahlung und ohne Betroffene: entweder Verfahren ohne Feststellung oder Fehlzuordnung.,0.0,False,"{""team_konfidenz"": ""high"", ""eigene_faelle"": 1}",Casey's,Consumer Staples
Q0264,F11_whd_ohne_befund,pruefen,CNC,whd_cases,2024.0,1.0,Verfahren ohne Nachzahlung und ohne Betroffene: entweder Verfahren ohne Feststellung oder Fehlzuordnung.,0.0,False,"{""team_konfidenz"": ""high"", ""eigene_faelle"": 1}",Centene Corporation,Health Care
Q0265,F11_whd_ohne_befund,pruefen,CNP,whd_cases,2024.0,1.0,Verfahren ohne Nachzahlung und ohne Betroffene: entweder Verfahren ohne Feststellung oder Fehlzuordnung.,0.0,False,"{""team_konfidenz"": ""high"", ""eigene_faelle"": 1}",CenterPoint Energy,Utilities
Q0266,F10_whd_zuordnung,pruefen,CRL,whd_cases,2024.0,88.0,"Team-Datei nennt 88 Verfahren, eigener Namensabgleich findet 0. Verdacht: Zuordnung über Namensteile oder Franchise-Betriebe.",0.0,False,"{""team_konfidenz"": ""high"", ""eigene_faelle"": 0, ""handelsnamen_mit_ticker"": {}, ""firma"": ""Charles River Laboratories""}",Charles River Laboratories,Health Care
Q0267,F10_whd_zuordnung,pruefen,CHTR,whd_cases,2024.0,26.0,"Team-Datei nennt 26 Verfahren, eigener Namensabgleich findet 4. Verdacht: Zuordnung über Namensteile oder Franchise-Betriebe.",0.0,False,"{""team_konfidenz"": ""high"", ""eigene_faelle"": 4, ""handelsnamen_mit_ticker"": {}, ""firma"": ""Charter Communications""}",Charter Communications,Communication Services
Q0268,F11_whd_ohne_befund,pruefen,CIEN,whd_cases,2024.0,1.0,Verfahren ohne Nachzahlung und ohne Betroffene: entweder Verfahren ohne Feststellung oder Fehlzuordnung.,0.0,False,"{""team_konfidenz"": ""high"", ""eigene_faelle"": 0}",Ciena,Information Technology
Q0269,F11_whd_ohne_befund,pruefen,CSCO,whd_cases,2024.0,1.0,Verfahren ohne Nachzahlung und ohne Betroffene: entweder Verfahren ohne Feststellung oder Fehlzuordnung.,0.0,False,"{""team_konfidenz"": ""high"", ""eigene_faelle"": 0}",Cisco,Information Technology
Q0270,F10_whd_zuordnung,pruefen,CFG,whd_cases,2024.0,10.0,"Team-Datei nennt 10 Verfahren, eigener Namensabgleich findet 1. Verdacht: Zuordnung über Namensteile oder Franchise-Betriebe.",0.0,False,"{""team_konfidenz"": ""high"", ""eigene_faelle"": 1, ""handelsnamen_mit_ticker"": {}, ""firma"": ""Citizens Financial Group""}",Citizens Financial Group,Financials
Q0271,F11_whd_ohne_befund,pruefen,CTSH,whd_cases,2024.0,1.0,Verfahren ohne Nachzahlung und ohne Betroffene: entweder Verfahren ohne Feststellung oder Fehlzuordnung.,0.0,False,"{""team_konfidenz"": ""high"", ""eigene_faelle"": 0}",Cognizant,Information Technology
Q0272,F11_whd_ohne_befund,pruefen,COST,whd_cases,2024.0,1.0,Verfahren ohne Nachzahlung und ohne Betroffene: entweder Verfahren ohne Feststellung oder Fehlzuordnung.,0.0,False,"{""team_konfidenz"": ""high"", ""eigene_faelle"": 1}",Costco,Consumer Staples
Q0273,F11_whd_ohne_befund,pruefen,CCI,whd_cases,2024.0,1.0,Verfahren ohne Nachzahlung und ohne Betroffene: entweder Verfahren ohne Feststellung oder Fehlzuordnung.,0.0,False,"{""team_konfidenz"": ""high"", ""eigene_faelle"": 1}",Crown Castle,Real Estate
Q0274,F11_whd_ohne_befund,pruefen,CSX,whd_cases,2024.0,1.0,Verfahren ohne Nachzahlung und ohne Betroffene: entweder Verfahren ohne Feststellung oder Fehlzuordnung.,0.0,False,"{""team_konfidenz"": ""low"", ""eigene_faelle"": 1}",CSX Corporation,Industrials
Q0275,F11_whd_ohne_befund,pruefen,DRI,whd_cases,2024.0,2.0,Verfahren ohne Nachzahlung und ohne Betroffene: entweder Verfahren ohne Feststellung oder Fehlzuordnung.,0.0,False,"{""team_konfidenz"": ""high"", ""eigene_faelle"": 1}",Darden Restaurants,Consumer Discretionary
Q0276,F11_whd_ohne_befund,pruefen,DVA,whd_cases,2024.0,1.0,Verfahren ohne Nachzahlung und ohne Betroffene: entweder Verfahren ohne Feststellung oder Fehlzuordnung.,0.0,False,"{""team_konfidenz"": ""high"", ""eigene_faelle"": 0}",DaVita,Health Care
Q0277,F11_whd_ohne_befund,pruefen,DELL,whd_cases,2024.0,2.0,Verfahren ohne Nachzahlung und ohne Betroffene: entweder Verfahren ohne Feststellung oder Fehlzuordnung.,0.0,False,"{""team_konfidenz"": ""high"", ""eigene_faelle"": 0}",Dell Technologies,Information Technology
Q0278,F11_whd_ohne_befund,pruefen,FANG,whd_cases,2024.0,1.0,Verfahren ohne Nachzahlung und ohne Betroffene: entweder Verfahren ohne Feststellung oder Fehlzuordnung.,0.0,False,"{""team_konfidenz"": ""high"", ""eigene_faelle"": 0}",Diamondback Energy,Energy
Q0279,F10_whd_zuordnung,pruefen,DLTR,whd_cases,2024.0,103.0,"Team-Datei nennt 103 Verfahren, eigener Namensabgleich findet 9. Verdacht: Zuordnung über Namensteile oder Franchise-Betriebe.",0.0,False,"{""team_konfidenz"": ""high"", ""eigene_faelle"": 9, ""handelsnamen_mit_ticker"": {}, ""firma"": ""Dollar Tree""}",Dollar Tree,Consumer Staples
Q0280,F11_whd_ohne_befund,pruefen,DD,whd_cases,2024.0,2.0,Verfahren ohne Nachzahlung und ohne Betroffene: entweder Verfahren ohne Feststellung oder Fehlzuordnung.,0.0,False,"{""team_konfidenz"": ""high"", ""eigene_faelle"": 1}",DuPont,Industrials
Q0281,F11_whd_ohne_befund,pruefen,ECL,whd_cases,2024.0,1.0,Verfahren ohne Nachzahlung und ohne Betroffene: entweder Verfahren ohne Feststellung oder Fehlzuordnung.,0.0,False,"{""team_konfidenz"": ""high"", ""eigene_faelle"": 1}",Ecolab,Materials
Q0282,F11_whd_ohne_befund,pruefen,ELV,whd_cases,2024.0,2.0,Verfahren ohne Nachzahlung und ohne Betroffene: entweder Verfahren ohne Feststellung oder Fehlzuordnung.,0.0,False,"{""team_konfidenz"": ""high"", ""eigene_faelle"": 2}",Elevance Health,Health Care
Q0283,F11_whd_ohne_befund,pruefen,EMR,whd_cases,2024.0,3.0,Verfahren ohne Nachzahlung und ohne Betroffene: entweder Verfahren ohne Feststellung oder Fehlzuordnung.,0.0,False,"{""team_konfidenz"": ""high"", ""eigene_faelle"": 0}",Emerson Electric,Industrials
Q0284,F11_whd_ohne_befund,pruefen,EVRG,whd_cases,2024.0,2.0,Verfahren ohne Nachzahlung und ohne Betroffene: entweder Verfahren ohne Feststellung oder Fehlzuordnung.,0.0,False,"{""team_konfidenz"": ""high"", ""eigene_faelle"": 2}",Evergy,Utilities
Q0285,F10_whd_zuordnung,pruefen,FSLR,whd_cases,2024.0,41.0,"Team-Datei nennt 41 Verfahren, eigener Namensabgleich findet 0. Verdacht: Zuordnung über Namensteile oder Franchise-Betriebe.",0.0,False,"{""team_konfidenz"": ""high"", ""eigene_faelle"": 0, ""handelsnamen_mit_ticker"": {}, ""firma"": ""First Solar""}",First Solar,Information Technology
Q0286,F10_whd_zuordnung,pruefen,FOXA,whd_cases,2024.0,18.0,"Team-Datei nennt 18 Verfahren, eigener Namensabgleich findet 0. Verdacht: Zuordnung über Namensteile oder Franchise-Betriebe.",0.0,False,"{""team_konfidenz"": ""low"", ""eigene_faelle"": 0, ""handelsnamen_mit_ticker"": {}, ""firma"": ""Fox Corporation (Class A)""}",Fox Corporation (Class A),Communication Services
Q0287,F10_whd_zuordnung,pruefen,FOX,whd_cases,2024.0,18.0,"Team-Datei nennt 18 Verfahren, eigener Namensabgleich findet 0. Verdacht: Zuordnung über Namensteile oder Franchise-Betriebe.",0.0,False,"{""team_konfidenz"": ""low"", ""eigene_faelle"": 0, ""handelsnamen_mit_ticker"": {""Fox's Pizza Den"": 2, ""Fox Fuels Gas Station"": 1, ""Fox Hill Village"": 1, ""Rosati's Pizza Fox Point"": 1}, ""firma"": ""Fox Corporation (Class B)""}",Fox Corporation (Class B),Communication Services
Q0288,F10_whd_zuordnung,pruefen,BEN,whd_cases,2024.0,17.0,"Team-Datei nennt 17 Verfahren, eigener Namensabgleich findet 0. Verdacht: Zuordnung über Namensteile oder Franchise-Betriebe.",0.0,False,"{""team_konfidenz"": ""high"", ""eigene_faelle"": 0, ""handelsnamen_mit_ticker"": {""Trevino, Benito FLC"": 2, ""FLC Benito Guerra"": 1, ""HOGAR BEN DAVID"": 1, ""BEND SHAPE MASK LLC"": 1}, ""firma"": ""Franklin Resources""}",Franklin Resources,Financials
Q0289,F10_whd_zuordnung,pruefen,GIS,whd_cases,2024.0,11.0,"Team-Datei nennt 11 Verfahren, eigener Namensabgleich findet 2. Verdacht: Zuordnung über Namensteile oder Franchise-Betriebe.",0.0,False,"{""team_konfidenz"": ""high"", ""eigene_faelle"": 2, ""handelsnamen_mit_ticker"": {}, ""firma"": ""General Mills""}",General Mills,Consumer Staples
Q0290,F11_whd_ohne_befund,pruefen,HAL,whd_cases,2024.0,1.0,Verfahren ohne Nachzahlung und ohne Betroffene: entweder Verfahren ohne Feststellung oder Fehlzuordnung.,0.0,False,"{""team_konfidenz"": ""high"", ""eigene_faelle"": 1}",Halliburton,Energy
Q0291,F11_whd_ohne_befund,pruefen,HSY,whd_cases,2024.0,1.0,Verfahren ohne Nachzahlung und ohne Betroffene: entweder Verfahren ohne Feststellung oder Fehlzuordnung.,0.0,False,"{""team_konfidenz"": ""high"", ""eigene_faelle"": 0}",Hershey Company (The),Consumer Staples
Q0292,F10_whd_zuordnung,pruefen,HLT,whd_cases,2024.0,26.0,"Team-Datei nennt 26 Verfahren, eigener Namensabgleich findet 0. Verdacht: Zuordnung über Namensteile oder Franchise-Betriebe.",0.0,False,"{""team_konfidenz"": ""high"", ""eigene_faelle"": 0, ""handelsnamen_mit_ticker"": {}, ""firma"": ""Hilton Worldwide""}",Hilton Worldwide,Consumer Discretionary
Q0293,F11_whd_ohne_befund,pruefen,HWM,whd_cases,2024.0,1.0,Verfahren ohne Nachzahlung und ohne Betroffene: entweder Verfahren ohne Feststellung oder Fehlzuordnung.,0.0,False,"{""team_konfidenz"": ""high"", ""eigene_faelle"": 1}",Howmet Aerospace,Industrials
Q0294,F11_whd_ohne_befund,pruefen,IR,whd_cases,2024.0,1.0,Verfahren ohne Nachzahlung und ohne Betroffene: entweder Verfahren ohne Feststellung oder Fehlzuordnung.,0.0,False,"{""team_konfidenz"": ""high"", ""eigene_faelle"": 1}",Ingersoll Rand,Industrials
Q0295,F11_whd_ohne_befund,pruefen,IFF,whd_cases,2024.0,1.0,Verfahren ohne Nachzahlung und ohne Betroffene: entweder Verfahren ohne Feststellung oder Fehlzuordnung.,0.0,False,"{""team_konfidenz"": ""high"", ""eigene_faelle"": 0}",International Flavors & Fragrances,Materials
Q0296,F10_whd_zuordnung,pruefen,JNJ,whd_cases,2024.0,82.0,"Team-Datei nennt 82 Verfahren, eigener Namensabgleich findet 0. Verdacht: Zuordnung über Namensteile oder Franchise-Betriebe.",0.0,False,"{""team_konfidenz"": ""high"", ""eigene_faelle"": 0, ""handelsnamen_mit_ticker"": {""JNJ Home Healthcare"": 1}, ""firma"": ""Johnson & Johnson""}",Johnson & Johnson,Health Care
Q0297,F11_whd_ohne_befund,pruefen,KLAC,whd_cases,2024.0,1.0,Verfahren ohne Nachzahlung und ohne Betroffene: entweder Verfahren ohne Feststellung oder Fehlzuordnung.,0.0,False,"{""team_konfidenz"": ""low"", ""eigene_faelle"": 2}",KLA Corporation,Information Technology
Q0298,F11_whd_ohne_befund,pruefen,KHC,whd_cases,2024.0,2.0,Verfahren ohne Nachzahlung und ohne Betroffene: entweder Verfahren ohne Feststellung oder Fehlzuordnung.,0.0,False,"{""team_konfidenz"": ""high"", ""eigene_faelle"": 2}",Kraft Heinz,Consumer Staples
Q0299,F11_whd_ohne_befund,pruefen,LHX,whd_cases,2024.0,1.0,Verfahren ohne Nachzahlung und ohne Betroffene: entweder Verfahren ohne Feststellung oder Fehlzuordnung.,0.0,False,"{""team_konfidenz"": ""high"", ""eigene_faelle"": 1}",L3Harris,Industrials
Q0300,F10_whd_zuordnung,pruefen,MTB,whd_cases,2024.0,12.0,"Team-Datei nennt 12 Verfahren, eigener Namensabgleich findet 1. Verdacht: Zuordnung über Namensteile oder Franchise-Betriebe.",0.0,False,"{""team_konfidenz"": ""low"", ""eigene_faelle"": 1, ""handelsnamen_mit_ticker"": {}, ""firma"": ""M&T Bank""}",M&T Bank,Financials
Q0301,F10_whd_zuordnung,pruefen,MPC,whd_cases,2024.0,14.0,"Team-Datei nennt 14 Verfahren, eigener Namensabgleich findet 2. Verdacht: Zuordnung über Namensteile oder Franchise-Betriebe.",0.0,False,"{""team_konfidenz"": ""high"", ""eigene_faelle"": 2, ""handelsnamen_mit_ticker"": {}, ""firma"": ""Marathon Petroleum""}",Marathon Petroleum,Energy
Q0302,F10_whd_zuordnung,pruefen,MAR,whd_cases,2024.0,22.0,"Team-Datei nennt 22 Verfahren, eigener Namensabgleich findet 1. Verdacht: Zuordnung über Namensteile oder Franchise-Betriebe.",0.0,False,"{""team_konfidenz"": ""high"", ""eigene_faelle"": 1, ""handelsnamen_mit_ticker"": {""Marco's Pizza"": 20, ""Boston Market"": 8, ""Marcos Pizza"": 5, ""Marco�s Pizza"": 5}, ""firma"": ""Marriott International""}",Marriott International,Consumer Discretionary
Q0303,F11_whd_ohne_befund,pruefen,MGM,whd_cases,2024.0,2.0,Verfahren ohne Nachzahlung und ohne Betroffene: entweder Verfahren ohne Feststellung oder Fehlzuordnung.,0.0,False,"{""team_konfidenz"": ""low"", ""eigene_faelle"": 1}",MGM Resorts,Consumer Discretionary
Q0304,F11_whd_ohne_befund,pruefen,MRNA,whd_cases,2024.0,1.0,Verfahren ohne Nachzahlung und ohne Betroffene: entweder Verfahren ohne Feststellung oder Fehlzuordnung.,0.0,False,"{""team_konfidenz"": ""high"", ""eigene_faelle"": 0}",Moderna,Health Care
Q0305,F11_whd_ohne_befund,pruefen,TAP,whd_cases,2024.0,1.0,Verfahren ohne Nachzahlung und ohne Betroffene: entweder Verfahren ohne Feststellung oder Fehlzuordnung.,0.0,False,"{""team_konfidenz"": ""high"", ""eigene_faelle"": 1}",Molson Coors Beverage Company,Consumer Staples
Q0306,F10_whd_zuordnung,pruefen,MS,whd_cases,2024.0,12.0,"Team-Datei nennt 12 Verfahren, eigener Namensabgleich findet 0. Verdacht: Zuordnung über Namensteile oder Franchise-Betriebe.",0.0,False,"{""team_konfidenz"": ""high"", ""eigene_faelle"": 0, ""handelsnamen_mit_ticker"": {""MSI Express"": 2, ""Ms. Ida's Child Care Center"": 1, ""MS Companies"": 1, ""Toyota Motor Manufacturing MS"": 1}, ""firma"": ""Morgan Stanley""}",Morgan Stanley,Financials
Q0307,F11_whd_ohne_befund,pruefen,MOS,whd_cases,2024.0,2.0,Verfahren ohne Nachzahlung und ohne Betroffene: entweder Verfahren ohne Feststellung oder Fehlzuordnung.,0.0,False,"{""team_konfidenz"": ""high"", ""eigene_faelle"": 2}",Mosaic Company (The),Materials
Q0308,F11_whd_ohne_befund,pruefen,NVDA,whd_cases,2024.0,1.0,Verfahren ohne Nachzahlung und ohne Betroffene: entweder Verfahren ohne Feststellung oder Fehlzuordnung.,0.0,False,"{""team_konfidenz"": ""high"", ""eigene_faelle"": 1}",Nvidia,Information Technology
Q0309,F11_whd_ohne_befund,pruefen,NVR,whd_cases,2024.0,1.0,Verfahren ohne Nachzahlung und ohne Betroffene: entweder Verfahren ohne Feststellung oder Fehlzuordnung.,0.0,False,"{""team_konfidenz"": ""low"", ""eigene_faelle"": 0}","NVR, Inc.",Consumer Discretionary
Q0310,F11_whd_ohne_befund,pruefen,ORLY,whd_cases,2024.0,2.0,Verfahren ohne Nachzahlung und ohne Betroffene: entweder Verfahren ohne Feststellung oder Fehlzuordnung.,0.0,False,"{""team_konfidenz"": ""high"", ""eigene_faelle"": 1}",O'Reilly Automotive,Consumer Discretionary
Q0311,F10_whd_zuordnung,pruefen,ODFL,whd_cases,2024.0,43.0,"Team-Datei nennt 43 Verfahren, eigener Namensabgleich findet 0. Verdacht: Zuordnung über Namensteile oder Franchise-Betriebe.",0.0,False,"{""team_konfidenz"": ""low"", ""eigene_faelle"": 0, ""handelsnamen_mit_ticker"": {}, ""firma"": ""Old Dominion""}",Old Dominion,Industrials
Q0312,F11_whd_ohne_befund,pruefen,ON,whd_cases,2024.0,1.0,Verfahren ohne Nachzahlung und ohne Betroffene: entweder Verfahren ohne Feststellung oder Fehlzuordnung.,0.0,False,"{""team_konfidenz"": ""high"", ""eigene_faelle"": 0}",ON Semiconductor,Information Technology
Q0313,F11_whd_ohne_befund,pruefen,PANW,whd_cases,2024.0,2.0,Verfahren ohne Nachzahlung und ohne Betroffene: entweder Verfahren ohne Feststellung oder Fehlzuordnung.,0.0,False,"{""team_konfidenz"": ""high"", ""eigene_faelle"": 0}",Palo Alto Networks,Information Technology
Q0314,F11_whd_ohne_befund,pruefen,PH,whd_cases,2024.0,1.0,Verfahren ohne Nachzahlung und ohne Betroffene: entweder Verfahren ohne Feststellung oder Fehlzuordnung.,0.0,False,"{""team_konfidenz"": ""high"", ""eigene_faelle"": 1}",Parker Hannifin,Industrials
Q0315,F11_whd_ohne_befund,pruefen,PAYX,whd_cases,2024.0,1.0,Verfahren ohne Nachzahlung und ohne Betroffene: entweder Verfahren ohne Feststellung oder Fehlzuordnung.,0.0,False,"{""team_konfidenz"": ""high"", ""eigene_faelle"": 1}",Paychex,Industrials
Q0316,F11_whd_ohne_befund,pruefen,PYPL,whd_cases,2024.0,1.0,Verfahren ohne Nachzahlung und ohne Betroffene: entweder Verfahren ohne Feststellung oder Fehlzuordnung.,0.0,False,"{""team_konfidenz"": ""high"", ""eigene_faelle"": 0}",PayPal,Financials
Q0317,F11_whd_ohne_befund,pruefen,PEP,whd_cases,2024.0,14.0,Verfahren ohne Nachzahlung und ohne Betroffene: entweder Verfahren ohne Feststellung oder Fehlzuordnung.,0.0,False,"{""team_konfidenz"": ""high"", ""eigene_faelle"": 16}",PepsiCo,Consumer Staples
Q0318,F11_whd_ohne_befund,pruefen,PNC,whd_cases,2024.0,1.0,Verfahren ohne Nachzahlung und ohne Betroffene: entweder Verfahren ohne Feststellung oder Fehlzuordnung.,0.0,False,"{""team_konfidenz"": ""low"", ""eigene_faelle"": 0}",PNC Financial Services,Financials
Q0319,F11_whd_ohne_befund,pruefen,PPG,whd_cases,2024.0,1.0,Verfahren ohne Nachzahlung und ohne Betroffene: entweder Verfahren ohne Feststellung oder Fehlzuordnung.,0.0,False,"{""team_konfidenz"": ""low"", ""eigene_faelle"": 1}",PPG Industries,Materials
Q0320,F10_whd_zuordnung,pruefen,PGR,whd_cases,2024.0,10.0,"Team-Datei nennt 10 Verfahren, eigener Namensabgleich findet 0. Verdacht: Zuordnung über Namensteile oder Franchise-Betriebe.",0.0,False,"{""team_konfidenz"": ""high"", ""eigene_faelle"": 0, ""handelsnamen_mit_ticker"": {}, ""firma"": ""Progressive Corporation""}",Progressive Corporation,Financials
Q0321,F11_whd_ohne_befund,pruefen,QCOM,whd_cases,2024.0,1.0,Verfahren ohne Nachzahlung und ohne Betroffene: entweder Verfahren ohne Feststellung oder Fehlzuordnung.,0.0,False,"{""team_konfidenz"": ""high"", ""eigene_faelle"": 1}",Qualcomm,Information Technology
Q0322,F11_whd_ohne_befund,pruefen,RJF,whd_cases,2024.0,1.0,Verfahren ohne Nachzahlung und ohne Betroffene: entweder Verfahren ohne Feststellung oder Fehlzuordnung.,0.0,False,"{""team_konfidenz"": ""high"", ""eigene_faelle"": 0}",Raymond James Financial,Financials
Q0323,F11_whd_ohne_befund,pruefen,RCL,whd_cases,2024.0,1.0,Verfahren ohne Nachzahlung und ohne Betroffene: entweder Verfahren ohne Feststellung oder Fehlzuordnung.,0.0,False,"{""team_konfidenz"": ""high"", ""eigene_faelle"": 0}",Royal Caribbean Group,Consumer Discretionary
Q0324,F10_whd_zuordnung,pruefen,SPGI,whd_cases,2024.0,11.0,"Team-Datei nennt 11 Verfahren, eigener Namensabgleich findet 1. Verdacht: Zuordnung über Namensteile oder Franchise-Betriebe.",0.0,False,"{""team_konfidenz"": ""low"", ""eigene_faelle"": 1, ""handelsnamen_mit_ticker"": {}, ""firma"": ""S&P Global""}",S&P Global,Financials
Q0325,F11_whd_ohne_befund,pruefen,SHW,whd_cases,2024.0,1.0,Verfahren ohne Nachzahlung und ohne Betroffene: entweder Verfahren ohne Feststellung oder Fehlzuordnung.,0.0,False,"{""team_konfidenz"": ""high"", ""eigene_faelle"": 1}",Sherwin-Williams,Materials
Q0326,F10_whd_zuordnung,pruefen,LUV,whd_cases,2024.0,48.0,"Team-Datei nennt 48 Verfahren, eigener Namensabgleich findet 1. Verdacht: Zuordnung über Namensteile oder Franchise-Betriebe.",0.0,False,"{""team_konfidenz"": ""high"", ""eigene_faelle"": 1, ""handelsnamen_mit_ticker"": {""Luvata Inc."": 1, ""Luvida Memory Care"": 1}, ""firma"": ""Southwest Airlines""}",Southwest Airlines,Industrials
Q0327,F11_whd_ohne_befund,pruefen,SWK,whd_cases,2024.0,1.0,Verfahren ohne Nachzahlung und ohne Betroffene: entweder Verfahren ohne Feststellung oder Fehlzuordnung.,0.0,False,"{""team_konfidenz"": ""high"", ""eigene_faelle"": 1}",Stanley Black & Decker,Industrials
Q0328,F11_whd_ohne_befund,pruefen,STE,whd_cases,2024.0,1.0,Verfahren ohne Nachzahlung und ohne Betroffene: entweder Verfahren ohne Feststellung oder Fehlzuordnung.,0.0,False,"{""team_konfidenz"": ""high"", ""eigene_faelle"": 1}",Steris,Health Care
Q0329,F11_whd_ohne_befund,pruefen,TXT,whd_cases,2024.0,3.0,Verfahren ohne Nachzahlung und ohne Betroffene: entweder Verfahren ohne Feststellung oder Fehlzuordnung.,0.0,False,"{""team_konfidenz"": ""high"", ""eigene_faelle"": 2}",Textron,Industrials
Q0330,F11_whd_ohne_befund,pruefen,TJX,whd_cases,2024.0,1.0,Verfahren ohne Nachzahlung und ohne Betroffene: entweder Verfahren ohne Feststellung oder Fehlzuordnung.,0.0,False,"{""team_konfidenz"": ""low"", ""eigene_faelle"": 1}",TJX Companies,Consumer Discretionary
Q0331,F11_whd_ohne_befund,pruefen,TKO,whd_cases,2024.0,2.0,Verfahren ohne Nachzahlung und ohne Betroffene: entweder Verfahren ohne Feststellung oder Fehlzuordnung.,0.0,False,"{""team_konfidenz"": ""low"", ""eigene_faelle"": 0}",TKO Group Holdings,Communication Services
Q0332,F11_whd_ohne_befund,pruefen,TT,whd_cases,2024.0,2.0,Verfahren ohne Nachzahlung und ohne Betroffene: entweder Verfahren ohne Feststellung oder Fehlzuordnung.,0.0,False,"{""team_konfidenz"": ""high"", ""eigene_faelle"": 0}",Trane Technologies,Industrials
Q0333,F11_whd_ohne_befund,pruefen,TFC,whd_cases,2024.0,2.0,Verfahren ohne Nachzahlung und ohne Betroffene: entweder Verfahren ohne Feststellung oder Fehlzuordnung.,0.0,False,"{""team_konfidenz"": ""high"", ""eigene_faelle"": 1}",Truist Financial,Financials
Q0334,F10_whd_zuordnung,pruefen,TYL,whd_cases,2024.0,14.0,"Team-Datei nennt 14 Verfahren, eigener Namensabgleich findet 0. Verdacht: Zuordnung über Namensteile oder Franchise-Betriebe.",0.0,False,"{""team_konfidenz"": ""high"", ""eigene_faelle"": 0, ""handelsnamen_mit_ticker"": {""Tyler Independent School District"": 1, ""UT Health Tyler"": 1, ""Tyler Cleaners"": 1, ""Brookdale Tyler South"": 1}, ""firma"": ""Tyler Technologies""}",Tyler Technologies,Information Technology
Q0335,F10_whd_zuordnung,pruefen,USB,whd_cases,2024.0,45.0,"Team-Datei nennt 45 Verfahren, eigener Namensabgleich findet 0. Verdacht: Zuordnung über Namensteile oder Franchise-Betriebe.",0.0,False,"{""team_konfidenz"": ""low"", ""eigene_faelle"": 0, ""handelsnamen_mit_ticker"": {}, ""firma"": ""U.S. Bancorp""}",U.S. Bancorp,Financials
Q0336,F11_whd_ohne_befund,pruefen,UDR,whd_cases,2024.0,1.0,Verfahren ohne Nachzahlung und ohne Betroffene: entweder Verfahren ohne Feststellung oder Fehlzuordnung.,0.0,False,"{""team_konfidenz"": ""low"", ""eigene_faelle"": 1}","UDR, Inc.",Real Estate
Q0337,F11_whd_ohne_befund,pruefen,ULTA,whd_cases,2024.0,2.0,Verfahren ohne Nachzahlung und ohne Betroffene: entweder Verfahren ohne Feststellung oder Fehlzuordnung.,0.0,False,"{""team_konfidenz"": ""high"", ""eigene_faelle"": 1}",Ulta Beauty,Consumer Discretionary
Q0338,F10_whd_zuordnung,pruefen,URI,whd_cases,2024.0,20.0,"Team-Datei nennt 20 Verfahren, eigener Namensabgleich findet 1. Verdacht: Zuordnung über Namensteile oder Franchise-Betriebe.",0.0,False,"{""team_konfidenz"": ""high"", ""eigene_faelle"": 1, ""handelsnamen_mit_ticker"": {""Uriah Food Mart"": 1, ""Uriah Hill Elementary School"": 1, ""URI Enterprises, LLC"": 1}, ""firma"": ""United Rentals""}",United Rentals,Industrials
Q0339,F10_whd_zuordnung,pruefen,UHS,whd_cases,2024.0,103.0,"Team-Datei nennt 103 Verfahren, eigener Namensabgleich findet 1. Verdacht: Zuordnung über Namensteile oder Franchise-Betriebe.",0.0,False,"{""team_konfidenz"": ""high"", ""eigene_faelle"": 1, ""handelsnamen_mit_ticker"": {}, ""firma"": ""Universal Health Services""}",Universal Health Services,Health Care
Q0340,F11_whd_ohne_befund,pruefen,VZ,whd_cases,2024.0,1.0,Verfahren ohne Nachzahlung und ohne Betroffene: entweder Verfahren ohne Feststellung oder Fehlzuordnung.,0.0,False,"{""team_konfidenz"": ""high"", ""eigene_faelle"": 0}",Verizon,Communication Services
Q0341,F11_whd_ohne_befund,pruefen,WRB,whd_cases,2024.0,1.0,Verfahren ohne Nachzahlung und ohne Betroffene: entweder Verfahren ohne Feststellung oder Fehlzuordnung.,0.0,False,"{""team_konfidenz"": ""high"", ""eigene_faelle"": 0}",W. R. Berkley Corporation,Financials
Q0342,F10_whd_zuordnung,pruefen,WM,whd_cases,2024.0,14.0,"Team-Datei nennt 14 Verfahren, eigener Namensabgleich findet 0. Verdacht: Zuordnung über Namensteile oder Franchise-Betriebe.",0.0,False,"{""team_konfidenz"": ""high"", ""eigene_faelle"": 0, ""handelsnamen_mit_ticker"": {""WMI, Inc."": 1, ""WM Grocery"": 1, ""WM Construction"": 1}, ""firma"": ""Waste Management""}",Waste Management,Industrials
Q0343,F10_whd_zuordnung,pruefen,WAT,whd_cases,2024.0,10.0,"Team-Datei nennt 10 Verfahren, eigener Namensabgleich findet 0. Verdacht: Zuordnung über Namensteile oder Franchise-Betriebe.",0.0,False,"{""team_konfidenz"": ""high"", ""eigene_faelle"": 0, ""handelsnamen_mit_ticker"": {""Water Energy Services"": 4, ""The Waters of Martinsville"": 1, ""DeKalb County Department of Water Management"": 1, ""Waterdrinker Family Farm & Garden"": 1}, ""firma"": ""Waters Corporation""}",Waters Corporation,Health Care
Q0344,F11_whd_ohne_befund,pruefen,WELL,whd_cases,2024.0,1.0,Verfahren ohne Nachzahlung und ohne Betroffene: entweder Verfahren ohne Feststellung oder Fehlzuordnung.,0.0,False,"{""team_konfidenz"": ""high"", ""eigene_faelle"": 0}",Welltower,Real Estate
Q0345,F11_whd_ohne_befund,pruefen,WSM,whd_cases,2024.0,1.0,Verfahren ohne Nachzahlung und ohne Betroffene: entweder Verfahren ohne Feststellung oder Fehlzuordnung.,0.0,False,"{""team_konfidenz"": ""high"", ""eigene_faelle"": 0}","Williams-Sonoma, Inc.",Consumer Discretionary
Q0346,F11_whd_ohne_befund,pruefen,ZBH,whd_cases,2024.0,1.0,Verfahren ohne Nachzahlung und ohne Betroffene: entweder Verfahren ohne Feststellung oder Fehlzuordnung.,0.0,False,"{""team_konfidenz"": ""high"", ""eigene_faelle"": 1}",Zimmer Biomet,Health Care
Q0347,F12_sbti_zieltyp,fehler,CRWD,sbti_commitment_removed,2026.0,1.0,"Validiert und zurückgezogen zugleich: Die Status gehören zu verschiedenen Zieltypen (Nahziel gesetzt, Netto-null-Zusage zurückgezogen). Die Kennzahl vermischt beides.",0.0,False,"{""regel"": ""Commitment removed = Ziel nicht binnen 24 Monaten eingereicht""}",CrowdStrike,Information Technology
Q0348,F12_sbti_zieltyp,fehler,META,sbti_commitment_removed,2026.0,1.0,"Validiert und zurückgezogen zugleich: Die Status gehören zu verschiedenen Zieltypen (Nahziel gesetzt, Netto-null-Zusage zurückgezogen). Die Kennzahl vermischt beides.",0.0,False,"{""regel"": ""Commitment removed = Ziel nicht binnen 24 Monaten eingereicht""}",Meta Platforms,Communication Services
Q0349,F12_sbti_zieltyp,fehler,CLX,sbti_commitment_removed,2026.0,1.0,"Validiert und zurückgezogen zugleich: Die Status gehören zu verschiedenen Zieltypen (Nahziel gesetzt, Netto-null-Zusage zurückgezogen). Die Kennzahl vermischt beides.",0.0,False,"{""regel"": ""Commitment removed = Ziel nicht binnen 24 Monaten eingereicht""}",Clorox,Consumer Staples
Q0350,F12_sbti_zieltyp,fehler,UAL,sbti_commitment_removed,2026.0,1.0,"Validiert und zurückgezogen zugleich: Die Status gehören zu verschiedenen Zieltypen (Nahziel gesetzt, Netto-null-Zusage zurückgezogen). Die Kennzahl vermischt beides.",0.0,False,"{""regel"": ""Commitment removed = Ziel nicht binnen 24 Monaten eingereicht""}",United Airlines Holdings,Industrials
Q0351,F12_sbti_zieltyp,fehler,MDT,sbti_commitment_removed,2026.0,1.0,"Validiert und zurückgezogen zugleich: Die Status gehören zu verschiedenen Zieltypen (Nahziel gesetzt, Netto-null-Zusage zurückgezogen). Die Kennzahl vermischt beides.",0.0,False,"{""regel"": ""Commitment removed = Ziel nicht binnen 24 Monaten eingereicht""}",Medtronic,Health Care
Q0352,F12_sbti_zieltyp,fehler,MRVL,sbti_commitment_removed,2026.0,1.0,"Validiert und zurückgezogen zugleich: Die Status gehören zu verschiedenen Zieltypen (Nahziel gesetzt, Netto-null-Zusage zurückgezogen). Die Kennzahl vermischt beides.",0.0,False,"{""regel"": ""Commitment removed = Ziel nicht binnen 24 Monaten eingereicht""}",Marvell Technology,Information Technology
Q0353,F12_sbti_zieltyp,fehler,NFLX,sbti_commitment_removed,2026.0,1.0,"Validiert und zurückgezogen zugleich: Die Status gehören zu verschiedenen Zieltypen (Nahziel gesetzt, Netto-null-Zusage zurückgezogen). Die Kennzahl vermischt beides.",0.0,False,"{""regel"": ""Commitment removed = Ziel nicht binnen 24 Monaten eingereicht""}",Netflix,Communication Services
Q0354,F12_sbti_zieltyp,fehler,YUM,sbti_commitment_removed,2026.0,1.0,"Validiert und zurückgezogen zugleich: Die Status gehören zu verschiedenen Zieltypen (Nahziel gesetzt, Netto-null-Zusage zurückgezogen). Die Kennzahl vermischt beides.",0.0,False,"{""regel"": ""Commitment removed = Ziel nicht binnen 24 Monaten eingereicht""}",Yum! Brands,Consumer Discretionary
Q0355,F12_sbti_zieltyp,fehler,GM,sbti_commitment_removed,2026.0,1.0,"Validiert und zurückgezogen zugleich: Die Status gehören zu verschiedenen Zieltypen (Nahziel gesetzt, Netto-null-Zusage zurückgezogen). Die Kennzahl vermischt beides.",0.0,False,"{""regel"": ""Commitment removed = Ziel nicht binnen 24 Monaten eingereicht""}",General Motors,Consumer Discretionary
Q0356,F12_sbti_zieltyp,fehler,WY,sbti_commitment_removed,2026.0,1.0,"Validiert und zurückgezogen zugleich: Die Status gehören zu verschiedenen Zieltypen (Nahziel gesetzt, Netto-null-Zusage zurückgezogen). Die Kennzahl vermischt beides.",0.0,False,"{""regel"": ""Commitment removed = Ziel nicht binnen 24 Monaten eingereicht""}",Weyerhaeuser,Real Estate
Q0357,F12_sbti_zieltyp,fehler,JNJ,sbti_commitment_removed,2026.0,1.0,"Validiert und zurückgezogen zugleich: Die Status gehören zu verschiedenen Zieltypen (Nahziel gesetzt, Netto-null-Zusage zurückgezogen). Die Kennzahl vermischt beides.",0.0,False,"{""regel"": ""Commitment removed = Ziel nicht binnen 24 Monaten eingereicht""}",Johnson & Johnson,Health Care
Q0358,F12_sbti_zieltyp,fehler,ADI,sbti_commitment_removed,2026.0,1.0,"Validiert und zurückgezogen zugleich: Die Status gehören zu verschiedenen Zieltypen (Nahziel gesetzt, Netto-null-Zusage zurückgezogen). Die Kennzahl vermischt beides.",0.0,False,"{""regel"": ""Commitment removed = Ziel nicht binnen 24 Monaten eingereicht""}",Analog Devices,Information Technology
Q0359,F12_sbti_zieltyp,fehler,RL,sbti_commitment_removed,2026.0,1.0,"Validiert und zurückgezogen zugleich: Die Status gehören zu verschiedenen Zieltypen (Nahziel gesetzt, Netto-null-Zusage zurückgezogen). Die Kennzahl vermischt beides.",0.0,False,"{""regel"": ""Commitment removed = Ziel nicht binnen 24 Monaten eingereicht""}",Ralph Lauren Corporation,Consumer Discretionary
Q0360,F12_sbti_zieltyp,fehler,MSFT,sbti_commitment_removed,2026.0,1.0,"Validiert und zurückgezogen zugleich: Die Status gehören zu verschiedenen Zieltypen (Nahziel gesetzt, Netto-null-Zusage zurückgezogen). Die Kennzahl vermischt beides.",0.0,False,"{""regel"": ""Commitment removed = Ziel nicht binnen 24 Monaten eingereicht""}",Microsoft,Information Technology
Q0361,F12_sbti_zieltyp,fehler,XYL,sbti_commitment_removed,2026.0,1.0,"Validiert und zurückgezogen zugleich: Die Status gehören zu verschiedenen Zieltypen (Nahziel gesetzt, Netto-null-Zusage zurückgezogen). Die Kennzahl vermischt beides.",0.0,False,"{""regel"": ""Commitment removed = Ziel nicht binnen 24 Monaten eingereicht""}",Xylem Inc.,Industrials
Q0362,F12_sbti_zieltyp,fehler,UNP,sbti_commitment_removed,2026.0,1.0,"Validiert und zurückgezogen zugleich: Die Status gehören zu verschiedenen Zieltypen (Nahziel gesetzt, Netto-null-Zusage zurückgezogen). Die Kennzahl vermischt beides.",0.0,False,"{""regel"": ""Commitment removed = Ziel nicht binnen 24 Monaten eingereicht""}",Union Pacific Corporation,Industrials
Q0363,F12_sbti_zieltyp,fehler,WMT,sbti_commitment_removed,2026.0,1.0,"Validiert und zurückgezogen zugleich: Die Status gehören zu verschiedenen Zieltypen (Nahziel gesetzt, Netto-null-Zusage zurückgezogen). Die Kennzahl vermischt beides.",0.0,False,"{""regel"": ""Commitment removed = Ziel nicht binnen 24 Monaten eingereicht""}",Walmart,Consumer Staples
Q0364,F12_sbti_zieltyp,fehler,KVUE,sbti_commitment_removed,2026.0,1.0,"Validiert und zurückgezogen zugleich: Die Status gehören zu verschiedenen Zieltypen (Nahziel gesetzt, Netto-null-Zusage zurückgezogen). Die Kennzahl vermischt beides.",0.0,False,"{""regel"": ""Commitment removed = Ziel nicht binnen 24 Monaten eingereicht""}",Kenvue,Consumer Staples
Q0365,F12_sbti_zieltyp,fehler,F,sbti_commitment_removed,2026.0,1.0,"Validiert und zurückgezogen zugleich: Die Status gehören zu verschiedenen Zieltypen (Nahziel gesetzt, Netto-null-Zusage zurückgezogen). Die Kennzahl vermischt beides.",0.0,False,"{""regel"": ""Commitment removed = Ziel nicht binnen 24 Monaten eingereicht""}",Ford Motor Company,Consumer Discretionary
Q0366,F12_sbti_zieltyp,fehler,XYZ,sbti_commitment_removed,2026.0,1.0,"Validiert und zurückgezogen zugleich: Die Status gehören zu verschiedenen Zieltypen (Nahziel gesetzt, Netto-null-Zusage zurückgezogen). Die Kennzahl vermischt beides.",0.0,False,"{""regel"": ""Commitment removed = Ziel nicht binnen 24 Monaten eingereicht""}","Block, Inc.",Financials
Q0367,F12_sbti_zieltyp,fehler,BXP,sbti_commitment_removed,2026.0,1.0,"Validiert und zurückgezogen zugleich: Die Status gehören zu verschiedenen Zieltypen (Nahziel gesetzt, Netto-null-Zusage zurückgezogen). Die Kennzahl vermischt beides.",0.0,False,"{""regel"": ""Commitment removed = Ziel nicht binnen 24 Monaten eingereicht""}","BXP, Inc.",Real Estate
Q0368,F12_sbti_zieltyp,fehler,FTNT,sbti_commitment_removed,2026.0,1.0,"Validiert und zurückgezogen zugleich: Die Status gehören zu verschiedenen Zieltypen (Nahziel gesetzt, Netto-null-Zusage zurückgezogen). Die Kennzahl vermischt beides.",0.0,False,"{""regel"": ""Commitment removed = Ziel nicht binnen 24 Monaten eingereicht""}",Fortinet,Information Technology
Q0369,F12_sbti_zieltyp,fehler,NRG,sbti_commitment_removed,2026.0,1.0,"Validiert und zurückgezogen zugleich: Die Status gehören zu verschiedenen Zieltypen (Nahziel gesetzt, Netto-null-Zusage zurückgezogen). Die Kennzahl vermischt beides.",0.0,False,"{""regel"": ""Commitment removed = Ziel nicht binnen 24 Monaten eingereicht""}",NRG Energy,Utilities
Q0370,F12_sbti_zieltyp,fehler,PG,sbti_commitment_removed,2026.0,1.0,"Validiert und zurückgezogen zugleich: Die Status gehören zu verschiedenen Zieltypen (Nahziel gesetzt, Netto-null-Zusage zurückgezogen). Die Kennzahl vermischt beides.",0.0,False,"{""regel"": ""Commitment removed = Ziel nicht binnen 24 Monaten eingereicht""}",Procter & Gamble,Consumer Staples
Q0371,F12_sbti_zieltyp,fehler,PFE,sbti_commitment_removed,2026.0,1.0,"Validiert und zurückgezogen zugleich: Die Status gehören zu verschiedenen Zieltypen (Nahziel gesetzt, Netto-null-Zusage zurückgezogen). Die Kennzahl vermischt beides.",0.0,False,"{""regel"": ""Commitment removed = Ziel nicht binnen 24 Monaten eingereicht""}",Pfizer,Health Care
Q0372,F13_sbti_abgelaufen,pruefen,AMD,sbti_near_term_year,2026.0,2020.0,"Zieljahr des Nahziels liegt in der Vergangenheit: erreicht, verfehlt oder nicht aktualisiert.",0.0,False,{},Advanced Micro Devices,Information Technology
Q0373,F13_sbti_abgelaufen,pruefen,NRG,sbti_near_term_year,2026.0,2025.0,"Zieljahr des Nahziels liegt in der Vergangenheit: erreicht, verfehlt oder nicht aktualisiert.",0.0,False,{},NRG Energy,Utilities
Q0374,F13_sbti_abgelaufen,pruefen,PYPL,sbti_near_term_year,2026.0,2025.0,"Zieljahr des Nahziels liegt in der Vergangenheit: erreicht, verfehlt oder nicht aktualisiert.",0.0,False,{},PayPal,Financials
Q0375,F13_sbti_abgelaufen,pruefen,SPGI,sbti_near_term_year,2026.0,2025.0,"Zieljahr des Nahziels liegt in der Vergangenheit: erreicht, verfehlt oder nicht aktualisiert.",0.0,False,{},S&P Global,Financials
Q0376,P01_branchenextrem,pruefen,FSLR,whd_backwages_usd,2024.0,1417755.97,Im Branchenvergleich extrem (robuster z-Wert 4.1 auf log-Skala). Kann real sein.,0.0,False,"{""branche"": ""Information Technology"", ""n"": 22, ""median"": 8927.315, ""p90"": 71489.87900000006, ""max"": 1417755.97, ""zeitreihe"": {""2024"": 1417755.97}}",First Solar,Information Technology
Q0377,P02_rangband_ohne_aussage,pruefen,MDLZ,rank_p50,2023.0,73.33333333333333,"Rangband 20-100: Der Median suggeriert eine Einordnung, die es nicht gibt.",0.0,True,"{""p10"": 20.0, ""p90"": 100.0}",Mondelez International,Consumer Staples
Q0378,P02_rangband_ohne_aussage,pruefen,TGT,rank_p50,2023.0,73.33333333333333,"Rangband 27-100: Der Median suggeriert eine Einordnung, die es nicht gibt.",0.0,True,"{""p10"": 26.666666666666668, ""p90"": 100.0}",Target Corporation,Consumer Staples
Q0379,P02_rangband_ohne_aussage,pruefen,AZO,rank_p50,2023.0,60.0,"Rangband 20-100: Der Median suggeriert eine Einordnung, die es nicht gibt.",0.0,True,"{""p10"": 20.0, ""p90"": 100.0}",AutoZone,Consumer Discretionary
Q0380,P02_rangband_ohne_aussage,pruefen,F,rank_p50,2023.0,60.0,"Rangband 20-100: Der Median suggeriert eine Einordnung, die es nicht gibt.",0.0,True,"{""p10"": 20.0, ""p90"": 100.0}",Ford Motor Company,Consumer Discretionary
Q0381,P02_rangband_ohne_aussage,pruefen,AAPL,rank_p50,2023.0,58.333333333333336,"Rangband 25-100: Der Median suggeriert eine Einordnung, die es nicht gibt.",0.0,True,"{""p10"": 25.0, ""p90"": 100.0}",Apple Inc.,Information Technology
Q0382,P02_rangband_ohne_aussage,pruefen,BAX,rank_p50,2023.0,54.54545454545454,"Rangband 9-100: Der Median suggeriert eine Einordnung, die es nicht gibt.",0.0,True,"{""p10"": 9.090909090909092, ""p90"": 100.0}",Baxter International,Health Care
