ticker,company,sector,cik,fy_end,ttm_end,ttm_method,balance_sheet_date,revenue_ttm_usd_bn,revenue_growth_last_fy_pct,operating_income_ttm_usd_bn,net_income_ttm_usd_bn,net_income_last_fy_usd_bn,net_income_prior_fy_usd_bn,fcf_ttm_usd_bn,cash_usd_bn,debt_usd_bn,equity_usd_bn,net_margin_pct,fcf_margin_pct,roa_pct,debt_to_assets,debt_payback_years,interest_coverage_x,rnd_pct_revenue,profitable_ttm,fields_available_of_6,health_score,viability_rating,latest_accession
FSLR,First Solar,Information Technology,1274494,2025-12-31,2026-06-30,FY + YTD,2026-06-30,5.38,24.1,1.81,1.75,1.53,1.29,1.5,1.69,0.04,10.32,32.5,27.9,13.04,0.0,0.0,46.9,5.0,Yes,6,100.0,Strong,0001274494-26-000170
INCY,Incyte,Health Care,879169,2025-12-31,2026-03-31,FY + YTD,2026-03-31,5.36,21.2,1.61,1.43,1.29,0.03,1.44,3.46,,5.62,26.7,26.8,19.51,,,689.3,39.7,Yes,5,100.0,Strong,0000879169-26-000026
ISRG,Intuitive Surgical,Health Care,1035267,2025-12-31,2026-06-30,FY + YTD,2026-06-30,11.03,20.5,3.45,3.14,2.86,2.32,3.22,2.76,,18.17,28.4,29.2,15.04,,,,12.8,Yes,5,100.0,Strong,0001035267-26-000058
MA,Mastercard,Financials,1141391,2025-12-31,2026-06-30,FY + YTD,2026-06-30,35.08,16.4,20.46,16.26,14.97,12.87,16.7,11.29,24.64,5.61,46.3,47.6,28.18,0.43,1.4,27.4,,Yes,6,100.0,Strong,0001141391-26-000083
MU,Micron Technology,Information Technology,723125,2025-08-28,2026-05-28,FY + YTD,2026-05-28,90.27,48.9,59.24,50.47,8.54,0.78,26.17,25.0,5.14,100.72,55.9,29.0,37.63,0.04,0.1,257.6,5.3,Yes,6,100.0,Strong,0000723125-26-000015
MSFT,Microsoft,Information Technology,789019,2026-06-30,2026-06-30,fiscal year,2026-06-30,331.84,17.8,155.24,133.75,133.75,101.83,66.99,20.93,40.29,442.39,40.3,20.2,17.64,0.05,0.2,50.9,10.7,Yes,6,100.0,Strong,0001193125-26-323660
NEM,Newmont,Materials,1164727,2025-12-31,2026-06-30,FY + YTD,2026-06-30,25.77,21.3,,8.6,7.08,3.35,9.73,9.01,5.08,35.24,33.4,37.8,14.91,0.09,0.4,,0.7,Yes,6,100.0,Strong,0001164727-26-000036
NVDA,Nvidia,Information Technology,1045810,2026-01-25,2026-07-26,FY + YTD,2026-07-26,302.97,65.5,197.58,192.88,120.07,72.88,127.01,22.44,33.37,228.98,63.7,41.9,60.22,0.1,0.2,425.8,7.8,Yes,6,100.0,Strong,0001045810-26-000075
PLTR,Palantir Technologies,Information Technology,1321655,2025-12-31,2026-06-30,FY + YTD,2026-06-30,6.16,56.2,2.63,3.02,1.63,0.46,3.36,2.03,,9.77,49.0,54.6,25.83,,,759.3,10.4,Yes,5,100.0,Strong,0001321655-26-000041
RDDT,Reddit,Communication Services,1713445,2025-12-31,2026-06-30,FY + YTD,2026-06-30,2.78,69.4,0.78,0.87,0.53,-0.48,1.02,1.49,,3.29,31.4,36.7,23.96,,,,30.0,Yes,5,100.0,Strong,0001713445-26-000100
SNDK,Sandisk,Information Technology,2023554,2026-07-03,2026-07-03,fiscal year,2026-07-03,20.25,175.3,12.39,11.43,11.43,-1.64,11.49,4.76,0.0,15.74,56.5,56.8,50.8,0.0,0.0,169.7,6.6,Yes,6,100.0,Strong,0001628280-26-057406
SYF,Synchrony Financial,Financials,1601712,2025-12-31,2026-06-30,FY + YTD,2026-06-30,,,,3.52,3.55,3.5,,16.19,16.43,16.9,,,2.89,0.13,1.7,,,Yes,4,100.0,Strong,0001601712-26-000033
WDC,Western Digital,Information Technology,106040,2026-07-03,2026-07-03,fiscal year,2026-07-03,12.92,35.7,4.45,9.42,9.42,1.89,3.51,1.58,1.05,8.86,72.9,27.2,67.99,0.08,0.3,27.0,9.0,Yes,6,100.0,Strong,0001628280-26-057139
FTNT,Fortinet,Information Technology,1262039,2025-12-31,2026-06-30,FY + YTD,2026-06-30,7.53,14.2,2.44,2.12,1.85,1.75,3.2,2.93,0.5,1.55,28.2,42.6,19.53,0.05,0.1,162.8,11.2,Yes,6,99.7,Strong,0001262039-26-000021
LRCX,Lam Research,Information Technology,707549,2026-06-28,2026-06-28,fiscal year,2026-06-28,23.23,26.0,8.2,7.27,7.27,5.36,4.89,5.58,3.72,12.47,31.3,21.1,30.88,0.16,0.6,52.3,10.2,Yes,6,99.5,Strong,0000707549-26-000037
TPL,Texas Pacific Land Corporation,Energy,1811074,2025-12-31,2026-06-30,FY + YTD,2026-06-30,0.9,13.1,0.67,0.54,0.48,0.45,0.46,0.25,,1.67,60.3,51.4,29.12,,,253.3,,Yes,5,99.0,Strong,0001811074-26-000058
CF,CF Industries,Materials,1324404,2025-12-31,2026-06-30,FY + YTD,2026-06-30,7.74,19.3,3.18,2.1,1.46,1.22,1.91,2.48,3.22,5.75,27.1,24.7,13.9,0.21,1.1,18.6,,Yes,6,98.9,Strong,0001324404-26-000019
VEEV,Veeva Systems,Health Care,1393052,2026-01-31,2026-07-31,FY + YTD,2026-07-31,3.46,16.3,1.03,1.01,0.91,0.71,1.66,1.81,,7.43,29.3,48.1,11.2,,,,23.8,Yes,5,98.6,Strong,0001393052-26-000036
NFLX,Netflix,Communication Services,1065280,2025-12-31,2026-06-30,FY + YTD,2026-06-30,48.37,15.9,14.35,13.65,10.98,8.71,11.15,9.1,14.31,30.15,28.2,23.1,23.35,0.24,1.2,16.9,7.7,Yes,6,98.4,Strong,0001065280-26-000212
PTC,PTC Inc.,Information Technology,857005,2025-09-30,2026-06-30,FY + YTD,2026-06-30,2.95,19.2,1.12,1.22,0.73,0.38,0.94,0.35,1.4,3.47,41.4,31.7,18.79,0.21,1.5,17.1,16.1,Yes,6,98.1,Strong,0001193125-26-328444
IDXX,Idexx Laboratories,Health Care,874716,2025-12-31,2026-06-30,FY + YTD,2026-06-30,4.55,10.4,1.46,1.14,1.06,0.89,1.25,0.2,0.45,1.61,25.0,27.5,33.11,0.13,0.3,38.6,5.7,Yes,6,97.9,Strong,0000874716-26-000123
RMD,ResMed|,Health Care,943819,2026-06-30,2026-06-30,fiscal year,2026-06-30,5.65,9.9,1.89,1.52,1.52,1.4,1.65,1.47,0.66,6.59,26.9,29.2,16.99,0.07,0.4,69.7,6.7,Yes,6,97.9,Strong,0000943819-26-000047
STX,Seagate Technology,Information Technology,1137789,2026-07-03,2026-07-03,fiscal year,2026-07-03,12.2,34.1,4.09,3.18,3.18,1.47,3.1,1.7,3.6,2.17,26.1,25.5,31.93,0.36,1.0,14.4,6.2,Yes,6,97.8,Strong,0001137789-26-000207
ADBE,Adobe Inc.,Information Technology,796343,2025-11-28,2026-05-29,FY + YTD,2026-05-29,25.2,10.5,9.09,7.23,7.13,5.56,10.28,4.92,4.8,11.52,28.7,40.8,24.15,0.16,0.5,34.8,,Yes,6,97.7,Strong,0000796343-26-000112
GRMN,Garmin,Consumer Discretionary,1121788,2025-12-27,2026-03-28,FY + YTD,2026-03-28,7.46,15.1,1.97,1.74,1.66,1.41,1.45,2.29,,9.27,23.3,19.4,15.85,,,1585.0,15.5,Yes,5,97.6,Strong,0001193125-26-188908
META,Meta Platforms,Communication Services,1326801,2025-12-31,2026-06-30,FY + YTD,2026-06-30,228.25,22.2,86.93,68.1,60.46,62.36,40.98,15.46,83.66,261.22,29.8,18.0,15.13,0.19,0.6,45.3,31.4,Yes,6,97.6,Strong,0001628280-26-050705
APP,AppLovin,Communication Services,1751008,2025-12-31,2026-06-30,FY + YTD,2026-06-30,6.83,70.0,5.29,4.41,3.33,1.58,4.52,3.05,3.52,3.16,64.6,66.2,53.33,0.43,0.8,26.6,4.7,Yes,6,97.3,Strong,0001751008-26-000059
CPRT,Copart,Industrials,900075,2025-07-31,2026-04-30,FY + YTD,2026-04-30,4.64,9.7,1.7,1.55,1.55,1.36,1.34,3.35,,8.77,33.5,28.9,16.1,,,1012.7,,Yes,5,97.3,Strong,0001193125-26-245578
AVGO,Broadcom,Information Technology,1730168,2025-11-02,2026-08-02,FY + YTD,2026-08-02,89.1,23.9,42.81,38.27,23.13,5.89,39.4,23.98,59.42,99.69,42.9,44.2,20.34,0.32,1.5,15.9,13.3,Yes,6,97.2,Strong,0001730168-26-000080
V,Visa Inc.,Financials,1403161,2025-09-30,2026-03-31,FY + YTD,2026-03-31,43.03,11.3,26.3,22.24,20.06,19.74,21.18,12.4,23.98,35.66,51.7,49.2,23.39,0.25,1.1,42.3,,Yes,6,97.1,Strong,0001403161-26-000079
MPWR,Monolithic Power Systems,Information Technology,1280452,2025-12-31,2026-06-30,FY + YTD,2026-06-30,3.27,26.4,0.94,0.8,0.62,1.59,0.59,1.01,,3.9,24.5,17.9,17.11,,,,12.6,Yes,5,97.0,Strong,0001628280-26-053275
TER,Teradyne,Information Technology,97210,2025-12-31,2026-06-28,FY + YTD,2026-06-28,4.46,13.1,1.35,1.15,0.55,0.54,0.8,0.35,,3.44,25.8,17.9,23.35,,,118.8,12.5,Yes,5,97.0,Strong,0001193125-26-327715
VRTX,Vertex Pharmaceuticals,Health Care,875320,2025-12-31,2026-06-30,FY + YTD,2026-06-30,12.59,8.9,4.78,4.41,3.95,-0.54,3.8,6.14,,20.25,35.0,30.2,16.06,,,382.2,31.0,Yes,5,97.0,Strong,0000875320-26-000259
CBOE,Cboe Global Markets,Financials,1374310,2025-12-31,2026-06-30,FY + YTD,2026-06-30,5.06,15.1,1.76,1.35,1.1,0.76,1.86,2.28,1.44,5.63,26.7,36.7,12.75,0.14,0.7,33.1,,Yes,6,96.7,Strong,0001628280-26-051239
LLY,Lilly (Eli),Health Care,59478,2025-12-31,2026-06-30,FY + YTD,2026-06-30,79.67,44.7,,26.71,20.64,10.59,26.27,8.95,47.86,33.88,33.5,33.0,18.77,0.34,1.7,,18.3,Yes,6,96.1,Strong,0000059478-26-000081
EXE,Expand Energy,Energy,895126,2025-12-31,2026-03-31,FY + YTD,2026-03-31,14.32,186.3,4.27,3.23,1.82,-0.71,3.0,2.22,5.01,19.55,22.5,20.9,10.93,0.17,0.9,18.2,,Yes,6,96.0,Strong,0000895126-26-000028
MNST,Monster Beverage,Consumer Staples,865752,2025-12-31,2026-06-30,FY + YTD,2026-06-30,9.22,10.7,2.69,2.13,1.91,1.51,2.1,2.19,,9.36,23.1,22.8,18.69,,,9238.4,,Yes,5,95.8,Strong,0001104659-26-092193
MSCI,MSCI,Financials,1408198,2025-12-31,2026-06-30,FY + YTD,2026-06-30,3.33,9.7,1.86,1.36,1.2,1.11,1.6,0.36,6.38,-2.69,40.7,47.9,24.24,1.14,3.9,7.2,5.4,Yes,6,95.8,Strong,0001408198-26-000046
GEV,GE Vernova,Industrials,1996810,2025-12-31,2026-06-30,FY + YTD,2026-06-30,41.37,9.0,1.8,9.53,4.88,1.55,12.44,13.12,2.85,11.96,23.0,30.1,11.79,0.04,0.2,34.0,3.2,Yes,6,95.7,Strong,0001996810-26-000148
VRSN,Verisign,Information Technology,1014473,2025-12-31,2026-06-30,FY + YTD,2026-06-30,1.71,6.4,1.16,0.85,0.83,0.79,1.07,0.84,,-2.25,49.8,62.4,47.15,,,15.3,6.3,Yes,5,95.7,Strong,0001014473-26-000028
AAPL,Apple Inc.,Information Technology,320193,2025-09-27,2026-06-27,FY + YTD,2026-06-27,466.82,6.4,154.86,128.93,112.01,93.74,136.68,39.54,84.3,107.52,27.6,29.3,33.64,0.22,0.6,39.4,9.2,Yes,6,95.6,Strong,0000320193-26-000020
INTU,Intuit,Information Technology,896878,2026-07-31,2026-07-31,fiscal year,2026-07-31,21.45,13.9,5.88,4.57,4.57,3.87,8.66,4.71,7.67,18.99,21.3,40.4,12.41,0.21,0.9,23.0,15.7,Yes,6,95.6,Strong,0000896878-26-000037
MCO,Moody's Corporation,Financials,1059556,2025-12-31,2026-06-30,FY + YTD,2026-06-30,8.16,8.9,3.65,2.79,2.46,2.06,2.97,1.47,6.95,3.02,34.3,36.4,19.05,0.47,2.1,17.7,0.6,Yes,6,95.1,Strong,0001628280-26-049398
TXN,Texas Instruments,Information Technology,97476,2025-12-31,2026-06-30,FY + YTD,2026-06-30,19.45,13.0,7.25,6.05,5.0,4.8,5.36,3.66,14.05,18.01,31.1,27.5,16.87,0.39,1.6,,10.7,Yes,6,95.0,Strong,0000097476-26-000152
ADSK,Autodesk,Information Technology,769397,2026-01-31,2026-07-31,FY + YTD,2026-07-31,7.79,17.5,2.04,1.64,1.12,1.11,2.84,4.1,3.49,3.38,21.1,36.4,12.65,0.27,1.2,24.6,22.1,Yes,6,94.9,Strong,0000769397-26-000061
DXCM,Dexcom,Health Care,1093557,2025-12-31,2026-06-30,FY + YTD,2026-06-30,4.97,15.6,1.14,1.0,0.84,0.58,1.41,1.1,,2.62,20.1,28.3,15.49,,,75.9,12.2,Yes,5,94.9,Strong,0001093557-26-000143
QCOM,Qualcomm,Information Technology,804328,2025-09-28,2026-06-28,FY + YTD,2026-06-28,44.07,13.7,10.22,9.26,5.54,10.14,10.42,4.53,13.28,27.66,21.0,23.6,16.14,0.23,1.1,14.8,22.4,Yes,6,94.9,Strong,0000804328-26-000086
PAYX,Paychex,Industrials,723531,2026-05-31,2026-05-31,fiscal year,2026-05-31,6.51,16.9,2.51,1.76,1.76,1.66,2.32,1.09,4.56,3.74,27.0,35.7,10.88,0.28,1.8,9.3,,Yes,6,94.7,Strong,0001193125-26-382805
SPGI,S&P Global,Financials,64040,2025-12-31,2026-03-31,FY + YTD,2026-03-31,15.73,7.9,6.9,4.78,4.47,3.85,5.56,1.81,13.32,31.17,30.4,35.3,7.86,0.22,2.3,22.6,,Yes,6,94.4,Strong,0000064040-26-000024
ICE,Intercontinental Exchange,Financials,1571949,2025-12-31,2026-06-30,FY + YTD,2026-06-30,13.43,7.5,5.47,4.04,3.31,2.75,5.08,1.07,22.28,29.55,30.1,37.8,2.32,0.13,4.0,6.8,,Yes,6,94.0,Strong,0001571949-26-000011
ACGL,Arch Capital Group,Financials,947484,2025-12-31,2026-06-30,FY + YTD,2026-06-30,19.23,14.3,,4.69,4.4,4.31,6.05,1.11,,24.03,24.4,31.5,5.51,,,,,Yes,5,93.8,Strong,0000947484-26-000124
AMAT,Applied Materials,Information Technology,6951,2025-10-26,2026-07-26,FY + YTD,2026-07-26,30.84,4.4,9.14,9.27,7.0,7.18,5.62,7.04,7.74,25.63,30.1,18.2,21.29,0.18,0.9,33.0,12.9,Yes,6,93.7,Strong,0001628280-26-058235
ADI,Analog Devices,Information Technology,6281,2025-11-01,2026-08-01,FY + YTD,2026-08-01,13.88,16.9,4.93,4.14,2.27,1.64,4.94,2.17,9.12,33.55,29.8,35.6,8.54,0.19,1.6,14.1,14.2,Yes,6,93.6,Strong,0000006281-26-000073
GOOGL,Alphabet Inc. (Class A),Communication Services,1652044,2025-12-31,2026-06-30,FY + YTD,2026-06-30,445.87,15.1,147.63,244.21,132.17,100.12,53.27,55.91,100.16,640.48,54.8,11.9,26.49,0.11,0.5,65.6,15.5,Yes,6,93.5,Strong,0001652044-26-000071
GOOG,Alphabet Inc. (Class C),Communication Services,1652044,2025-12-31,2026-06-30,FY + YTD,2026-06-30,445.87,15.1,147.63,244.21,132.17,100.12,53.27,55.91,100.16,640.48,54.8,11.9,26.49,0.11,0.5,65.6,15.5,Yes,6,93.5,Strong,0001652044-26-000071
CME,CME Group,Financials,1156375,2025-12-31,2026-06-30,FY + YTD,2026-06-30,6.77,6.4,4.41,4.29,4.07,3.53,4.21,2.14,3.45,26.52,63.3,62.2,2.2,0.02,0.8,31.3,,Yes,6,93.1,Strong,0001156375-26-000047
EQT,EQT Corporation,Energy,33213,2025-12-31,2026-06-30,FY + YTD,2026-06-30,9.54,63.9,4.05,2.71,2.04,0.23,3.76,0.11,5.66,25.26,28.4,39.4,6.56,0.14,0.9,10.4,,Yes,6,92.9,Strong,0000033213-26-000043
REGN,Regeneron Pharmaceuticals,Health Care,872589,2025-12-31,2026-06-30,FY + YTD,2026-06-30,15.53,1.0,3.84,4.33,4.5,4.41,3.76,2.46,1.99,31.71,27.9,24.2,10.37,0.05,0.4,69.4,40.4,Yes,6,92.4,Strong,0000872589-26-000025
TPR,"Tapestry, Inc.",Consumer Discretionary,1116132,2026-06-27,2026-06-27,fiscal year,2026-06-27,8.0,14.2,1.91,1.53,1.53,0.18,1.81,0.97,2.38,0.69,19.1,22.6,22.83,0.36,1.2,16.0,,Yes,6,92.2,Strong,0001116132-26-000018
CDNS,Cadence Design Systems,Information Technology,813672,2025-12-31,2026-03-31,FY + YTD,2026-03-31,5.53,14.1,1.56,1.17,1.11,1.06,1.43,1.41,,6.56,21.2,25.9,9.68,,,13.1,37.7,Yes,5,92.0,Strong,0000813672-26-000047
HOOD,Robinhood Markets,Financials,1783879,2025-12-31,2026-06-30,FY + YTD,2026-06-30,4.93,51.6,,2.07,1.88,1.41,0.24,5.36,,9.54,42.0,4.9,3.66,,,,7.2,Yes,5,92.0,Strong,0001783879-26-000114
CPAY,Corpay,Financials,1175454,2025-12-31,2026-06-30,FY + YTD,2026-06-30,5.02,13.9,2.2,1.14,1.07,1.0,1.64,3.16,10.62,3.54,22.7,32.6,4.04,0.38,5.8,5.0,,Yes,6,91.9,Strong,0001175454-26-000050
CSCO,Cisco,Information Technology,858877,2026-07-25,2026-07-25,fiscal year,2026-07-25,63.33,11.8,15.37,13.27,13.27,10.18,12.77,7.22,22.87,50.28,21.0,20.2,10.23,0.18,1.6,10.5,15.1,Yes,6,91.2,Strong,0000858877-26-000132
ABNB,Airbnb,Consumer Discretionary,1559720,2025-12-31,2026-06-30,FY + YTD,2026-06-30,13.16,10.3,2.74,2.69,2.51,2.65,4.82,6.82,2.48,7.8,20.5,36.6,9.36,0.09,0.5,912.7,18.9,Yes,6,91.0,Strong,0001559720-26-000027
FFIV,"F5, Inc.",Information Technology,1048695,2025-09-30,2026-06-30,FY + YTD,2026-06-30,3.31,9.7,0.81,0.73,0.69,0.57,0.97,1.61,,3.86,22.0,29.3,10.64,,,,17.9,Yes,5,90.9,Strong,0001048695-26-000067
CINF,Cincinnati Financial,Financials,20286,2025-12-31,2026-06-30,FY + YTD,2026-06-30,13.95,11.4,,3.33,2.39,2.29,3.4,1.75,0.79,16.67,23.8,24.4,7.7,0.02,0.2,,,Yes,6,90.8,Strong,0000020286-26-000045
APA,APA Corporation,Energy,1841666,2025-12-31,2026-06-30,FY + YTD,2026-06-30,,,3.82,1.68,1.43,0.8,,0.44,3.74,7.02,,,9.33,0.21,0.8,13.4,,Yes,4,90.6,Strong,0001841666-26-000053
BKNG,Booking Holdings,Consumer Discretionary,1075531,2025-12-31,2026-06-30,FY + YTD,2026-06-30,28.24,13.4,9.28,7.21,5.4,5.88,9.54,17.21,20.18,-10.78,25.5,33.8,24.29,0.68,2.0,8.4,,Yes,6,90.5,Strong,0001075531-26-000037
DECK,Deckers Brands,Consumer Discretionary,910521,2026-03-31,2026-06-30,FY + YTD,2026-06-30,5.53,9.8,1.25,1.01,1.02,0.97,1.12,1.6,,2.3,18.4,20.2,26.23,,,327.8,1.2,Yes,5,90.5,Strong,0000910521-26-000022
UBER,Uber,Industrials,1543151,2025-12-31,2026-06-30,FY + YTD,2026-06-30,55.23,18.3,6.7,9.58,10.05,9.86,10.12,4.87,14.72,27.32,17.3,18.3,14.56,0.22,1.4,14.5,6.8,Yes,6,90.4,Strong,0001543151-26-000032
BLK,BlackRock,Financials,2012383,2025-12-31,2026-06-30,FY + YTD,2026-06-30,27.3,18.7,8.89,6.58,5.55,6.37,3.52,10.49,12.74,57.61,24.1,12.9,3.74,0.07,3.2,16.4,,Yes,6,89.9,Strong,0001193125-26-337177
EOG,EOG Resources,Energy,821189,2025-12-31,2026-06-30,FY + YTD,2026-06-30,27.03,-4.5,8.9,6.88,4.98,6.4,,4.91,7.93,31.86,25.4,,12.55,0.14,0.6,33.0,,Yes,5,89.8,Strong,0000821189-26-000149
NDAQ,"Nasdaq, Inc.",Financials,1120193,2025-12-31,2026-06-30,FY + YTD,2026-06-30,8.74,11.6,2.58,1.97,1.79,1.12,1.95,0.52,8.76,11.99,22.5,22.3,7.19,0.32,3.9,7.4,,Yes,6,89.8,Strong,0001120193-26-000013
TROW,T. Rowe Price,Financials,1113169,2025-12-31,2026-06-30,FY + YTD,2026-06-30,7.59,3.1,2.34,2.22,2.09,2.1,1.67,3.23,,11.0,29.3,22.0,14.47,,,,,Yes,5,89.8,Strong,0001628280-26-051335
FIS,Fidelity National Information Services,Financials,1136893,2025-12-31,2026-06-30,FY + YTD,2026-06-30,12.2,5.4,1.92,3.37,0.38,1.45,2.82,0.74,21.17,16.04,27.6,23.1,7.65,0.48,7.1,3.2,0.7,Yes,6,89.7,Strong,0001136893-26-000050
NTAP,NetApp,Information Technology,1002047,2026-04-24,2026-07-31,FY + YTD,2026-07-31,7.39,5.4,1.85,1.42,1.28,1.19,1.65,1.57,2.49,1.5,19.2,22.3,12.94,0.23,1.3,18.1,13.8,Yes,6,89.6,Strong,0001193125-26-380207
VRT,Vertiv,Industrials,1674101,2025-12-31,2026-06-30,FY + YTD,2026-06-30,11.48,27.7,2.17,1.73,1.33,0.5,2.93,2.81,2.94,4.76,15.1,25.5,10.89,0.18,0.9,41.4,3.8,Yes,6,89.6,Strong,0001628280-26-050609
HWM,Howmet Aerospace,Industrials,4281,2025-12-31,2026-06-30,FY + YTD,2026-06-30,9.12,11.1,2.5,1.87,1.51,1.16,1.79,0.56,4.95,5.73,20.5,19.6,14.12,0.37,2.2,15.9,0.4,Yes,6,89.5,Strong,0000004281-26-000025
SNA,Snap-on,Industrials,91440,2026-01-03,2026-07-04,FY + YTD,2026-07-04,5.27,0.9,1.34,1.03,1.02,1.04,1.11,1.64,1.2,6.04,19.6,21.0,11.96,0.14,1.0,26.6,1.4,Yes,6,89.5,Strong,0000091440-26-000144
AME,Ametek,Industrials,1037868,2025-12-31,2026-06-30,FY + YTD,2026-06-30,7.86,6.6,2.04,1.58,1.48,1.38,1.82,0.5,1.06,11.26,20.0,23.2,9.5,0.06,0.5,21.1,3.0,Yes,6,89.4,Strong,0001037868-26-000175
MRVL,Marvell Technology,Information Technology,1835632,2026-01-31,2026-08-01,FY + YTD,2026-08-01,9.45,42.1,1.56,2.64,2.67,-0.89,1.73,3.93,4.96,18.53,27.9,18.3,9.58,0.18,2.3,7.2,25.8,Yes,6,89.2,Strong,0001835632-26-000025
EBAY,eBay Inc.,Consumer Discretionary,1065088,2025-12-31,2026-06-30,FY + YTD,2026-06-30,12.01,7.9,2.47,2.23,2.03,1.98,2.43,2.31,5.14,4.67,18.6,20.2,12.44,0.29,1.7,9.9,14.4,Yes,6,88.7,Strong,0001065088-26-000177
JNJ,Johnson & Johnson,Health Care,200406,2025-12-28,2026-06-28,FY + YTD,2026-06-28,97.93,6.0,21.77,21.04,26.8,14.07,22.24,20.42,49.04,84.97,21.5,22.7,10.46,0.24,1.8,21.5,15.4,Yes,6,88.7,Strong,0000200406-26-000153
CTAS,Cintas,Industrials,723254,2026-05-31,2026-05-31,fiscal year,2026-05-31,11.26,8.9,2.61,2.0,2.0,1.81,1.88,0.29,1.43,5.14,17.8,16.7,18.99,0.14,0.6,24.5,,Yes,6,88.6,Strong,0000723254-26-000031
KEYS,Keysight Technologies,Information Technology,1601046,2025-10-31,2026-07-31,FY + YTD,2026-07-31,6.58,8.0,1.33,1.26,0.85,0.61,1.47,2.6,2.52,6.57,19.1,22.3,10.57,0.21,1.6,12.3,18.1,Yes,6,88.4,Strong,0001601046-26-000036
BX,Blackstone Inc.,Financials,1393818,2025-12-31,2026-06-30,FY + YTD,2026-06-30,16.11,9.2,,3.52,3.02,2.78,5.49,2.51,13.32,9.01,21.8,34.1,7.05,0.27,2.4,,,Yes,6,87.2,Strong,0001193125-26-340208
KLAC,KLA Corporation,Information Technology,319201,2026-06-30,2026-06-30,fiscal year,2026-06-30,13.58,11.7,0.63,4.83,4.83,4.06,3.77,1.65,5.89,6.35,35.6,27.7,26.91,0.33,1.4,2.2,11.3,Yes,6,87.2,Strong,0000319201-26-000027
ODFL,Old Dominion,Industrials,878927,2025-12-31,2026-06-30,FY + YTD,2026-06-30,5.6,-5.5,1.45,1.09,1.02,1.19,1.11,0.28,0.02,4.55,19.4,19.9,18.99,0.0,0.0,324.3,,Yes,6,87.1,Strong,0000878927-26-000023
AMD,Advanced Micro Devices,Information Technology,2488,2025-12-27,2026-06-27,FY + YTD,2026-06-27,41.3,34.3,6.49,6.43,4.33,1.64,8.4,5.09,3.23,67.22,15.6,20.3,7.62,0.04,0.3,44.1,22.7,Yes,6,86.7,Strong,0000002488-26-000123
BRO,Brown & Brown,Financials,79282,2025-12-31,2026-06-30,FY + YTD,2026-06-30,6.79,22.8,,1.21,1.05,0.99,1.45,0.92,7.76,12.61,17.7,21.3,4.03,0.26,5.1,,,Yes,6,86.7,Strong,0001193125-26-318251
PM,Philip Morris International,Consumer Staples,1413329,2025-12-31,2026-06-30,FY + YTD,2026-06-30,42.55,7.3,16.06,10.87,11.35,7.06,12.72,6.0,49.11,-8.58,25.6,29.9,15.93,0.72,3.4,10.1,1.8,Yes,6,86.7,Strong,0001628280-26-049493
KO,Coca-Cola Company (The),Consumer Staples,21344,2025-12-31,2026-04-03,FY + YTD,2026-04-03,49.28,1.9,14.46,13.7,13.11,10.63,12.56,10.57,43.81,33.63,27.8,25.5,13.15,0.42,3.0,8.8,,Yes,6,86.5,Strong,0001628280-26-028802
OXY,Occidental Petroleum,Energy,797468,2025-12-31,2026-06-30,FY + YTD,2026-06-30,23.93,-1.9,,6.54,1.61,2.36,4.79,4.15,12.8,41.75,27.3,20.0,8.13,0.16,1.2,,,Yes,6,86.2,Strong,0001628280-26-053388
CRM,Salesforce,Information Technology,1108524,2026-01-31,2026-07-31,FY + YTD,2026-07-31,43.94,9.6,8.73,9.66,7.46,6.2,15.15,8.31,39.29,38.38,22.0,34.5,8.81,0.36,2.5,21.8,14.5,Yes,6,86.0,Strong,0001108524-26-000190
AON,Aon plc,Financials,315293,2025-12-31,2026-06-30,FY + YTD,2026-06-30,17.58,9.4,4.65,3.91,3.69,2.65,3.25,1.06,12.95,9.6,22.3,18.5,7.34,0.24,3.7,6.2,,Yes,6,85.9,Strong,0001628280-26-050610
FDS,FactSet,Financials,1013237,2025-08-31,2026-05-31,FY + YTD,2026-05-31,2.44,5.4,0.72,0.57,0.6,0.54,0.71,0.29,1.39,2.03,23.2,29.0,13.5,0.33,1.7,13.6,12.3,Yes,6,85.5,Strong,0001628280-26-046549
PH,Parker Hannifin,Industrials,76334,2026-06-30,2026-06-30,fiscal year,2026-06-30,21.5,8.3,5.07,3.65,3.65,3.53,3.9,0.5,8.47,15.4,17.0,18.2,11.81,0.27,1.9,12.6,1.2,Yes,6,85.5,Strong,0000076334-26-000105
TEL,TE Connectivity,Information Technology,1385157,2025-09-26,2026-06-26,FY + YTD,2026-06-26,19.32,8.9,3.81,3.02,1.84,3.19,3.31,1.24,5.53,13.25,15.6,17.2,11.57,0.21,1.3,31.3,3.6,Yes,6,85.5,Strong,0001104659-26-086509
MTD,Mettler Toledo,Health Care,1037646,2025-12-31,2026-06-30,FY + YTD,2026-06-30,4.13,4.0,,0.91,0.87,0.86,0.86,0.05,2.04,0.01,21.9,20.9,24.67,0.56,2.1,,5.0,Yes,6,85.4,Strong,0001037646-26-000051
FIX,Comfort Systems USA,Industrials,1035983,2025-12-31,2026-06-30,FY + YTD,2026-06-30,12.43,,2.12,1.43,1.02,0.52,2.16,1.85,0.05,3.22,11.5,17.4,16.9,0.01,0.0,225.1,,Yes,6,85.2,Strong,0001104659-26-086258
EW,Edwards Lifesciences,Health Care,1099800,2025-12-31,2026-06-30,FY + YTD,2026-06-30,6.51,11.5,1.45,1.0,1.07,4.17,1.43,2.91,0.6,10.62,15.4,22.0,7.25,0.04,0.3,71.0,16.7,Yes,6,84.7,Strong,0001099800-26-000043
PG,Procter & Gamble,Consumer Staples,80424,2026-06-30,2026-06-30,fiscal year,2026-06-30,87.03,3.3,19.75,16.05,16.05,15.97,15.15,9.94,34.14,54.31,18.4,17.4,12.68,0.27,1.7,22.5,2.4,Yes,6,84.7,Strong,0000080424-26-000103
ZTS,Zoetis,Health Care,1555280,2025-12-31,2026-06-30,FY + YTD,2026-06-30,9.53,2.3,,2.64,2.67,2.49,2.32,1.48,9.05,3.15,27.7,24.3,17.49,0.6,3.2,,7.6,Yes,6,84.5,Strong,0001555280-26-000040
ROL,"Rollins, Inc.",Industrials,84839,2025-12-31,2026-06-30,FY + YTD,2026-06-30,3.92,11.0,0.73,0.53,0.53,0.47,0.62,0.11,0.7,1.43,13.6,15.8,15.85,0.21,1.1,21.8,,Yes,6,84.4,Strong,0000084839-26-000040
VRSK,Verisk Analytics,Industrials,1442145,2025-12-31,2026-03-31,FY + YTD,2026-03-31,3.1,6.6,1.37,0.91,0.91,0.96,1.13,0.52,4.48,-1.17,29.3,36.3,19.79,0.97,3.2,7.7,1.3,Yes,6,84.3,Strong,0001437749-26-013729
WST,West Pharmaceutical Services,Health Care,105770,2025-12-31,2026-06-30,FY + YTD,2026-06-30,3.33,6.3,0.68,0.56,0.49,0.49,0.44,0.44,0.2,2.99,17.0,13.1,13.86,0.05,0.3,151.2,2.2,Yes,6,84.3,Strong,0000105770-26-000099
FAST,Fastenal,Industrials,815556,2025-12-31,2026-06-30,FY + YTD,2026-06-30,8.75,8.7,1.78,1.35,1.26,1.15,1.16,0.2,0.12,4.07,15.5,13.2,25.54,0.02,0.1,394.5,,Yes,6,84.1,Strong,0000815556-26-000041
VLTO,Veralto,Industrials,1967680,2025-12-31,2026-04-03,FY + YTD,2026-04-03,5.59,6.0,1.29,0.97,0.94,0.83,1.04,1.43,2.66,3.0,17.3,18.6,12.66,0.35,2.4,13.9,4.8,Yes,6,83.8,Strong,0001967680-26-000024
MO,Altria,Consumer Staples,764180,2025-12-31,2026-06-30,FY + YTD,2026-06-30,23.46,-3.1,10.97,7.97,6.95,11.26,9.11,2.37,24.58,-2.67,34.0,38.8,23.89,0.74,2.6,9.3,0.8,Yes,6,83.6,Strong,0000764180-26-000094
JKHY,Jack Henry & Associates,Financials,779152,2026-06-30,2026-06-30,fiscal year,2026-06-30,2.54,7.1,0.64,0.5,0.5,0.46,0.69,0.01,0.04,2.05,19.8,27.3,15.98,0.01,0.1,35.0,6.9,Yes,6,83.5,Strong,0000779152-26-000067
TT,Trane Technologies,Industrials,1466258,2025-12-31,2026-06-30,FY + YTD,2026-06-30,22.21,7.5,3.98,2.95,2.92,2.57,3.56,,3.92,8.62,13.3,16.0,12.33,0.16,1.0,18.1,1.6,Yes,6,83.5,Strong,0001628280-26-051117
GDDY,GoDaddy,Information Technology,1609711,2025-12-31,2026-06-30,FY + YTD,2026-06-30,5.1,8.3,1.27,0.91,0.88,0.94,1.7,1.16,3.77,0.01,17.8,33.4,11.38,0.47,2.2,8.4,,Yes,6,83.2,Strong,0001609711-26-000088
A,Agilent Technologies,Health Care,1090872,2025-10-31,2026-07-31,FY + YTD,2026-07-31,7.37,6.7,1.64,1.44,1.3,1.29,1.27,1.76,3.95,7.36,19.5,17.2,10.31,0.28,2.5,15.5,6.6,Yes,6,83.1,Strong,0001090872-26-000064
UNP,Union Pacific Corporation,Industrials,100885,2025-12-31,2026-06-30,FY + YTD,2026-06-30,25.41,1.1,10.17,7.33,7.14,6.75,6.5,1.61,30.33,20.67,28.8,25.6,10.29,0.43,3.0,7.9,,Yes,6,83.1,Strong,0000100885-26-000250
MCD,McDonald's,Consumer Discretionary,63908,2025-12-31,2026-06-30,FY + YTD,2026-06-30,27.7,3.7,12.8,8.79,8.56,8.22,7.76,0.82,39.86,-1.02,31.7,28.0,14.66,0.67,3.5,7.9,,Yes,6,83.0,Strong,0000063908-26-000073
APH,Amphenol,Information Technology,820313,2025-12-31,2026-06-30,FY + YTD,2026-06-30,29.01,51.7,7.84,5.14,4.27,2.42,4.71,4.73,18.81,15.49,17.7,16.2,11.48,0.42,3.2,12.4,2.2,Yes,6,82.9,Strong,0001104659-26-089194
RL,Ralph Lauren Corporation,Consumer Discretionary,1037038,2026-03-28,2026-06-27,FY + YTD,2026-06-27,8.36,14.6,1.25,0.98,0.94,0.74,1.1,1.72,1.24,2.72,11.8,13.2,12.83,0.16,0.9,22.4,,Yes,6,82.8,Strong,0001628280-26-053992
WDAY,"Workday, Inc.",Information Technology,1327811,2026-01-31,2026-07-31,FY + YTD,2026-07-31,10.15,13.1,1.08,1.25,0.69,0.53,2.84,0.66,2.99,6.46,12.3,28.0,7.89,0.19,1.0,9.9,27.7,Yes,6,82.6,Strong,0001327811-26-000044
BSX,Boston Scientific,Health Care,885725,2025-12-31,2026-06-30,FY + YTD,2026-06-30,21.0,19.9,4.15,3.67,2.9,1.85,3.62,0.54,10.91,24.93,17.5,17.3,8.13,0.24,2.4,11.4,10.2,Yes,6,82.5,Strong,0000885725-26-000053
GE,GE Aerospace,Industrials,40545,2025-12-31,2026-06-30,FY + YTD,2026-06-30,50.64,18.5,22.47,8.97,8.7,6.56,8.4,9.35,19.16,17.64,17.7,16.6,7.03,0.15,2.0,25.5,3.5,Yes,6,82.5,Strong,0000040545-26-000049
AMP,Ameriprise Financial,Financials,820027,2025-12-31,2026-06-30,FY + YTD,2026-06-30,19.84,5.5,,3.95,3.56,3.4,8.06,11.16,,6.37,19.9,40.6,2.0,,,,,Yes,5,82.2,Strong,0000820027-26-000043
ACN,Accenture,Information Technology,1467373,2025-08-31,2026-05-31,FY + YTD,2026-05-31,73.1,7.4,10.59,7.79,7.68,7.26,12.58,10.17,5.13,31.89,10.7,17.2,11.32,0.07,0.4,39.8,1.1,Yes,6,81.9,Strong,0001467373-26-000032
CB,Chubb Limited,Financials,896159,2025-12-31,2026-03-31,FY + YTD,2026-03-31,60.82,6.5,,11.3,10.31,9.27,,2.63,17.47,73.79,18.6,,4.1,0.06,1.1,,,Yes,5,81.8,Strong,0000896159-26-000011
BR,Broadridge Financial Solutions,Industrials,1383312,2026-06-30,2026-06-30,fiscal year,2026-06-30,7.48,8.5,1.3,1.12,1.12,0.84,1.28,0.4,3.25,2.84,15.0,17.1,12.57,0.36,2.4,11.6,,Yes,6,81.5,Strong,0001628280-26-052243
FICO,Fair Isaac,Information Technology,814547,2025-09-30,2026-06-30,FY + YTD,2026-06-30,2.39,15.9,1.24,0.82,0.65,0.51,1.0,0.25,5.58,-4.1,34.1,41.6,40.0,2.74,5.6,6.6,8.7,Yes,6,81.5,Strong,0000814547-26-000030
AOS,A. O. Smith,Industrials,91142,2025-12-31,2026-06-30,FY + YTD,2026-06-30,3.8,0.3,0.67,0.5,0.55,0.53,0.64,0.18,0.64,1.84,13.1,16.8,13.73,0.17,0.9,31.4,2.5,Yes,6,81.1,Strong,0000091142-26-000098
ADP,Automatic Data Processing,Industrials,8670,2026-06-30,2026-06-30,fiscal year,2026-06-30,21.95,6.7,,4.41,4.41,4.08,,4.23,4.96,6.03,20.1,,6.98,0.08,0.9,,4.7,Yes,5,80.5,Strong,0000008670-26-000030
NDSN,Nordson Corporation,Industrials,72331,2025-10-31,2026-07-31,FY + YTD,2026-07-31,2.98,3.8,0.8,0.56,0.48,0.47,0.72,0.11,1.92,3.27,18.6,24.3,9.33,0.32,2.5,8.8,2.3,Yes,6,80.5,Strong,0000072331-26-000054
AXP,American Express,Financials,4962,2025-12-31,2026-06-30,FY + YTD,2026-06-30,75.95,9.5,5.45,11.45,10.83,10.13,15.05,45.24,59.05,34.28,15.1,19.8,3.71,0.19,3.2,0.7,,Yes,6,80.4,Strong,0000004962-26-000322
TTD,Trade Desk (The),Communication Services,1671933,2025-12-31,2026-06-30,FY + YTD,2026-06-30,2.99,18.5,0.59,0.41,0.44,0.39,0.86,1.12,,2.57,13.6,28.9,7.06,,,277.9,18.1,Yes,5,80.4,Strong,0001671933-26-000086
PSA,Public Storage,Real Estate,1393311,2025-12-31,2026-06-30,FY + YTD,2026-06-30,4.89,2.7,1.91,2.04,1.78,2.07,2.29,0.26,10.18,9.19,41.8,46.8,10.16,0.51,3.2,5.9,,Yes,6,80.1,Strong,0001628280-26-050612
PGR,Progressive Corporation,Financials,80661,2025-12-31,2026-06-30,FY + YTD,2026-06-30,91.06,16.3,,11.7,11.31,8.48,15.95,0.19,8.39,34.33,12.8,17.5,9.36,0.07,0.5,,,Yes,6,80.0,Strong,0000080661-26-000308
GL,Globe Life,Financials,320335,2025-12-31,2026-06-30,FY + YTD,2026-06-30,6.19,3.7,1.38,1.21,1.16,1.07,1.23,0.26,3.22,6.16,19.6,19.9,3.84,0.1,2.3,9.7,,Yes,6,79.6,Strong,0000320335-26-000216
ROP,Roper Technologies,Information Technology,882835,2025-12-31,2026-06-30,FY + YTD,2026-06-30,8.28,12.3,2.32,2.5,1.54,1.55,2.61,0.36,11.32,18.7,30.2,31.5,7.12,0.32,4.2,5.9,10.3,Yes,6,79.4,Strong,0000882835-26-000036
TECH,Bio-Techne,Health Care,842023,2026-06-30,2026-06-30,fiscal year,2026-06-30,1.22,-0.4,0.25,0.18,0.18,0.07,0.26,0.26,0.2,2.11,15.0,21.7,7.03,0.08,0.7,26.2,7.8,Yes,6,79.3,Strong,0001104659-26-100322
COF,Capital One,Financials,927628,2025-12-31,2026-06-30,FY + YTD,2026-06-30,62.02,36.6,,10.52,2.45,4.75,29.7,55.88,45.37,113.79,17.0,47.9,1.56,0.07,1.4,,,Yes,6,79.3,Strong,0000927628-26-000089
FISV,Fiserv,Financials,798354,2025-12-31,2026-06-30,FY + YTD,2026-06-30,20.92,,4.66,2.8,3.48,3.13,3.93,0.63,27.89,26.9,13.4,18.8,3.46,0.34,4.8,3.0,,Yes,6,79.2,Strong,0000798354-26-000031
WSM,"Williams-Sonoma, Inc.",Consumer Discretionary,719955,2026-02-01,2026-08-02,FY + YTD,2026-08-02,8.01,1.2,1.54,1.18,1.09,1.12,1.34,1.03,,2.14,14.7,16.8,21.41,,,2221.7,,Yes,5,79.2,Strong,0000719955-26-000208
HAS,Hasbro,Consumer Discretionary,46080,2025-12-28,2026-06-28,FY + YTD,2026-06-28,5.63,13.1,1.16,0.79,-0.32,0.39,1.21,0.88,3.54,0.73,14.1,21.6,13.15,0.59,2.7,6.9,7.1,Yes,6,78.9,Strong,0000046080-26-000050
MSI,Motorola Solutions,Information Technology,68505,2025-12-31,2026-07-04,FY + YTD,2026-07-04,12.24,8.0,3.05,2.13,2.15,1.58,2.68,0.71,9.03,2.67,17.4,21.9,11.09,0.47,3.0,6.9,8.3,Yes,6,78.9,Strong,0000068505-26-000028
TDY,Teledyne Technologies,Information Technology,1094285,2025-12-28,2026-06-28,FY + YTD,2026-06-28,6.37,7.9,1.24,0.97,0.89,0.82,1.14,0.34,2.03,10.92,15.3,17.9,6.38,0.13,1.6,24.5,5.3,Yes,6,78.8,Strong,0001094285-26-000043
COP,ConocoPhillips,Energy,1163165,2025-12-31,2026-06-30,FY + YTD,2026-06-30,63.34,7.7,,9.28,7.99,9.24,11.77,6.57,22.83,65.35,14.7,18.6,7.47,0.18,1.0,,0.1,Yes,6,78.7,Strong,0001163165-26-000032
ALLE,Allegion,Industrials,1579241,2025-12-31,2026-06-30,FY + YTD,2026-06-30,4.29,7.8,0.89,0.66,0.64,0.6,0.67,0.32,2.03,2.12,15.4,15.6,12.29,0.38,2.6,8.9,3.1,Yes,6,78.5,Strong,0001579241-26-000028
ALL,Allstate,Financials,899051,2025-12-31,2026-06-30,FY + YTD,2026-06-30,70.14,5.6,,13.19,10.16,4.55,12.25,0.84,7.49,33.7,18.8,17.5,10.57,0.06,0.6,,,Yes,6,78.4,Strong,0000899051-26-000118
PNC,PNC Financial Services,Financials,713676,2025-12-31,2026-06-30,FY + YTD,2026-06-30,25.03,7.2,,7.26,6.58,5.5,,28.75,85.72,64.01,29.0,,1.18,0.14,11.4,,,Yes,5,78.4,Strong,0001628280-26-053170
ROST,Ross Stores,Consumer Discretionary,745732,2026-01-31,2026-08-01,FY + YTD,2026-08-01,24.51,7.7,3.37,2.66,2.15,2.09,2.79,4.29,1.02,6.74,10.8,11.4,16.64,0.06,0.3,84.9,,Yes,6,78.4,Strong,0000745732-26-000041
MLM,Martin Marietta Materials,Materials,916076,2025-12-31,2026-06-30,FY + YTD,2026-06-30,6.69,8.6,1.38,2.46,1.14,2.0,0.81,0.11,5.95,11.55,36.7,12.1,11.54,0.28,3.9,5.9,0.0,Yes,6,78.3,Strong,0001193125-26-326001
TRV,Travelers Companies (The),Financials,86312,2025-12-31,2026-06-30,FY + YTD,2026-06-30,48.98,5.2,3.57,8.3,6.29,5.0,,0.62,9.07,33.12,17.0,,5.78,0.06,0.8,7.8,,Yes,5,78.1,Strong,0000086312-26-000145
MRSH,Marsh McLennan,Financials,62709,2025-12-31,2026-06-30,FY + YTD,2026-06-30,27.95,10.3,6.04,3.98,4.16,4.06,4.77,1.7,21.56,15.43,14.2,17.1,6.67,0.36,4.2,6.3,,Yes,6,77.8,Strong,0000062709-26-000195
BNY,BNY Mellon,Financials,1390777,2025-12-31,2026-06-30,FY + YTD,2026-06-30,20.08,7.8,,6.3,5.55,4.53,1.59,7.48,35.18,44.66,31.4,7.9,1.2,0.07,9.9,,,Yes,6,77.4,Strong,0001390777-26-000086
ITW,Illinois Tool Works,Industrials,49826,2025-12-31,2026-06-30,FY + YTD,2026-06-30,16.47,0.9,4.36,3.19,3.07,3.49,2.92,0.84,11.79,2.9,19.4,17.7,19.36,0.72,3.5,14.5,1.8,Yes,6,77.4,Strong,0000049826-26-000049
PNR,Pentair,Industrials,77360,2025-12-31,2026-03-31,FY + YTD,2026-03-31,4.2,2.3,0.86,0.67,0.65,0.63,0.72,0.07,1.94,3.81,16.0,17.0,9.49,0.27,2.5,10.8,2.3,Yes,6,77.3,Strong,0000077360-26-000027
HUBB,Hubbell Incorporated,Industrials,48898,2025-12-31,2026-03-31,FY + YTD,2026-03-31,6.0,3.8,1.24,0.91,0.89,0.78,0.91,0.5,2.57,3.77,15.1,15.2,10.76,0.31,2.4,20.6,,Yes,6,77.2,Strong,0001628280-26-029110
ROK,Rockwell Automation,Industrials,1024478,2025-09-30,2026-06-30,FY + YTD,2026-06-30,8.97,0.9,2.04,1.2,0.87,0.95,1.49,0.48,3.26,3.49,13.4,16.6,10.83,0.29,1.9,14.7,8.0,Yes,6,77.0,Strong,0001024478-26-000030
WRB,W. R. Berkley Corporation,Financials,11544,2025-12-31,2026-06-30,FY + YTD,2026-06-30,14.9,7.8,,1.93,1.78,1.76,3.59,2.61,,9.83,12.9,24.1,4.22,,,,,Yes,5,76.9,Strong,0000011544-26-000036
NOW,ServiceNow,Information Technology,1373715,2025-12-31,2026-06-30,FY + YTD,2026-06-30,14.73,20.9,1.68,1.67,1.75,1.43,4.58,2.5,9.62,12.52,11.3,31.1,5.27,0.3,1.8,42.0,22.1,Yes,6,76.8,Strong,0001373715-26-000076
STE,Steris,Health Care,1757898,2026-03-31,2026-06-30,FY + YTD,2026-06-30,6.04,8.7,1.14,0.81,0.78,0.61,0.93,0.48,1.89,7.21,13.3,15.3,7.5,0.18,1.5,18.8,1.9,Yes,6,76.8,Strong,0001628280-26-054830
EXPE,Expedia Group,Consumer Discretionary,1324424,2025-12-31,2026-06-30,FY + YTD,2026-06-30,15.7,7.6,2.51,2.04,1.3,1.22,4.46,6.68,5.46,1.21,13.0,28.4,7.03,0.19,1.0,7.1,,Yes,6,76.7,Strong,0001324424-26-000053
HSY,Hershey Company (The),Consumer Staples,47111,2025-12-31,2026-06-28,FY + YTD,2026-06-28,12.16,4.4,2.16,1.49,0.88,2.22,2.23,0.79,5.61,4.56,12.2,18.3,10.66,0.4,2.1,9.5,0.5,Yes,6,76.7,Strong,0001628280-26-050900
TYL,Tyler Technologies,Information Technology,860731,2025-12-31,2026-06-30,FY + YTD,2026-06-30,2.43,9.1,0.37,0.32,0.32,0.26,0.71,0.9,1.41,3.04,13.4,29.4,5.58,0.24,1.9,56.4,,Yes,6,76.7,Strong,0000860731-26-000050
SYK,Stryker Corporation,Health Care,310764,2025-12-31,2026-06-30,FY + YTD,2026-06-30,25.84,11.2,5.53,3.73,3.25,2.99,4.7,3.39,15.19,23.99,14.4,18.2,7.78,0.32,2.7,9.2,6.4,Yes,6,76.5,Strong,0000310764-26-000050
CTSH,Cognizant,Information Technology,1058290,2025-12-31,2026-03-31,FY + YTD,2026-03-31,21.41,7.0,3.38,2.23,2.23,2.24,2.47,1.5,0.57,15.07,10.4,11.5,10.87,0.03,0.2,105.6,,Yes,6,76.4,Strong,0001058290-26-000016
HIG,Hartford (The),Financials,874766,2025-12-31,2026-06-30,FY + YTD,2026-06-30,29.31,6.9,2.26,4.37,3.84,3.11,5.87,0.2,4.37,19.63,14.9,20.0,4.96,0.05,0.7,11.4,,Yes,6,76.4,Strong,0000874766-26-000060
KEY,KeyCorp,Financials,91576,2025-12-31,2026-06-30,FY + YTD,2026-06-30,7.82,62.7,,2.03,1.83,-0.16,1.2,1.71,10.97,19.8,26.0,15.3,1.06,0.06,8.4,,,Yes,6,76.2,Strong,0001628280-26-052671
PODD,Insulet Corporation,Health Care,1145197,2025-12-31,2026-06-30,FY + YTD,2026-06-30,3.05,30.7,0.52,0.38,0.25,0.42,0.29,0.53,0.95,1.42,12.3,9.6,11.86,0.3,1.9,8.8,11.3,Yes,6,76.1,Strong,0001145197-26-000169
ORLY,O'Reilly Automotive,Consumer Discretionary,898173,2025-12-31,2026-06-30,FY + YTD,2026-06-30,18.57,6.4,3.63,2.65,2.54,2.39,2.16,0.26,7.01,-1.84,14.3,11.6,15.24,0.4,2.1,14.4,,Yes,6,76.0,Strong,0000898173-26-000045
CL,Colgate-Palmolive,Consumer Staples,21665,2025-12-31,2026-06-30,FY + YTD,2026-06-30,21.05,1.4,3.13,2.04,2.13,2.89,3.86,1.37,7.82,0.24,9.7,18.3,12.14,0.47,1.8,12.3,1.7,Yes,6,75.8,Strong,0000021665-26-000042
YUM,Yum! Brands,Consumer Discretionary,1041061,2025-12-31,2026-06-30,FY + YTD,2026-06-30,8.72,8.8,2.7,2.22,1.56,1.49,1.68,0.67,12.28,-7.11,25.4,19.3,25.52,1.41,5.9,5.0,0.3,Yes,6,75.8,Strong,0001041061-26-000160
TJX,TJX Companies,Consumer Discretionary,109198,2026-01-31,2026-08-01,FY + YTD,2026-08-01,62.36,7.1,4.76,6.07,5.49,4.86,5.88,6.0,2.87,10.65,9.7,9.4,16.35,0.08,0.4,60.3,,Yes,6,75.7,Strong,0000109198-26-000048
IT,Gartner,Information Technology,749251,2025-12-31,2026-06-30,FY + YTD,2026-06-30,6.46,3.7,1.12,0.78,0.73,1.25,1.29,1.49,2.98,-0.17,12.0,19.9,10.78,0.41,2.2,7.8,,Yes,6,75.5,Strong,0000749251-26-000245
IEX,IDEX Corporation,Industrials,832101,2025-12-31,2026-06-30,FY + YTD,2026-06-30,3.59,5.8,0.74,0.52,0.48,0.51,0.64,0.62,1.87,4.01,14.5,17.9,7.5,0.27,2.6,10.6,2.0,Yes,6,75.4,Strong,0000832101-26-000022
AMZN,Amazon,Consumer Discretionary,1018724,2025-12-31,2026-06-30,FY + YTD,2026-06-30,775.68,12.4,93.71,135.28,77.67,59.25,-11.62,78.21,133.32,551.62,17.4,-1.5,12.35,0.12,0.8,28.1,,Yes,6,75.3,Strong,0001018724-26-000026
BRK.B,Berkshire Hathaway,Financials,1067983,2025-12-31,2026-06-30,FY + YTD,2026-06-30,384.69,0.0,21.63,85.77,66.97,89.0,24.21,41.36,,747.91,22.3,6.3,6.79,,,4.2,,Yes,5,75.1,Strong,0001193125-26-341032
BF.B,Brown–Forman,Consumer Staples,14693,2026-04-30,2026-07-31,FY + YTD,2026-07-31,5.07,0.5,0.99,0.72,0.71,0.87,0.93,0.3,2.44,3.97,14.2,18.2,9.21,0.31,2.4,9.6,,Yes,6,75.1,Strong,0000014693-26-000052
LIN,Linde plc,Materials,1707925,2025-12-31,2026-06-30,FY + YTD,2026-06-30,35.45,3.0,9.38,7.24,6.9,6.57,4.97,4.9,32.54,39.08,20.4,14.0,8.2,0.37,3.1,37.4,0.4,Yes,6,75.1,Strong,0001628280-26-051289
AJG,Arthur J. Gallagher & Co.,Financials,354190,2025-12-31,2026-06-30,FY + YTD,2026-06-30,15.75,20.7,,1.57,1.49,1.46,2.29,1.39,15.13,23.72,10.0,14.5,1.92,0.18,6.2,,,Yes,6,74.7,Strong,0001628280-26-053489
EME,Emcor,Industrials,105634,2025-12-31,2026-06-30,FY + YTD,2026-06-30,18.6,16.6,1.93,1.44,1.27,1.01,1.17,0.92,0.26,4.08,7.7,6.3,14.17,0.03,0.2,410.3,,Yes,6,74.7,Strong,0000105634-26-000110
LII,Lennox International,Industrials,1069202,2025-12-31,2026-03-31,FY + YTD,2026-03-31,5.26,-2.7,1.04,0.79,0.81,0.81,0.66,0.05,1.52,1.21,15.1,12.6,18.48,0.35,1.9,20.8,2.0,Yes,6,74.7,Strong,0001069202-26-000054
AMGN,Amgen,Health Care,318154,2025-12-31,2026-06-30,FY + YTD,2026-06-30,38.09,10.0,11.43,8.74,7.71,4.09,10.18,13.99,57.3,11.69,23.0,26.7,9.14,0.6,4.6,4.3,20.0,Yes,6,74.5,Strong,0000318154-26-000126
ERIE,Erie Indemnity,Financials,922621,2025-12-31,2026-06-30,FY + YTD,2026-06-30,4.12,7.2,0.74,0.58,0.56,0.6,0.55,0.28,,2.47,14.0,13.4,16.22,,,,,Yes,5,74.5,Strong,0001628280-26-051079
DLTR,Dollar Tree,Consumer Staples,935703,2026-01-31,2026-08-01,FY + YTD,2026-08-01,20.07,10.4,2.2,1.61,1.28,-3.03,1.98,1.06,2.93,3.43,8.0,9.9,11.49,0.21,0.9,20.6,,Yes,6,74.4,Strong,0000935703-26-000109
LULU,Lululemon Athletica,Consumer Discretionary,1397187,2026-02-01,2026-08-02,FY + YTD,2026-08-02,11.09,4.9,1.98,1.42,1.58,1.81,1.35,1.39,,4.79,12.8,12.2,16.71,,,1924.9,,Yes,5,74.4,Strong,0001397187-26-000127
CHD,Church & Dwight,Consumer Staples,313927,2025-12-31,2026-06-30,FY + YTD,2026-06-30,6.23,1.6,1.09,0.74,0.74,0.59,1.12,0.25,2.31,4.35,12.0,17.9,8.18,0.25,1.8,11.3,2.3,Yes,6,74.3,Strong,0001193125-26-327567
PYPL,PayPal,Financials,1633917,2025-12-31,2026-03-31,FY + YTD,2026-03-31,33.73,4.3,6.02,5.06,5.23,4.15,5.5,6.98,10.88,20.02,15.0,16.3,6.28,0.14,1.7,13.4,3.2,Yes,6,74.0,Strong,0001633917-26-000067
NXPI,NXP Semiconductors,Information Technology,1413447,2025-12-31,2026-03-29,FY + YTD,2026-03-29,12.62,-2.7,3.83,2.65,2.02,2.51,2.71,3.71,13.72,10.93,21.0,21.5,9.78,0.51,4.5,8.1,19.0,Yes,6,73.8,Strong,0001413447-26-000034
USB,U.S. Bancorp,Financials,36104,2025-12-31,2026-06-30,FY + YTD,2026-06-30,29.69,4.4,,8.17,7.57,6.3,,66.49,96.01,67.43,27.5,,1.13,0.13,7.7,,,Yes,5,73.7,Strong,0000036104-26-000044
BAC,Bank of America,Financials,70858,2025-12-31,2026-06-30,FY + YTD,2026-06-30,119.24,6.8,,33.64,30.51,26.97,,229.75,339.86,301.09,28.2,,0.96,0.1,3.6,,,Yes,5,73.5,Strong,0000070858-26-000394
AFL,Aflac,Financials,4977,2025-12-31,2026-06-30,FY + YTD,2026-06-30,18.07,-9.3,4.32,4.86,3.65,5.44,,6.12,8.38,30.31,26.9,,4.19,0.07,3.2,18.1,,Yes,5,73.3,Strong,0001628280-26-054618
O,Realty Income,Real Estate,726728,2025-12-31,2026-06-30,FY + YTD,2026-06-30,6.05,9.1,,1.27,1.06,0.85,4.0,0.55,,39.55,20.9,66.1,1.66,,,,,Yes,5,73.3,Strong,0000726728-26-000048
GWW,W. W. Grainger,Industrials,277135,2025-12-31,2026-06-30,FY + YTD,2026-06-30,18.84,4.5,2.75,1.87,1.71,1.91,1.51,0.59,2.41,4.13,9.9,8.0,19.44,0.25,1.1,33.9,,Yes,6,72.2,Strong,0000277135-26-000079
DVN,Devon Energy,Energy,1090012,2025-12-31,2026-06-30,FY + YTD,2026-06-30,19.7,5.4,2.21,3.28,2.64,2.89,4.69,0.95,12.88,41.75,16.7,23.8,4.63,0.18,1.5,4.4,,Yes,6,72.0,Strong,0001193125-26-334340
EMR,Emerson Electric,Industrials,32604,2025-09-30,2026-06-30,FY + YTD,2026-06-30,18.64,3.0,,2.58,2.29,1.97,3.46,2.18,7.53,20.38,13.8,18.6,6.11,0.18,1.9,,4.1,Yes,6,71.9,Strong,0000032604-26-000043
CAT,Caterpillar Inc.,Industrials,18230,2025-12-31,2026-06-30,FY + YTD,2026-06-30,74.73,4.3,13.09,10.84,8.88,10.79,10.7,6.71,,19.39,14.5,14.3,10.57,,,7.1,3.0,Yes,5,71.8,Strong,0000018230-26-000046
DRI,Darden Restaurants,Consumer Discretionary,940944,2026-05-31,2026-05-31,fiscal year,2026-05-31,13.21,9.4,1.58,1.21,1.21,1.05,1.12,0.22,1.64,2.21,9.1,8.5,9.38,0.13,0.9,12.5,,Yes,6,71.8,Strong,0001193125-26-342023
MKC,McCormick & Company,Consumer Staples,63754,2025-11-30,2026-05-31,FY + YTD,2026-05-31,7.39,1.7,1.1,1.62,0.79,0.79,1.08,0.33,4.93,7.0,21.9,14.6,9.82,0.3,4.0,5.3,1.4,Yes,6,71.8,Strong,0000063754-26-000274
ARES,Ares Management,Financials,1176948,2025-12-31,2026-06-30,FY + YTD,2026-06-30,5.99,44.2,,0.54,0.43,0.44,0.89,0.56,,3.97,8.9,14.9,1.81,,,,,Yes,5,71.6,Strong,0001628280-26-054538
MS,Morgan Stanley,Financials,895421,2025-12-31,2026-06-30,FY + YTD,2026-06-30,78.04,14.4,,20.16,16.86,13.39,,160.13,383.16,116.33,25.8,,1.2,0.23,,,,Yes,5,71.4,Strong,0000895421-26-000212
BIIB,Biogen,Health Care,875045,2025-12-31,2026-03-31,FY + YTD,2026-03-31,9.94,2.2,2.48,1.37,1.29,1.63,2.42,3.38,6.29,18.65,13.8,24.4,4.65,0.21,2.4,9.0,19.0,Yes,6,71.3,Strong,0000875045-26-000045
CIEN,Ciena,Information Technology,936395,2025-11-01,2026-08-01,FY + YTD,2026-08-01,6.02,18.8,0.74,0.65,0.12,0.08,0.81,2.45,3.23,3.06,10.9,13.5,8.18,0.4,3.1,10.6,15.4,Yes,6,71.3,Strong,0001628280-26-060361
DOV,Dover Corporation,Industrials,29905,2025-12-31,2026-06-30,FY + YTD,2026-06-30,8.42,4.5,1.42,1.13,1.09,2.7,1.18,1.76,3.94,7.7,13.5,14.0,8.29,0.29,2.8,12.5,2.0,Yes,6,71.2,Strong,0000029905-26-000027
CSX,CSX Corporation,Industrials,277948,2025-12-31,2026-06-30,FY + YTD,2026-06-30,14.51,-3.1,4.96,3.22,2.89,3.47,2.8,1.01,18.86,14.09,22.2,19.3,7.21,0.42,3.5,5.9,,Yes,6,71.1,Strong,0000277948-26-000032
BMY,Bristol Myers Squibb,Health Care,14272,2025-12-31,2026-06-30,FY + YTD,2026-06-30,49.19,-0.2,5.69,9.28,7.05,-8.95,11.44,8.72,43.89,22.32,18.9,23.3,10.59,0.5,3.4,3.3,21.8,Yes,6,71.0,Strong,0000014272-26-000020
GD,General Dynamics,Industrials,40533,2025-12-31,2026-04-05,FY + YTD,2026-04-05,53.81,10.1,5.51,4.34,4.21,3.78,6.2,3.65,8.07,26.08,8.1,11.5,7.35,0.14,1.1,15.3,3.0,Yes,6,70.9,Strong,0000040533-26-000012
GEN,Gen Digital,Information Technology,849399,2026-04-03,2026-07-03,FY + YTD,2026-07-03,5.08,27.1,2.12,1.05,0.97,0.64,1.55,0.56,8.16,2.66,20.7,30.5,6.73,0.52,5.2,4.1,8.2,Yes,6,70.8,Strong,0000849399-26-000031
HST,Host Hotels & Resorts,Real Estate,1070750,2025-12-31,2026-06-30,FY + YTD,2026-06-30,6.22,7.6,0.91,1.03,0.77,0.7,1.33,1.95,5.14,6.39,16.5,21.4,7.75,0.39,3.2,3.8,,Yes,6,70.7,Strong,0001070750-26-000126
IBM,IBM,Information Technology,51143,2025-12-31,2026-06-30,FY + YTD,2026-06-30,69.09,7.6,,10.72,10.59,6.02,13.79,7.17,61.99,34.45,15.5,20.0,7.05,0.41,4.2,,12.7,Yes,6,70.7,Strong,0000051143-26-000078
RJF,Raymond James Financial,Financials,720005,2025-09-30,2026-06-30,FY + YTD,2026-06-30,16.99,6.6,,2.31,2.13,2.07,1.44,9.98,0.95,12.7,13.6,8.5,2.45,0.01,0.6,,,Yes,6,70.7,Strong,0000720005-26-000070
SPG,Simon Property Group,Real Estate,1063761,2025-12-31,2026-06-30,FY + YTD,2026-06-30,6.94,6.7,3.29,4.62,4.62,2.37,3.22,1.02,28.7,4.43,66.5,46.4,11.63,0.72,7.0,3.1,,Yes,6,70.7,Strong,0001104659-26-093360
EXR,Extra Space Storage,Real Estate,1289490,2025-12-31,2026-06-30,FY + YTD,2026-06-30,3.45,3.7,1.41,0.96,0.97,0.85,1.52,0.7,,13.26,27.8,44.1,3.23,,,2.5,,Yes,5,70.2,Strong,0001289490-26-000053
KIM,Kimco Realty,Real Estate,879101,2025-12-31,2026-06-30,FY + YTD,2026-06-30,2.19,5.1,0.79,0.58,0.55,0.38,1.16,0.7,,10.27,26.4,53.1,2.88,,,2.3,,Yes,5,70.2,Strong,0001193125-26-331817
DHR,Danaher Corporation,Health Care,313616,2025-12-31,2026-06-26,FY + YTD,2026-06-26,25.11,2.9,5.13,4.0,3.61,3.9,5.47,4.35,26.56,52.58,15.9,21.8,4.33,0.29,4.0,17.6,6.4,Yes,6,70.0,Strong,0000313616-26-000161
CMG,Chipotle Mexican Grill,Consumer Discretionary,1058090,2025-12-31,2026-06-30,FY + YTD,2026-06-30,12.42,5.4,1.82,1.42,1.54,1.53,1.57,0.23,,2.2,11.4,12.6,16.01,,,,,Yes,5,69.9,Solid,0001058090-26-000066
ULTA,Ulta Beauty,Consumer Discretionary,1403568,2026-01-31,2026-08-01,FY + YTD,2026-08-01,12.96,9.7,1.61,1.21,1.15,1.2,1.15,0.16,,2.64,9.3,8.9,17.37,,,166.9,,Yes,5,69.9,Solid,0001104659-26-102442
GLW,Corning Inc.,Information Technology,24741,2025-12-31,2026-06-30,FY + YTD,2026-06-30,16.96,19.1,2.6,1.9,1.6,0.51,2.4,2.5,7.76,12.56,11.2,14.1,5.77,0.24,2.0,7.3,4.7,Yes,6,69.7,Solid,0000024741-26-000255
WTW,Willis Towers Watson,Financials,1140536,2025-12-31,2026-06-30,FY + YTD,2026-06-30,10.1,-2.2,2.25,1.56,1.6,-0.1,1.69,1.63,6.53,7.69,15.5,16.7,5.12,0.21,3.4,7.9,,Yes,6,69.3,Solid,0001193125-26-325374
MTB,M&T Bank,Financials,36270,2025-12-31,2026-06-30,FY + YTD,2026-06-30,,,,3.03,2.85,2.59,3.55,17.44,18.18,27.95,,,1.38,0.08,4.8,,,Yes,5,69.2,Solid,0000036270-26-000050
RF,Regions Financial Corporation,Financials,1281761,2025-12-31,2026-06-30,FY + YTD,2026-06-30,,,0.05,2.23,2.16,1.89,,9.93,7.63,18.84,,,1.38,0.05,4.3,0.0,,Yes,4,69.2,Solid,0001281761-26-000055
REG,Regency Centers,Real Estate,910606,2025-12-31,2026-03-31,FY + YTD,2026-03-31,1.59,6.9,1.15,0.55,0.53,0.4,0.43,0.15,5.0,6.89,34.5,27.0,4.19,0.38,6.1,5.9,,Yes,6,69.1,Solid,0001193125-26-203537
KMB,Kimberly-Clark,Consumer Staples,55785,2025-12-31,2026-06-30,FY + YTD,2026-06-30,16.58,-2.1,2.51,1.96,2.02,2.54,1.82,0.96,6.47,1.75,11.8,11.0,10.54,0.35,1.9,10.7,2.0,Yes,6,69.0,Solid,0001628280-26-052348
ABT,Abbott Laboratories,Health Care,1800,2025-12-31,2026-03-31,FY + YTD,2026-03-31,45.13,5.7,7.71,6.28,6.52,13.4,7.38,6.8,34.05,52.06,13.9,16.3,5.68,0.31,3.6,14.4,6.6,Yes,6,68.9,Solid,0001628280-26-028357
DLR,Digital Realty,Real Estate,1297996,2025-12-31,2026-03-31,FY + YTD,2026-03-31,6.34,10.0,0.73,1.38,1.31,0.59,1.73,2.43,,23.37,21.8,27.2,2.83,,,1.6,,Yes,5,68.2,Solid,0001104659-26-054255
STZ,Constellation Brands,Consumer Staples,16918,2026-02-28,2026-05-31,FY + YTD,2026-05-31,9.67,-11.0,2.85,1.82,1.69,-0.08,1.83,0.1,10.53,8.26,18.9,19.0,8.25,0.48,3.9,8.2,,Yes,6,68.0,Solid,0000016918-26-000029
VMC,Vulcan Materials Company,Materials,1396009,2025-12-31,2026-03-31,FY + YTD,2026-03-31,8.06,7.1,1.66,1.11,1.08,0.91,1.12,0.14,4.56,8.45,13.8,13.8,6.68,0.27,2.5,7.1,0.0,Yes,6,68.0,Solid,0001628280-26-028318
JPM,JPMorgan Chase,Financials,19617,2025-12-31,2026-06-30,FY + YTD,2026-06-30,199.41,2.8,,65.02,57.0,58.5,,309.81,532.95,374.6,32.6,,1.3,0.11,,,,Yes,5,67.9,Solid,0001628280-26-054343
AIZ,Assurant,Financials,1267238,2025-12-31,2026-06-30,FY + YTD,2026-06-30,13.46,7.9,,1.06,0.87,0.76,1.66,1.7,,6.1,7.9,12.3,2.95,,,,,Yes,5,67.8,Solid,0001267238-26-000041
CFG,Citizens Financial Group,Financials,759944,2025-12-31,2026-06-30,FY + YTD,2026-06-30,8.73,5.6,,2.13,1.83,1.51,2.38,12.76,16.35,26.18,24.4,27.2,0.91,0.07,6.5,,,Yes,6,67.8,Solid,0000759944-26-000148
GS,Goldman Sachs,Financials,886982,2025-12-31,2026-06-30,FY + YTD,2026-06-30,66.2,8.9,,20.97,17.18,14.28,-41.52,187.27,437.87,122.74,31.7,-62.7,0.99,0.21,,,,Yes,6,67.4,Solid,0000886982-26-000297
MAR,Marriott International,Consumer Discretionary,1048286,2025-12-31,2026-06-30,FY + YTD,2026-06-30,26.9,4.3,4.25,2.59,2.6,2.38,3.16,0.46,0.02,-4.53,9.6,11.7,9.21,0.0,0.0,5.0,,Yes,6,67.3,Solid,0001048286-26-000035
MAS,Masco,Industrials,62996,2025-12-31,2026-03-31,FY + YTD,2026-03-31,7.68,-3.4,1.28,0.84,0.81,0.82,0.94,0.39,2.94,-0.24,10.9,12.3,15.99,0.56,2.7,12.7,,Yes,6,67.3,Solid,0000062996-26-000014
LVS,Las Vegas Sands,Consumer Discretionary,1300514,2025-12-31,2026-06-30,FY + YTD,2026-06-30,13.72,15.2,2.95,1.73,1.63,1.45,2.7,3.38,15.26,0.58,12.6,19.7,8.67,0.77,4.1,3.9,1.6,Yes,6,66.9,Solid,0001300514-26-000085
LMT,Lockheed Martin,Industrials,936468,2025-12-31,2026-06-28,FY + YTD,2026-06-28,77.01,5.6,9.15,6.29,5.02,5.34,8.73,3.79,20.54,8.77,8.2,11.3,10.07,0.33,2.0,8.2,2.6,Yes,6,66.9,Solid,0001628280-26-049411
WFC,Wells Fargo,Financials,72971,2025-12-31,2026-06-30,FY + YTD,2026-06-30,86.8,1.7,,22.61,21.34,19.72,,201.46,207.31,180.19,26.0,,0.99,0.09,10.8,,,Yes,5,66.6,Solid,0000072971-26-000302
MMM,3M,Industrials,66740,2025-12-31,2026-06-30,FY + YTD,2026-06-30,25.18,1.5,4.62,3.0,3.25,4.17,3.98,2.96,10.9,2.95,11.9,15.8,8.58,0.31,2.2,5.3,2.8,Yes,6,66.5,Solid,0000066740-26-000246
PLD,Prologis,Real Estate,1045609,2025-12-31,2026-03-31,FY + YTD,2026-03-31,8.95,7.2,4.69,3.72,3.33,3.73,3.89,0.86,34.67,53.5,41.5,43.5,3.79,0.35,6.8,4.6,,Yes,6,66.1,Solid,0001193125-26-197850
SHW,Sherwin-Williams,Materials,89800,2025-12-31,2026-06-30,FY + YTD,2026-06-30,24.41,2.1,4.41,2.69,2.57,2.68,3.21,0.29,12.07,3.85,11.0,13.2,9.97,0.45,3.1,8.5,0.2,Yes,6,66.1,Solid,0000089800-26-000049
XYL,Xylem Inc.,Industrials,1524472,2025-12-31,2026-06-30,FY + YTD,2026-06-30,9.13,5.5,1.32,1.02,0.96,0.89,0.96,1.28,2.95,10.42,11.2,10.5,5.87,0.17,2.3,57.4,2.5,Yes,6,66.1,Solid,0001524472-26-000110
CMI,Cummins,Industrials,26172,2025-12-31,2026-06-30,FY + YTD,2026-06-30,36.21,,3.89,2.71,2.84,3.95,3.37,3.18,7.08,12.85,7.5,9.3,7.62,0.2,1.5,12.3,4.0,Yes,6,66.0,Solid,0000026172-26-000029
L,Loews Corporation,Financials,60086,2025-12-31,2026-06-30,FY + YTD,2026-06-30,18.69,5.4,,1.69,1.67,1.41,1.77,0.51,8.94,19.11,9.0,9.4,1.93,0.1,3.5,,,Yes,6,65.7,Solid,0000060086-26-000047
STT,State Street Corporation,Financials,93751,2025-12-31,2026-06-30,FY + YTD,2026-06-30,15.06,7.3,,3.46,2.95,2.69,2.02,4.29,25.7,28.27,23.0,13.4,0.83,0.06,7.4,,,Yes,6,65.5,Solid,0000093751-26-000397
HON,Honeywell Technologies,Industrials,773840,2025-12-31,2026-06-30,FY + YTD,2026-06-30,38.06,7.8,8.4,8.21,4.73,5.71,4.01,8.75,33.99,18.54,21.6,10.5,10.62,0.44,6.6,5.8,5.1,Yes,6,65.4,Solid,0000773840-26-000124
EG,Everest Group,Financials,1095073,2025-12-31,2026-06-30,FY + YTD,2026-06-30,16.77,1.2,,1.91,1.59,1.37,,1.12,,15.43,11.4,,3.08,,,,,Yes,4,65.2,Solid,0001095073-26-000032
KMI,Kinder Morgan,Energy,1506307,2025-12-31,2026-06-30,FY + YTD,2026-06-30,17.96,12.2,5.22,3.47,3.06,2.61,3.16,0.09,29.8,31.63,19.3,17.6,4.68,0.4,4.5,3.0,,Yes,6,65.1,Solid,0001506307-26-000085
ETN,Eaton Corporation,Industrials,1551182,2025-12-31,2026-06-30,FY + YTD,2026-06-30,30.03,10.3,3.67,3.83,4.09,3.79,3.93,0.48,20.61,20.25,12.8,13.1,6.82,0.37,4.2,8.3,2.8,Yes,6,65.0,Solid,0001551182-26-000030
AZO,AutoZone,Consumer Discretionary,866787,2025-08-30,2026-05-09,FY + YTD,2026-05-09,19.99,2.4,3.6,2.48,2.5,2.66,1.63,0.25,9.06,-2.78,12.4,8.2,11.85,0.43,2.9,7.4,,Yes,6,64.9,Solid,0001104659-26-073525
VMRK,Vivmark Residential,Real Estate,906107,2025-12-31,2026-06-30,FY + YTD,2026-06-30,2.72,4.8,1.16,0.88,1.12,1.04,1.44,0.04,9.74,10.51,32.2,52.9,4.32,0.48,6.2,3.6,,Yes,6,64.9,Solid,0001193125-26-326170
AMT,American Tower,Real Estate,1053507,2025-12-31,2026-06-30,FY + YTD,2026-06-30,10.94,5.1,4.9,3.4,2.53,2.25,3.96,1.76,37.19,3.72,31.1,36.2,5.37,0.59,6.4,3.5,,Yes,6,64.8,Solid,0001053507-26-000133
AKAM,Akamai Technologies,Information Technology,1086222,2025-12-31,2026-06-30,FY + YTD,2026-06-30,4.32,5.4,0.46,0.41,0.45,0.5,0.96,1.48,,4.75,9.5,22.1,2.73,,,13.7,12.8,Yes,5,64.6,Solid,0001086222-26-000086
NVR,"NVR, Inc.",Consumer Discretionary,906163,2025-12-31,2026-06-30,FY + YTD,2026-06-30,9.53,-1.9,,1.14,1.34,1.68,1.05,1.2,,3.39,12.0,11.0,20.86,,,,,Yes,5,64.5,Solid,0000906163-26-000093
EXPD,Expeditors International,Industrials,746515,2025-12-31,2026-06-30,FY + YTD,2026-06-30,12.04,4.4,1.18,0.92,0.81,0.81,0.92,1.03,,2.12,7.6,7.7,17.89,,,246.5,,Yes,5,64.3,Solid,0001193125-26-334457
EFX,Equifax,Industrials,33185,2025-12-31,2026-06-30,FY + YTD,2026-06-30,6.44,6.9,1.15,0.69,0.66,0.6,1.1,0.17,4.06,4.38,10.7,17.1,5.77,0.34,2.5,5.2,,Yes,6,64.2,Solid,0000033185-26-000028
HD,Home Depot (The),Consumer Discretionary,354950,2026-02-01,2026-08-02,FY + YTD,2026-08-02,169.18,3.2,21.02,14.23,14.16,14.81,15.1,2.08,52.9,16.62,8.4,8.9,13.01,0.48,2.8,8.7,,Yes,6,64.1,Solid,0001628280-26-058715
VICI,Vici Properties,Real Estate,1705696,2025-12-31,2026-06-30,FY + YTD,2026-06-30,4.1,4.1,0.32,2.77,2.78,2.68,2.5,0.29,16.93,29.17,67.5,60.9,5.73,0.35,6.4,0.4,,Yes,6,64.1,Solid,0001705696-26-000090
ANET,Arista Networks,Information Technology,1596532,2025-12-31,2026-06-30,FY + YTD,2026-06-30,10.54,28.6,4.55,0.53,0.0,0.0,5.14,2.29,,14.8,5.1,48.7,2.25,,,6878.8,13.0,Yes,5,64.0,Solid,0001596532-26-000175
ALGN,Align Technology,Health Care,1097149,2025-12-31,2026-06-30,FY + YTD,2026-06-30,4.14,0.9,0.55,0.41,0.41,0.42,0.63,1.1,,4.23,10.0,15.3,6.44,,,10737.1,9.1,Yes,5,63.9,Solid,0001097149-26-000060
JCI,Johnson Controls,Industrials,833444,2025-09-30,2026-03-31,FY + YTD,2026-03-31,24.43,2.8,0.96,3.53,3.29,1.71,2.67,0.7,9.52,13.52,14.5,10.9,9.21,0.25,3.1,4.7,1.1,Yes,6,63.9,Solid,0000833444-26-000050
COO,Cooper Companies (The),Health Care,711404,2025-10-31,2026-07-31,FY + YTD,2026-07-31,4.24,5.1,0.54,0.57,0.37,0.39,0.68,0.15,3.17,8.33,13.5,16.0,4.5,0.25,3.1,6.1,4.0,Yes,6,63.8,Solid,0001628280-26-061160
SLB,Schlumberger,Energy,87347,2025-12-31,2026-06-30,FY + YTD,2026-06-30,36.37,-1.6,6.78,3.1,3.37,4.46,4.81,,11.14,26.07,8.5,13.2,5.58,0.2,1.7,13.2,1.9,Yes,6,63.8,Solid,0001193125-26-322595
TMUS,T-Mobile US,Communication Services,1283699,2025-12-31,2026-06-30,FY + YTD,2026-06-30,92.19,8.5,18.25,10.56,10.99,11.34,18.4,2.83,,56.27,11.5,20.0,4.94,,,4.4,,Yes,5,63.8,Solid,0001283699-26-000101
DELL,Dell Technologies,Information Technology,1571996,2026-01-30,2026-07-31,FY + YTD,2026-07-31,151.2,18.8,14.25,11.38,5.94,4.58,8.56,11.57,34.47,-1.43,7.5,5.7,8.93,0.27,2.8,8.8,2.4,Yes,6,63.5,Solid,0001571996-26-000046
JBHT,J.B. Hunt,Industrials,728535,2025-12-31,2026-06-30,FY + YTD,2026-06-30,12.7,-0.7,0.96,0.67,0.6,0.57,1.1,0.0,1.15,3.66,5.3,8.7,8.49,0.14,0.7,13.7,,Yes,6,63.5,Solid,0001437749-26-024397
LDOS,Leidos,Industrials,1336920,2026-01-02,2026-07-03,FY + YTD,2026-07-03,17.63,3.1,2.03,1.38,1.45,1.25,2.16,0.75,6.03,5.28,7.8,12.3,8.8,0.39,2.6,8.8,1.1,Yes,6,63.5,Solid,0001336920-26-000246
FTV,Fortive,Industrials,1659166,2025-12-31,2026-04-03,FY + YTD,2026-04-03,4.24,1.9,0.75,0.5,0.53,0.83,0.97,0.36,3.49,6.08,11.7,22.8,4.29,0.3,3.2,6.2,6.2,Yes,6,63.4,Solid,0001659166-26-000013
SBAC,SBA Communications,Real Estate,1034054,2025-12-31,2026-06-30,FY + YTD,2026-06-30,2.87,5.1,1.37,0.99,1.05,0.75,1.05,0.33,12.73,-4.63,34.5,36.6,8.44,1.08,9.9,2.7,,Yes,6,63.4,Solid,0001034054-26-000011
UHS,Universal Health Services,Health Care,352915,2025-12-31,2026-06-30,FY + YTD,2026-06-30,18.11,9.7,2.06,1.53,1.49,1.14,0.85,0.14,4.9,7.51,8.4,4.7,9.58,0.31,2.7,13.1,,Yes,6,63.4,Solid,0001193125-26-340278
COST,Costco,Consumer Staples,909832,2025-08-31,2026-05-10,FY + YTD,2026-05-10,293.59,8.2,11.22,8.84,8.1,7.37,8.81,18.95,5.67,33.51,3.0,3.0,10.23,0.07,0.4,76.9,,Yes,6,63.1,Solid,0000909832-26-000051
UDR,"UDR, Inc.",Real Estate,74208,2025-12-31,2026-03-31,FY + YTD,2026-03-31,1.72,2.4,0.66,0.49,0.38,0.09,0.63,0.0,5.66,3.29,28.6,36.8,4.75,0.55,6.5,3.3,,Yes,6,63.1,Solid,0000074208-26-000049
URI,United Rentals,Industrials,1067701,2025-12-31,2026-03-31,FY + YTD,2026-03-31,16.36,4.9,4.04,2.51,2.49,2.58,1.15,0.16,12.26,8.97,15.3,7.0,8.39,0.41,2.3,6.0,,Yes,6,63.1,Solid,0001067701-26-000016
VLO,Valero Energy,Energy,1035002,2025-12-31,2026-06-30,FY + YTD,2026-06-30,139.4,-5.5,10.01,7.21,2.35,2.77,8.89,7.87,9.1,25.0,5.2,6.4,11.15,0.14,0.8,17.8,,Yes,6,63.0,Solid,0001628280-26-050937
ZBRA,Zebra Technologies,Information Technology,877212,2025-12-31,2026-07-04,FY + YTD,2026-07-04,5.85,8.3,0.86,0.54,0.42,0.53,0.9,0.16,2.78,3.44,9.2,15.5,6.24,0.32,2.8,5.9,10.6,Yes,6,63.0,Solid,0001628280-26-052550
ON,ON Semiconductor,Information Technology,1097864,2025-12-31,2026-07-03,FY + YTD,2026-07-03,6.2,-15.3,0.67,0.63,0.12,1.57,1.5,3.51,4.5,7.22,10.2,24.2,4.67,0.33,2.7,10.9,9.0,Yes,6,62.9,Solid,0001097864-26-000017
Q,Qnity Electronics,Information Technology,2058873,2025-12-31,2026-06-30,FY + YTD,2026-06-30,5.21,9.7,,0.59,0.69,0.69,0.82,0.96,4.0,7.26,11.2,15.8,4.09,0.28,3.4,,7.2,Yes,6,62.8,Solid,0002058873-26-000030
OTIS,Otis Worldwide,Industrials,1781335,2025-12-31,2026-06-30,FY + YTD,2026-06-30,14.91,1.2,2.29,1.52,1.38,1.65,1.71,0.81,8.44,-5.75,10.2,11.5,13.59,0.76,4.5,10.0,1.0,Yes,6,62.7,Solid,0001781335-26-000113
NSC,Norfolk Southern,Industrials,702165,2025-12-31,2026-06-30,FY + YTD,2026-06-30,12.54,0.5,4.04,2.64,2.87,2.62,1.63,1.07,16.62,16.25,21.0,13.0,5.84,0.37,4.5,5.1,,Yes,6,62.5,Solid,0001628280-26-049326
WAB,Wabtec,Industrials,943452,2025-12-31,2026-06-30,FY + YTD,2026-06-30,11.98,7.5,1.96,1.27,1.17,1.06,1.71,0.67,6.57,11.21,10.6,14.3,5.49,0.28,3.3,6.9,2.1,Yes,6,62.4,Solid,0001628280-26-049139
WM,Waste Management,Industrials,823768,2025-12-31,2026-06-30,FY + YTD,2026-06-30,25.67,14.2,4.51,2.85,2.71,2.75,3.57,0.56,22.28,9.93,11.1,13.9,6.14,0.48,3.4,4.9,,Yes,6,61.9,Solid,0001104659-26-088016
FCX,Freeport-McMoRan,Materials,831259,2025-12-31,2026-06-30,FY + YTD,2026-06-30,25.87,1.8,6.92,2.94,2.2,1.89,1.6,4.08,9.39,20.11,11.4,6.2,4.93,0.16,1.6,27.0,,Yes,6,61.8,Solid,0000831259-26-000036
ABBV,AbbVie,Health Care,1551152,2025-12-31,2026-06-30,FY + YTD,2026-06-30,64.39,8.6,16.87,6.31,4.23,4.28,18.21,6.57,70.82,-5.93,9.8,28.3,4.67,0.52,3.6,5.8,15.1,Yes,6,61.7,Solid,0001551152-26-000026
IR,Ingersoll Rand,Industrials,1699150,2025-12-31,2026-06-30,FY + YTD,2026-06-30,7.94,5.7,1.44,0.96,0.58,0.84,1.22,1.17,4.77,10.18,12.1,15.4,5.27,0.26,3.5,5.6,1.4,Yes,6,61.7,Solid,0001628280-26-051415
RCL,Royal Caribbean Group,Consumer Discretionary,884887,2025-12-31,2026-06-30,FY + YTD,2026-06-30,18.68,8.8,5.1,4.4,4.27,2.88,-0.42,0.88,22.84,10.24,23.5,-2.2,9.85,0.51,3.4,5.0,,Yes,6,61.7,Solid,0000884887-26-000038
FERG,Ferguson Enterprises,Industrials,2011641,2025-07-31,2025-12-31,FY + YTD,2026-06-30,31.32,3.8,2.79,2.01,1.86,1.74,1.6,0.44,4.9,6.2,6.4,5.1,10.39,0.25,2.6,14.8,,Yes,6,61.5,Solid,0002011641-26-000006
TMO,Thermo Fisher Scientific,Health Care,97745,2025-12-31,2026-06-27,FY + YTD,2026-06-27,46.34,3.9,8.14,6.98,6.72,6.34,7.32,4.06,42.28,52.68,15.1,15.8,6.17,0.37,4.7,5.6,3.0,Yes,6,61.5,Solid,0000097745-26-000144
TDG,TransDigm Group,Industrials,1260221,2025-09-30,2026-06-27,FY + YTD,2026-06-27,10.01,11.2,4.61,2.13,2.07,1.71,1.93,2.77,32.76,-9.81,21.3,19.3,7.96,1.22,14.9,2.6,1.2,Yes,6,61.5,Solid,0001260221-26-000053
CVX,Chevron Corporation,Energy,93410,2025-12-31,2026-06-30,FY + YTD,2026-06-30,215.26,-6.8,,20.59,12.3,17.7,27.01,9.58,37.08,189.88,9.6,12.5,6.24,0.11,0.8,,0.2,Yes,6,61.3,Solid,0000093410-26-000167
DGX,Quest Diagnostics,Health Care,1022079,2025-12-31,2026-06-30,FY + YTD,2026-06-30,11.56,11.8,1.63,1.06,0.99,0.87,1.35,0.63,5.64,7.52,9.2,11.7,6.27,0.33,3.0,6.2,,Yes,6,61.3,Solid,0001022079-26-000070
SWKS,Skyworks Solutions,Information Technology,4127,2025-10-03,2026-07-03,FY + YTD,2026-07-03,4.01,-2.2,0.31,0.29,0.48,0.6,0.43,0.79,0.5,5.74,7.2,10.8,3.91,0.07,0.7,11.4,21.1,Yes,6,60.9,Solid,0000004127-26-000049
ESS,Essex Property Trust,Real Estate,920522,2025-12-31,2026-06-30,FY + YTD,2026-06-30,1.93,6.4,0.63,0.41,0.67,0.74,0.87,0.06,6.39,5.32,21.5,45.0,3.21,0.5,5.7,2.4,,Yes,6,60.8,Solid,0000920522-26-000022
STLD,Steel Dynamics,Materials,1022671,2025-12-31,2026-06-30,FY + YTD,2026-06-30,20.54,3.6,2.06,1.61,1.19,1.54,0.96,0.57,4.2,9.42,7.8,4.7,9.39,0.25,2.7,18.2,,Yes,6,60.8,Solid,0001104659-26-087414
BEN,Franklin Resources,Financials,38777,2025-09-30,2026-06-30,FY + YTD,2026-06-30,9.32,3.5,0.91,0.81,0.52,0.46,0.23,3.76,2.4,11.74,8.7,2.5,2.24,0.07,8.6,10.2,,Yes,6,60.7,Solid,0000038777-26-000217
SNPS,Synopsys,Information Technology,883241,2025-10-31,2026-07-31,FY + YTD,2026-07-31,9.42,15.1,0.8,1.08,1.33,2.26,2.75,3.61,10.04,31.15,11.4,29.2,2.26,0.21,3.4,1.3,30.6,Yes,6,60.7,Solid,0000883241-26-000025
PEP,PepsiCo,Consumer Staples,77476,2025-12-27,2026-06-13,FY + YTD,2026-06-13,96.9,2.3,14.36,10.45,8.24,9.58,9.28,10.25,59.31,22.1,10.8,9.6,9.32,0.53,4.4,12.7,0.9,Yes,6,60.5,Solid,0000077476-26-000035
HCA,HCA Healthcare,Health Care,860730,2025-12-31,2026-03-31,FY + YTD,2026-03-31,76.39,7.1,,6.79,6.78,5.76,7.93,0.94,44.37,-6.3,8.9,10.4,11.06,0.72,3.4,,,Yes,6,60.4,Solid,0001193125-26-191444
AIG,American International Group,Financials,5272,2025-12-31,2026-06-30,FY + YTD,2026-06-30,26.64,-1.7,,2.96,3.1,-1.43,3.61,1.56,,40.61,11.1,13.6,1.81,,,,,Yes,5,60.3,Solid,0000005272-26-000076
ORCL,Oracle Corporation,Information Technology,1341439,2026-05-31,2026-08-31,FY + YTD,2026-08-31,71.78,17.3,23.06,18.92,17.09,12.44,-28.72,36.37,130.1,66.77,26.4,-40.0,6.24,0.43,2.8,4.5,14.2,Yes,6,60.2,Solid,0001193125-26-389274
NTRS,Northern Trust,Financials,73124,2025-12-31,2026-06-30,FY + YTD,2026-06-30,9.05,-2.5,,2.24,1.74,2.03,0.45,5.74,,13.4,24.8,4.9,1.25,,,,,Yes,5,60.0,Solid,0000073124-26-000047
RSG,Republic Services,Industrials,1060391,2025-12-31,2026-06-30,FY + YTD,2026-06-30,19.33,3.3,3.37,2.19,2.14,2.04,2.65,0.11,14.07,12.03,11.3,13.7,6.22,0.4,3.1,5.7,,Yes,6,59.9,Solid,0001060391-26-000275
FANG,Diamondback Energy,Energy,1539838,2025-12-31,2026-06-30,FY + YTD,2026-06-30,17.1,35.8,1.08,1.35,1.55,3.7,,0.46,11.07,37.9,7.9,,1.92,0.16,1.1,5.7,,Yes,5,59.7,Solid,0001539838-26-000142
NOC,Northrop Grumman,Industrials,1133421,2025-12-31,2026-06-30,FY + YTD,2026-06-30,42.89,2.2,4.6,4.5,4.18,4.17,3.65,2.31,15.19,17.88,10.5,8.5,8.86,0.3,3.0,,2.6,Yes,6,59.7,Solid,0001133421-26-000034
ECL,Ecolab,Materials,31462,2025-12-31,2026-06-30,FY + YTD,2026-06-30,16.84,2.2,2.85,2.12,2.08,2.11,1.87,5.14,13.17,10.06,12.6,11.1,7.07,0.44,4.3,8.2,1.2,Yes,6,59.3,Solid,0001628280-26-053886
EQIX,Equinix,Real Estate,1101239,2025-12-31,2026-06-30,FY + YTD,2026-06-30,9.8,5.4,2.14,1.53,1.35,0.81,2.82,0.98,19.87,14.38,15.6,28.8,3.73,0.48,5.0,3.8,,Yes,6,59.2,Solid,0001101239-26-000147
ATO,Atmos Energy,Utilities,731802,2025-09-30,2026-06-30,FY + YTD,2026-06-30,4.92,12.9,1.82,1.4,1.2,1.04,-2.02,0.52,10.25,15.26,28.5,-41.1,4.44,0.32,5.1,12.8,,Yes,6,59.1,Solid,0000731802-26-000102
TSCO,Tractor Supply,Consumer Discretionary,916365,2025-12-27,2026-06-27,FY + YTD,2026-06-27,15.75,4.3,1.34,1.01,1.1,1.1,0.31,0.23,2.15,2.63,6.4,1.9,8.32,0.18,1.7,20.3,,Yes,6,59.1,Solid,0000916365-26-000059
MAA,Mid-America Apartment Communities,Real Estate,912595,2025-12-31,2026-03-31,FY + YTD,2026-03-31,2.21,0.8,0.13,0.39,0.45,0.53,0.69,0.07,,5.54,17.6,31.0,3.25,,,0.7,,Yes,5,59.0,Solid,0001193125-26-197331
RTX,RTX Corporation,Industrials,101829,2025-12-31,2026-06-30,FY + YTD,2026-06-30,93.5,9.7,10.48,7.74,6.73,4.77,11.41,8.3,37.38,66.38,8.3,12.2,4.45,0.21,2.6,5.6,3.0,Yes,6,59.0,Solid,0000101829-26-000027
XOM,ExxonMobil,Energy,2115436,2025-12-31,2026-06-30,FY + YTD,2026-06-30,368.76,-5.0,,32.76,28.84,33.68,30.55,10.59,32.23,259.38,8.9,8.3,7.05,0.07,0.5,,0.3,Yes,6,58.9,Solid,0000034088-26-000093
DHI,D. R. Horton,Consumer Discretionary,882184,2025-09-30,2026-06-30,FY + YTD,2026-06-30,33.35,-6.9,,3.05,3.59,4.76,3.2,2.08,6.02,23.82,9.2,9.6,8.36,0.16,1.8,,,Yes,6,58.8,Solid,0000882184-26-000096
T,AT&T,Communication Services,732717,2025-12-31,2026-06-30,FY + YTD,2026-06-30,127.24,2.7,25.6,21.56,21.95,10.95,15.06,17.57,134.63,126.43,16.9,11.8,5.03,0.31,3.6,3.6,,Yes,6,58.6,Solid,0000732717-26-000297
DASH,DoorDash,Consumer Discretionary,1792789,2025-12-31,2026-06-30,FY + YTD,2026-06-30,15.89,27.9,0.71,0.84,0.94,0.12,2.6,4.42,,9.92,5.3,16.3,4.3,,,,10.7,Yes,5,58.6,Solid,0001792789-26-000050
DD,DuPont,Industrials,1666700,2025-12-31,2026-06-30,FY + YTD,2026-06-30,6.99,1.9,,0.92,0.09,0.7,0.7,1.74,3.12,13.77,13.2,10.0,4.38,0.15,3.0,,2.6,Yes,6,58.6,Solid,0001666700-26-000053
PHM,PulteGroup,Consumer Discretionary,822416,2025-12-31,2026-06-30,FY + YTD,2026-06-30,16.41,-3.5,,1.91,2.22,3.08,1.51,1.34,,13.01,11.6,9.2,10.44,,,,,Yes,5,58.4,Solid,0000822416-26-000036
AVY,Avery Dennison,Materials,8818,2025-12-31,2026-06-30,FY + YTD,2026-06-30,9.25,1.1,,0.7,0.69,0.7,1.06,0.23,3.18,2.32,7.6,11.5,7.65,0.34,2.6,,1.5,Yes,6,58.1,Solid,0000008818-26-000131
BKR,Baker Hughes,Energy,1701605,2025-12-31,2026-06-30,FY + YTD,2026-06-30,27.73,-0.3,3.08,3.1,2.59,2.98,3.13,15.73,16.25,19.91,11.2,11.3,5.88,0.31,3.7,8.0,2.1,Yes,6,58.1,Solid,0001701605-26-000023
BBY,Best Buy,Consumer Discretionary,764478,2026-01-31,2026-08-01,FY + YTD,2026-08-01,42.2,0.4,1.71,1.27,1.07,0.93,1.77,2.25,1.17,3.18,3.0,4.2,7.9,0.07,0.5,38.0,,Yes,6,58.1,Solid,0000764478-26-000042
NUE,Nucor,Materials,73309,2025-12-31,2026-07-04,FY + YTD,2026-07-04,36.1,5.7,,2.88,1.74,2.03,1.58,2.48,7.1,22.11,8.0,4.4,7.8,0.19,1.6,,,Yes,6,58.1,Solid,0001193125-26-345891
PPG,PPG Industries,Materials,79879,2025-12-31,2026-03-31,FY + YTD,2026-03-31,16.12,0.2,2.61,1.58,1.58,1.12,1.23,1.57,7.14,8.1,9.8,7.6,7.16,0.32,3.6,10.0,2.7,Yes,6,58.1,Solid,0000079879-26-000170
DIS,Walt Disney Company (The),Communication Services,1744489,2025-09-27,2026-06-27,FY + YTD,2026-06-27,98.86,3.4,18.24,8.6,12.4,4.97,8.29,5.18,46.04,110.03,8.7,8.4,4.2,0.22,2.7,10.0,,Yes,6,58.0,Solid,0001744489-26-000057
HLT,Hilton Worldwide,Consumer Discretionary,1585689,2025-12-31,2026-06-30,FY + YTD,2026-06-30,12.48,7.7,2.92,1.58,1.46,1.53,2.03,1.01,13.34,-6.3,12.7,16.3,9.36,0.79,6.3,4.4,,Yes,6,57.8,Solid,0001585689-26-000043
FOXA,Fox Corporation (Class A),Communication Services,1754301,2026-06-30,2026-06-30,fiscal year,2026-06-30,17.13,5.1,,1.69,1.69,2.26,1.47,4.21,6.61,11.63,9.8,8.6,7.49,0.29,3.4,,,Yes,6,57.7,Solid,0001628280-26-053960
FOX,Fox Corporation (Class B),Communication Services,1754301,2026-06-30,2026-06-30,fiscal year,2026-06-30,17.13,5.1,,1.69,1.69,2.26,1.47,4.21,6.61,11.63,9.8,8.6,7.49,0.29,3.4,,,Yes,6,57.7,Solid,0001628280-26-053960
MPC,Marathon Petroleum,Energy,1510295,2025-12-31,2026-06-30,FY + YTD,2026-06-30,153.58,-4.4,14.13,8.55,4.05,3.44,12.9,7.77,32.82,19.08,5.6,8.4,9.07,0.35,1.9,8.7,,Yes,6,57.6,Solid,0001510295-26-000061
DPZ,Domino's,Consumer Discretionary,1286681,2025-12-28,2026-06-14,FY + YTD,2026-06-14,5.03,5.0,0.98,0.6,0.6,0.58,0.65,0.16,4.88,-3.98,11.9,13.0,33.83,2.77,6.3,5.0,,Yes,6,57.5,Solid,0001286681-26-000035
INVH,Invitation Homes,Real Estate,1687229,2025-12-31,2026-06-30,FY + YTD,2026-06-30,2.86,4.2,0.25,0.66,0.59,0.45,1.17,0.08,8.53,9.05,23.1,41.0,3.58,0.46,7.1,0.8,,Yes,6,57.5,Solid,0001687229-26-000045
PWR,Quanta Services,Industrials,1050915,2025-12-31,2026-06-30,FY + YTD,2026-06-30,32.91,20.3,2.04,1.34,1.04,0.93,2.39,0.51,6.1,9.64,4.1,7.3,4.74,0.22,1.9,6.9,,Yes,6,56.9,Solid,0001050915-26-000025
WELL,Welltower,Real Estate,766704,2025-12-31,2026-03-31,FY + YTD,2026-03-31,11.77,35.6,,1.41,0.94,0.95,1.87,4.7,17.93,43.79,12.0,15.9,2.09,0.27,6.1,,,Yes,6,56.9,Solid,0000766704-26-000021
CMCSA,Comcast,Communication Services,1166691,2025-12-31,2026-06-30,FY + YTD,2026-06-30,124.9,-0.0,18.32,11.2,20.0,16.19,20.44,7.66,84.26,89.76,9.0,16.4,4.35,0.33,2.6,4.2,,Yes,6,56.4,Solid,0001628280-26-049360
WMT,Walmart,Consumer Staples,104169,2026-01-31,2026-07-31,FY + YTD,2026-07-31,735.84,4.7,32.28,22.08,21.89,19.44,13.51,11.53,50.41,98.24,3.0,1.8,7.51,0.17,1.2,17.4,,Yes,6,56.4,Solid,0000104169-26-000154
MCHP,Microchip Technology,Information Technology,827054,2026-03-31,2026-06-30,FY + YTD,2026-06-30,5.12,7.1,0.79,0.48,0.23,-0.0,1.11,0.27,5.36,6.45,9.3,21.7,3.32,0.37,4.5,3.7,22.2,Yes,6,56.3,Solid,0000827054-26-000038
CRH,CRH plc,Materials,849395,2025-12-31,2026-06-30,FY + YTD,2026-06-30,38.63,5.3,5.53,3.84,3.75,3.49,2.9,3.02,17.93,24.04,9.9,7.5,6.55,0.31,3.3,6.5,,Yes,6,56.2,Solid,0001628280-26-050755
VZ,Verizon,Communication Services,732712,2025-12-31,2026-06-30,FY + YTD,2026-06-30,138.9,2.5,28.53,16.61,17.61,17.95,21.84,1.75,143.45,105.2,12.0,15.7,4.05,0.35,3.7,3.9,,Yes,6,56.1,Solid,0000732712-26-000046
NWSA,News Corp (Class A),Communication Services,1564708,2026-06-30,2026-06-30,fiscal year,2026-06-30,9.03,6.8,,0.57,0.57,1.18,0.81,2.1,1.99,8.53,6.3,9.0,3.69,0.13,1.6,,,Yes,6,56.0,Solid,0001564708-26-000175
NWS,News Corp (Class B),Communication Services,1564708,2026-06-30,2026-06-30,fiscal year,2026-06-30,9.03,6.8,,0.57,0.57,1.18,0.81,2.1,1.99,8.53,6.3,9.0,3.69,0.13,1.6,,,Yes,6,56.0,Solid,0001564708-26-000175
ZBH,Zimmer Biomet,Health Care,1136869,2025-12-31,2026-06-30,FY + YTD,2026-06-30,8.51,7.2,1.21,0.81,0.71,0.9,1.52,0.41,7.48,12.62,9.5,17.9,3.54,0.33,4.3,4.0,5.2,Yes,6,56.0,Solid,0001193125-26-335044
CASY,Casey's,Consumer Staples,726958,2026-04-30,2026-07-31,FY + YTD,2026-07-31,18.67,10.2,,0.77,0.71,0.55,0.65,0.52,2.43,4.09,4.1,3.5,8.47,0.27,1.7,,,Yes,6,55.6,Solid,0000726958-26-000085
PKG,Packaging Corporation of America,Materials,75677,2025-12-31,2026-06-30,FY + YTD,2026-06-30,9.53,7.2,1.04,0.69,0.77,0.81,0.74,0.44,3.97,4.66,7.3,7.8,6.28,0.36,2.4,,0.2,Yes,6,55.5,Solid,0001193125-26-339405
CRWD,CrowdStrike,Information Technology,1535527,2026-01-31,2026-07-31,FY + YTD,2026-07-31,5.4,21.7,-0.13,0.05,-0.16,-0.01,1.61,5.01,0.75,5.1,0.9,29.8,0.39,0.06,0.4,-5.0,29.0,Yes,6,55.4,Solid,0001535527-26-000031
LOW,Lowe's,Consumer Discretionary,60667,2026-01-30,2026-07-31,FY + YTD,2026-07-31,90.43,3.1,10.29,6.64,6.65,6.96,7.0,3.17,37.56,-7.44,7.3,7.7,11.89,0.67,4.1,6.5,,Yes,6,55.4,Solid,0000060667-26-000117
DG,Dollar General,Consumer Staples,29534,2026-01-30,2026-07-31,FY + YTD,2026-07-31,43.64,5.2,2.44,1.7,1.51,1.13,2.01,1.59,4.57,9.29,3.9,4.6,5.3,0.14,1.4,8.4,,Yes,6,54.9,Solid,0001104659-26-101932
MRK,Merck & Co.,Health Care,310158,2025-12-31,2026-06-30,FY + YTD,2026-06-30,66.57,1.3,,3.17,18.25,17.12,16.06,6.85,53.9,41.93,4.8,24.1,2.44,0.42,2.7,,45.7,Yes,6,54.9,Solid,0000310158-26-000212
MCK,McKesson Corporation,Health Care,927653,2026-03-31,2026-06-30,FY + YTD,2026-06-30,410.98,12.4,6.5,4.59,4.76,3.29,6.42,5.16,9.73,-4.24,1.1,1.6,5.2,0.11,1.4,23.6,0.0,Yes,6,54.8,Solid,0000927653-26-000234
CVNA,Carvana,Consumer Discretionary,1690820,2025-12-31,2026-06-30,FY + YTD,2026-06-30,25.06,48.6,2.24,1.57,1.41,0.21,0.93,2.63,5.17,4.03,6.3,3.7,10.78,0.36,4.6,5.3,,Yes,6,54.7,Solid,0001690820-26-000055
CCL,Carnival Corporation,Consumer Discretionary,815097,2025-11-30,2026-05-31,FY + YTD,2026-05-31,27.31,6.4,4.46,3.07,2.76,1.92,3.2,2.24,25.57,12.97,11.2,11.7,5.88,0.49,3.8,3.7,,Yes,6,54.6,Solid,0000815097-26-000096
KVUE,Kenvue,Consumer Staples,1944048,2025-12-28,2026-06-28,FY + YTD,2026-06-28,15.41,-2.1,2.63,1.66,1.47,1.03,1.91,1.11,9.88,10.55,10.8,12.4,6.2,0.37,4.3,6.2,2.4,Yes,6,54.5,Solid,0001944048-26-000142
TGT,Target Corporation,Consumer Staples,27419,2026-01-31,2026-08-01,FY + YTD,2026-08-01,107.7,-1.7,6.02,4.39,3.71,4.09,4.46,5.41,15.36,17.84,4.1,4.1,7.17,0.25,1.8,14.1,,Yes,6,54.3,Solid,0000027419-26-000042
CCI,Crown Castle,Real Estate,1051470,2025-12-31,2026-06-30,FY + YTD,2026-06-30,4.16,-4.4,1.98,0.86,0.44,-3.9,2.41,1.04,15.98,-3.27,20.7,57.8,4.01,0.74,6.1,2.1,,Yes,6,54.0,Solid,0001051470-26-000074
CHRW,C.H. Robinson,Industrials,1043277,2025-12-31,2026-06-30,FY + YTD,2026-06-30,17.0,-8.4,0.83,0.63,0.59,0.47,0.67,0.15,1.69,1.63,3.7,3.9,10.84,0.29,2.5,13.2,,Yes,6,53.9,Solid,0001043277-26-000031
HPQ,HP Inc.,Information Technology,47217,2025-10-31,2026-07-31,FY + YTD,2026-07-31,59.16,3.2,3.22,2.45,2.53,2.77,3.88,4.17,9.16,-0.09,4.1,6.6,5.36,0.2,2.0,8.2,2.7,Yes,6,53.9,Solid,0000047217-26-000051
LHX,L3Harris,Industrials,202058,2026-01-02,2026-07-03,FY + YTD,2026-07-03,23.44,,2.32,1.87,1.61,1.5,2.81,1.52,9.18,19.88,8.0,12.0,4.36,0.21,2.8,3.8,,Yes,6,53.6,Solid,0000202058-26-000058
MDT,Medtronic,Health Care,1613103,2026-04-24,2026-07-31,FY + YTD,2026-07-31,37.54,8.4,6.79,0.43,0.0,0.0,6.13,1.69,25.62,50.23,1.1,16.3,0.46,0.27,3.2,9.4,7.8,Yes,6,53.3,Solid,0001628280-26-060473
PANW,Palo Alto Networks,Information Technology,1327567,2026-07-31,2026-07-31,fiscal year,2026-07-31,11.48,24.5,0.69,0.31,0.31,1.13,4.11,2.51,,27.49,2.7,35.8,0.63,,,,22.2,Yes,5,53.1,Solid,0001327567-26-000023
LH,Labcorp,Health Care,920148,2025-12-31,2026-06-30,FY + YTD,2026-06-30,14.35,7.2,1.5,1.0,0.88,0.75,1.16,0.14,5.86,8.61,7.0,8.1,5.41,0.32,3.6,6.6,0.1,Yes,6,53.0,Solid,0000920148-26-000175
DAL,Delta Air Lines,Industrials,27904,2025-12-31,2026-06-30,FY + YTD,2026-06-30,68.29,2.8,5.52,3.95,5.0,3.46,3.66,4.67,12.9,21.82,5.8,5.4,4.58,0.15,1.6,6.5,,Yes,6,52.5,Solid,0000027904-26-000031
NKE,"Nike, Inc.",Consumer Discretionary,320187,2026-05-31,2026-05-31,fiscal year,2026-05-31,46.4,0.2,,3.11,3.11,3.22,2.18,7.56,7.94,14.87,6.7,4.7,8.09,0.21,2.8,,,Yes,6,52.3,Solid,0000320187-26-000088
VST,Vistra Corp.,Utilities,1692819,2025-12-31,2026-06-30,FY + YTD,2026-06-30,19.21,3.0,3.56,2.22,0.94,2.66,2.25,0.43,19.59,5.48,11.6,11.7,5.21,0.46,3.8,3.1,,Yes,6,52.2,Solid,0001692819-26-000019
PSX,Phillips 66,Energy,1534701,2025-12-31,2026-06-30,FY + YTD,2026-06-30,152.17,-7.5,,7.09,4.4,2.12,,4.1,18.77,31.51,4.7,,8.67,0.23,2.1,,0.0,Yes,5,52.1,Solid,0001534701-26-000032
SBUX,Starbucks,Consumer Discretionary,829224,2025-09-28,2026-06-28,FY + YTD,2026-06-28,38.34,2.8,2.98,1.98,1.86,3.76,3.64,3.45,13.28,-7.67,5.2,9.5,7.01,0.47,2.7,5.4,,Yes,6,52.1,Solid,0000829224-26-000130
SJM,J.M. Smucker Company (The),Consumer Staples,91419,2026-04-30,2026-07-31,FY + YTD,2026-07-31,9.16,3.7,0.83,0.23,-0.14,-1.23,1.59,0.04,6.74,5.75,2.5,17.3,1.42,0.42,3.5,8.7,0.6,Yes,6,51.9,Solid,0000091419-26-000080
TSLA,"Tesla, Inc.",Consumer Discretionary,1318605,2025-12-31,2026-06-30,FY + YTD,2026-06-30,103.62,-2.9,4.37,3.8,3.79,7.09,5.76,15.22,7.72,86.86,3.7,5.6,2.56,0.05,0.4,13.1,7.5,Yes,6,51.7,Solid,0001628280-26-049270
DDOG,Datadog,Information Technology,1561550,2025-12-31,2026-06-30,FY + YTD,2026-06-30,3.97,27.7,0.02,0.18,0.11,0.18,1.18,0.43,,4.37,4.5,29.8,2.35,,,1.4,43.7,Yes,5,51.6,Solid,0001628280-26-054458
HAL,Halliburton,Energy,45012,2025-12-31,2026-06-30,FY + YTD,2026-06-30,22.37,-3.3,2.56,1.6,1.28,2.5,1.73,2.05,7.07,11.01,7.2,7.7,6.2,0.27,2.6,6.1,1.8,Yes,6,51.6,Solid,0000045012-26-000061
ALB,Albemarle Corporation,Materials,915913,2025-12-31,2026-06-30,FY + YTD,2026-06-30,5.91,-4.4,0.25,0.22,-0.51,-1.18,1.34,1.63,1.88,10.28,3.8,22.7,1.41,0.12,1.0,1.4,0.6,Yes,6,51.5,Solid,0000915913-26-000102
HPE,Hewlett Packard Enterprise,Information Technology,1645590,2025-10-31,2026-07-31,FY + YTD,2026-07-31,41.87,13.8,2.6,2.79,0.06,2.58,4.16,6.22,20.24,26.51,6.7,9.9,3.34,0.24,3.0,2.4,8.8,Yes,6,51.4,Solid,0001645590-26-000080
RVTY,Revvity,Health Care,31791,2025-12-28,2026-07-05,FY + YTD,2026-07-05,2.91,3.7,0.36,0.24,0.24,0.27,0.56,1.02,3.22,7.23,8.2,19.2,1.97,0.27,5.1,3.8,7.4,Yes,6,51.1,Solid,0000031791-26-000027
NEE,NextEra Energy,Utilities,753308,2025-12-31,2026-03-31,FY + YTD,2026-03-31,25.9,9.8,8.23,8.18,6.83,6.95,,2.0,103.14,55.22,31.6,,3.7,0.47,8.4,2.1,,Yes,5,50.9,Solid,0000753308-26-000031
GNRC,Generac,Industrials,1474735,2025-12-31,2026-06-30,FY + YTD,2026-06-30,4.44,-2.0,0.42,0.26,0.16,0.32,0.38,0.26,1.26,2.88,5.9,8.5,4.51,0.22,2.3,6.2,5.6,Yes,6,50.8,Solid,0001437749-26-025669
WMB,Williams Companies,Energy,107263,2025-12-31,2026-06-30,FY + YTD,2026-06-30,15.43,17.9,4.66,3.07,2.62,2.23,-0.11,0.2,30.79,13.19,19.9,-0.7,5.07,0.51,5.1,3.1,,Yes,6,50.6,Solid,0000107263-26-000026
TRMB,Trimble Inc.,Information Technology,864749,2026-01-02,2026-07-03,FY + YTD,2026-07-03,3.78,-2.6,0.64,-0.1,0.42,1.5,0.77,0.21,1.48,5.11,-2.8,20.4,-1.23,0.17,1.8,8.1,17.3,No,6,50.2,"Loss-making, cash-positive",0000864749-26-000108
UNH,UnitedHealth Group,Health Care,731766,2025-12-31,2026-06-30,FY + YTD,2026-06-30,450.13,11.8,21.68,14.12,12.06,14.4,23.62,28.59,69.5,104.51,3.1,5.2,4.56,0.22,2.6,5.6,,Yes,6,50.1,Solid,0000731766-26-000197
DVA,DaVita,Health Care,927066,2025-12-31,2026-06-30,FY + YTD,2026-06-30,14.01,6.5,2.13,1.18,1.08,1.25,1.61,0.67,10.78,-0.77,8.4,11.5,6.66,0.61,4.9,3.9,,Yes,6,49.9,Watch,0000927066-26-000108
JBL,Jabil,Information Technology,898293,2025-08-31,2026-05-31,FY + YTD,2026-05-31,33.59,3.2,1.44,0.86,0.66,1.39,1.31,1.36,3.38,1.32,2.6,3.9,3.62,0.14,1.8,8.9,0.1,Yes,6,49.9,Watch,0001628280-26-046138
TRGP,Targa Resources,Energy,1389170,2025-12-31,2026-06-30,FY + YTD,2026-06-30,16.74,3.9,3.84,2.27,1.92,1.31,0.74,0.13,19.58,3.66,13.5,4.4,7.95,0.69,4.6,4.5,,Yes,6,49.9,Watch,0001193125-26-337729
TFC,Truist Financial,Financials,92230,2025-12-31,2026-06-30,FY + YTD,2026-06-30,,,,5.53,4.97,4.47,5.23,39.29,69.86,64.09,,,1.0,0.13,12.1,,,Yes,5,49.8,Watch,0000092230-26-000099
BDX,Becton Dickinson,Health Care,10795,2025-09-30,2026-06-30,FY + YTD,2026-06-30,22.48,8.2,2.4,0.94,1.68,1.71,3.2,0.71,13.51,24.42,4.2,14.2,1.86,0.27,3.4,4.1,5.8,Yes,6,49.6,Watch,0000010795-26-000035
TKO,TKO Group Holdings,Communication Services,1973266,2025-12-31,2026-06-30,FY + YTD,2026-06-30,5.3,-3.1,1.0,0.58,0.55,0.01,,0.59,4.63,3.4,10.9,,3.57,0.28,2.6,4.1,,Yes,5,48.9,Watch,0001193125-26-330592
CAH,Cardinal Health,Health Care,721371,2026-06-30,2026-06-30,fiscal year,2026-06-30,254.25,14.2,2.61,1.71,1.71,1.56,4.53,4.86,8.89,-2.88,0.7,1.8,2.99,0.16,1.7,7.5,,Yes,6,48.8,Watch,0000721371-26-000038
PFE,Pfizer,Health Care,78003,2025-12-31,2026-06-28,FY + YTD,2026-06-28,63.7,-1.6,,4.33,7.77,8.03,10.98,0.98,63.1,85.19,6.8,17.2,2.15,0.31,4.7,,17.3,Yes,6,48.8,Watch,0000078003-26-000095
OKE,Oneok,Energy,1039684,2025-12-31,2026-06-30,FY + YTD,2026-06-30,39.37,55.0,6.11,3.66,3.39,3.04,2.91,0.16,33.0,22.94,9.3,7.4,5.33,0.48,5.4,3.4,,Yes,6,48.7,Watch,0001039684-26-000029
AEP,American Electric Power,Utilities,4904,2025-12-31,2026-03-31,FY + YTD,2026-03-31,22.43,10.9,5.39,3.65,3.58,2.97,2.6,0.31,51.76,31.81,16.3,11.6,3.1,0.44,7.4,2.6,,Yes,6,48.5,Watch,0000004904-26-000034
UPS,United Parcel Service,Industrials,1090727,2025-12-31,2026-06-30,FY + YTD,2026-06-30,89.93,-2.6,6.58,4.57,5.57,5.78,5.46,4.65,23.85,15.07,5.1,6.1,6.41,0.33,2.7,6.0,,Yes,6,48.2,Watch,0001628280-26-053249
CI,Cigna,Health Care,1739940,2025-12-31,2026-06-30,FY + YTD,2026-06-30,282.38,11.2,9.96,6.42,5.96,3.43,9.23,6.3,30.09,42.62,2.3,3.3,4.08,0.19,2.9,7.0,,Yes,6,48.1,Watch,0001739940-26-000065
CLX,Clorox,Consumer Staples,21076,2025-06-30,2026-03-31,FY + YTD,2026-03-31,6.76,0.2,,0.76,0.81,0.28,0.38,1.19,4.08,-0.07,11.2,5.6,11.75,0.63,7.1,,1.7,Yes,6,48.1,Watch,0000021076-26-000019
CTVA,Corteva,Materials,1755672,2025-12-31,2026-06-30,FY + YTD,2026-06-30,17.81,2.9,,1.01,1.09,0.91,0.63,2.37,1.68,25.16,5.7,3.5,2.42,0.04,1.4,,8.4,Yes,6,47.9,Watch,0001755672-26-000025
PCAR,Paccar,Industrials,75362,2025-12-31,2026-06-30,FY + YTD,2026-06-30,27.82,-15.5,,2.5,2.38,4.16,3.7,,,20.32,9.0,13.3,5.69,,,,1.6,Yes,5,47.7,Watch,0001193125-26-323642
BXP,"BXP, Inc.",Real Estate,1037540,2025-12-31,2026-06-30,FY + YTD,2026-06-30,3.52,2.2,0.91,0.3,0.28,0.01,1.14,0.49,,5.16,8.4,32.4,1.18,,,1.4,,Yes,5,47.5,Watch,0001037540-26-000034
CSGP,CoStar Group,Real Estate,1057352,2025-12-31,2026-06-30,FY + YTD,2026-06-30,3.56,18.7,0.08,0.07,0.01,0.14,0.28,1.27,1.0,7.93,2.1,7.9,0.72,0.1,2.0,3.2,,Yes,6,47.4,Watch,0001057352-26-000066
COR,Cencora,Health Care,1140859,2025-09-30,2026-06-30,FY + YTD,2026-06-30,332.77,9.3,3.04,2.62,1.55,1.51,4.06,2.82,11.72,3.05,0.8,1.2,3.13,0.14,2.4,8.5,,Yes,6,46.4,Watch,0001140859-26-000034
APO,Apollo Global Management,Financials,1858681,2025-12-31,2026-06-30,FY + YTD,2026-06-30,35.9,22.7,,1.78,3.4,4.48,,28.42,13.73,21.01,5.0,,0.36,0.03,1.4,,,Yes,5,46.3,Watch,0001858681-26-000040
BALL,Ball Corporation,Materials,9389,2025-12-31,2026-06-30,FY + YTD,2026-06-30,14.33,11.6,1.2,0.95,0.91,4.01,0.83,0.49,6.53,5.75,6.6,5.8,4.71,0.32,4.6,3.8,0.4,Yes,6,46.3,Watch,0001104659-26-090226
HRL,Hormel Foods,Consumer Staples,48465,2025-10-26,2026-07-26,FY + YTD,2026-07-26,12.15,1.6,0.57,0.34,0.48,0.81,0.78,0.84,2.86,7.84,2.8,6.4,2.58,0.21,2.6,7.3,0.3,Yes,6,46.1,Watch,0000048465-26-000055
IQV,IQVIA,Health Care,1478242,2025-12-31,2026-03-31,FY + YTD,2026-03-31,16.63,5.9,2.2,1.39,1.36,1.37,2.12,1.95,15.83,6.22,8.3,12.7,4.67,0.53,5.9,2.9,0.0,Yes,6,45.6,Watch,0001628280-26-030675
FLEX,Flex Ltd.,Information Technology,866374,2026-03-31,2026-06-26,FY + YTD,2026-06-26,29.27,8.1,1.45,0.97,0.88,0.84,0.83,2.84,5.22,5.5,3.3,2.8,3.86,0.21,3.3,6.5,0.3,Yes,6,45.4,Watch,0000866374-26-000030
SOLV,Solventum,Health Care,1964738,2025-12-31,2026-06-30,FY + YTD,2026-06-30,8.31,0.9,2.08,1.43,1.56,0.48,-0.12,0.4,5.08,4.8,17.3,-1.4,10.07,0.36,24.3,4.7,8.7,Yes,6,45.3,Watch,0001964738-26-000047
MDLZ,Mondelez International,Consumer Staples,1103982,2025-12-31,2026-03-31,FY + YTD,2026-03-31,39.3,5.8,3.68,2.61,2.45,4.61,2.58,1.63,21.02,25.75,6.6,6.6,3.67,0.3,5.4,6.0,1.0,Yes,6,44.3,Watch,0001628280-26-027937
TXT,Textron,Industrials,217346,2026-01-03,2026-07-04,FY + YTD,2026-07-04,15.3,8.0,0.64,0.94,0.92,0.82,0.76,1.61,,8.05,6.1,5.0,5.17,,,5.0,3.2,Yes,5,44.2,Watch,0000217346-26-000036
SCHW,Charles Schwab Corporation,Financials,316709,2025-12-31,2026-06-30,FY + YTD,2026-06-30,26.02,22.0,,1.25,0.01,0.01,10.79,40.58,22.67,50.15,4.8,41.5,0.24,0.04,2.0,,,Yes,6,44.1,Watch,0000316709-26-000031
OMC,Omnicom Group,Communication Services,29989,2025-12-31,2026-03-31,FY + YTD,2026-03-31,19.82,10.1,0.64,0.06,-0.05,1.48,2.99,4.29,10.28,9.44,0.3,15.1,0.13,0.21,3.2,2.0,,Yes,6,44.1,Watch,0000029989-26-000011
CDW,CDW Corporation,Information Technology,1402057,2025-12-31,2026-06-30,FY + YTD,2026-06-30,23.5,6.8,1.68,1.08,1.07,1.08,0.86,0.36,5.82,2.44,4.6,3.7,6.26,0.34,5.9,7.3,,Yes,6,43.9,Watch,0001402057-26-000065
FRT,Federal Realty Investment Trust,Real Estate,34903,2025-12-31,2026-03-31,FY + YTD,2026-03-31,1.31,6.4,0.7,0.51,0.41,0.3,-0.05,0.12,4.94,3.31,38.6,-4.0,5.57,0.54,7.9,3.7,,Yes,6,43.9,Watch,0000034903-26-000026
PEG,Public Service Enterprise Group,Utilities,788784,2025-12-31,2026-06-30,FY + YTD,2026-06-30,13.06,22.8,2.9,2.01,2.11,1.77,0.28,0.19,24.54,17.33,15.4,2.1,3.42,0.42,6.8,2.7,,Yes,6,43.8,Watch,0001193125-26-332943
C,Citigroup,Financials,831001,2025-12-31,2025-12-31,fiscal year,2025-12-31,85.22,5.6,,14.31,14.31,12.68,-74.15,349.58,387.65,212.29,16.8,-87.0,0.54,0.15,,,,Yes,6,43.7,Watch,0000831001-26-000011
CEG,Constellation Energy,Utilities,1868275,2025-12-31,2026-06-30,FY + YTD,2026-06-30,31.27,8.3,4.6,3.46,2.32,3.75,0.31,0.7,24.7,31.98,11.1,1.0,3.53,0.25,5.9,5.9,,Yes,6,43.6,Watch,0001868275-26-000104
UAL,United Airlines Holdings,Industrials,100517,2025-12-31,2026-06-30,FY + YTD,2026-06-30,62.9,3.5,4.87,3.5,3.35,3.15,2.54,10.17,26.46,16.7,5.6,4.0,4.13,0.31,3.0,3.7,,Yes,6,43.6,Watch,0000100517-26-000139
DE,Deere & Company,Industrials,315189,2025-11-02,2026-08-02,FY + YTD,2026-08-02,47.98,-11.7,9.04,4.87,5.03,7.1,6.02,8.93,,27.99,10.2,12.5,4.53,,,3.1,5.0,Yes,5,43.3,Watch,0001104659-26-102213
SMCI,Supermicro,Information Technology,1375365,2026-06-30,2026-06-30,fiscal year,2026-06-30,39.06,77.8,2.77,2.23,2.23,1.05,-6.97,7.52,4.06,14.48,5.7,-17.8,7.45,0.14,,14.2,2.0,Yes,6,42.9,Watch,0001375365-26-000022
SWK,Stanley Black & Decker,Industrials,93556,2026-01-03,2026-07-04,FY + YTD,2026-07-04,15.25,-1.5,1.48,0.62,0.4,0.29,1.29,0.59,4.76,8.96,4.1,8.5,3.09,0.24,3.1,3.1,2.1,Yes,6,42.4,Watch,0000093556-26-000031
HONA,Honeywell Aerospace,Industrials,2089271,,2026-06-27,annualised YTD,2026-06-27,18.3,,4.31,1.81,,,0.18,1.06,15.85,-5.7,9.9,1.0,9.37,0.82,22.2,9.1,4.2,Yes,6,42.2,Watch,0002089271-26-000021
LITE,Lumentum,Information Technology,1633978,2026-06-27,2026-06-27,fiscal year,2026-06-27,3.01,83.2,0.52,-6.94,-6.94,0.03,0.3,2.04,3.23,4.64,-230.1,10.0,-94.9,0.44,4.3,24.1,11.8,No,6,42.0,"Loss-making, cash-positive",0001628280-26-057358
ELV,Elevance Health,Health Care,1156039,2025-12-31,2026-06-30,FY + YTD,2026-06-30,201.11,12.5,5.45,4.96,5.66,5.98,6.29,10.23,31.04,44.88,2.5,3.1,3.93,0.25,4.2,3.8,,Yes,6,41.7,Watch,0001156039-26-000060
MGM,MGM Resorts,Consumer Discretionary,789570,2025-12-31,2026-06-30,FY + YTD,2026-06-30,17.76,1.7,1.02,0.43,0.21,0.75,1.49,2.55,6.07,2.51,2.4,8.4,1.07,0.15,2.5,2.5,,Yes,6,41.0,Watch,0000789570-26-000076
AWK,American Water Works,Utilities,1410636,2025-12-31,2026-06-30,FY + YTD,2026-06-30,5.27,10.1,1.95,1.13,1.11,1.05,-1.03,0.19,15.99,11.66,21.4,-19.6,3.09,0.44,6.9,3.0,,Yes,6,40.8,Watch,0001410636-26-000120
LEN,Lennar,Consumer Discretionary,920760,2025-11-30,2026-05-31,FY + YTD,2026-05-31,32.74,-3.5,3.29,1.62,2.08,3.93,0.72,2.17,,21.62,4.9,2.2,4.79,,,65.7,,Yes,5,40.8,Watch,0001628280-26-046019
EIX,Edison International,Utilities,827052,2025-12-31,2026-03-31,FY + YTD,2026-03-31,19.61,9.8,6.03,3.55,4.46,1.28,-0.64,0.17,41.55,17.32,18.1,-3.3,3.76,0.44,6.9,3.4,,Yes,6,40.4,Watch,0000827052-26-000042
MET,MetLife,Financials,1099219,2025-12-31,2026-06-30,FY + YTD,2026-06-30,79.4,8.6,6.56,3.42,3.17,4.23,,19.3,14.7,27.44,4.3,,0.45,0.02,0.9,6.2,,Yes,5,39.9,Watch,0001099219-26-000050
AEE,Ameren,Utilities,1002910,2025-12-31,2026-06-30,FY + YTD,2026-06-30,8.75,15.4,2.18,1.56,1.46,1.18,-1.4,0.01,21.81,13.69,17.9,-16.0,3.05,0.43,6.7,2.6,,Yes,6,39.7,Watch,0001002910-26-000023
FDX,FedEx,Industrials,1048911,2026-05-31,2026-05-31,fiscal year,2026-05-31,94.72,7.7,5.46,0.0,0.0,0.0,5.12,13.31,24.95,31.65,0.0,5.4,0.0,0.25,2.8,5.6,,Yes,6,39.6,Watch,0001104659-26-097836
GILD,Gilead Sciences,Health Care,882095,2025-12-31,2026-06-30,FY + YTD,2026-06-30,30.46,2.4,-2.5,-3.24,8.51,0.48,12.94,3.18,26.25,11.83,-10.6,42.5,-6.56,0.53,1.9,-2.5,19.9,No,6,39.4,"Loss-making, cash-positive",0000882095-26-000031
WEC,WEC Energy Group,Utilities,783325,2025-12-31,2026-06-30,FY + YTD,2026-06-30,10.14,14.0,2.32,1.69,1.56,1.53,-0.64,0.05,22.56,14.57,16.7,-6.3,3.21,0.43,6.3,2.7,,Yes,6,39.4,Watch,0000783325-26-000087
PFG,Principal Financial Group,Financials,1126328,2025-12-31,2026-03-31,FY + YTD,2026-03-31,15.46,-3.1,,1.63,1.26,1.6,,4.05,3.95,11.82,10.6,,0.49,0.01,1.1,,,Yes,5,39.3,Watch,0001104659-26-051384
FITB,Fifth Third Bancorp,Financials,35527,2025-12-31,2026-06-30,FY + YTD,2026-06-30,,,,2.35,2.52,2.31,3.02,4.37,22.27,34.48,,,0.78,0.07,6.1,,,Yes,5,39.1,Watch,0000035527-26-000202
KDP,Keurig Dr Pepper,Consumer Staples,1418135,2025-12-31,2026-06-30,FY + YTD,2026-06-30,20.09,8.2,3.26,1.43,2.08,1.44,1.97,1.52,24.82,25.03,7.1,9.8,1.63,0.28,9.8,4.9,0.3,Yes,6,39.0,Watch,0001418135-26-000051
CBRE,CBRE Group,Real Estate,1138118,2025-12-31,2026-06-30,FY + YTD,2026-06-30,43.71,13.4,1.98,1.3,1.16,0.97,0.94,1.49,8.09,8.4,3.0,2.1,4.27,0.27,5.9,4.5,,Yes,6,38.9,Watch,0001138118-26-000024
GEHC,GE HealthCare,Health Care,1932393,2025-12-31,2026-03-31,FY + YTD,2026-03-31,20.98,4.8,2.65,1.91,2.08,1.99,0.68,2.26,10.14,10.67,9.1,3.2,5.14,0.27,8.5,5.0,6.0,Yes,6,38.7,Watch,0001932393-26-000031
HBAN,Huntington Bancshares,Financials,49196,2025-12-31,2026-03-31,FY + YTD,2026-03-31,,,,2.21,2.21,1.94,2.16,19.19,23.47,32.53,,,0.77,0.08,9.4,,,Yes,5,38.7,Watch,0000049196-26-000043
LUV,Southwest Airlines,Industrials,92380,2025-12-31,2026-06-30,FY + YTD,2026-06-30,30.07,2.1,1.04,0.84,0.44,0.47,-0.41,3.79,5.95,7.08,2.8,-1.4,2.78,0.2,2.4,5.2,,Yes,6,38.7,Watch,0000092380-26-000077
FDXF,FedEx Freight,Industrials,2082247,2026-05-31,2026-05-31,fiscal year,2026-05-31,8.79,-1.1,0.54,0.66,0.66,1.35,-0.21,,4.26,-0.5,7.4,-2.4,9.51,0.62,25.5,9.5,,Yes,6,38.0,Watch,0001628280-26-053359
AMCR,Amcor,Materials,1748790,2026-06-30,2026-06-30,fiscal year,2026-06-30,23.51,56.6,1.9,1.11,1.11,0.51,1.23,1.11,14.01,11.79,4.7,5.2,2.98,0.38,6.5,2.8,0.7,Yes,6,37.9,Watch,0001748790-26-000022
HSIC,Henry Schein,Health Care,1000228,2025-12-27,2026-06-27,FY + YTD,2026-06-27,13.6,4.0,0.68,0.42,0.42,0.4,0.57,0.16,3.46,3.16,3.1,4.2,3.73,0.3,4.9,4.3,,Yes,6,37.9,Watch,0001000228-26-000045
KKR,KKR & Co.,Financials,1404912,2025-12-31,2026-06-30,FY + YTD,2026-06-30,21.31,-11.0,,3.15,2.37,3.08,2.29,21.2,,31.05,14.8,10.8,0.76,,,,,Yes,5,37.8,Watch,0001404912-26-000027
CARR,Carrier Global,Industrials,1783180,2025-12-31,2026-03-31,FY + YTD,2026-03-31,21.87,-3.3,1.8,1.31,1.48,5.6,1.69,1.37,12.13,13.8,6.0,7.7,3.52,0.33,5.8,3.9,2.8,Yes,6,37.6,Watch,0001783180-26-000026
D,Dominion Energy,Utilities,715957,2025-12-31,2026-03-31,FY + YTD,2026-03-31,17.53,16.5,4.58,2.95,3.0,2.03,-0.38,0.35,51.77,29.15,16.9,-2.2,2.49,0.44,10.2,2.5,,Yes,6,37.5,Watch,0001193125-26-200275
CNC,Centene Corporation,Health Care,1071739,2025-12-31,2026-06-30,FY + YTD,2026-06-30,202.94,19.4,-5.64,-5.1,-6.67,3.31,8.95,24.15,16.11,22.56,-2.5,4.4,-6.14,0.19,1.7,-8.6,,No,6,37.4,"Loss-making, cash-positive",0001071739-26-000153
ES,Eversource Energy,Utilities,72741,2025-12-31,2026-06-30,FY + YTD,2026-06-30,14.08,14.3,3.02,1.45,1.69,0.81,0.3,1.82,29.11,16.34,10.3,2.1,2.29,0.46,6.6,2.2,,Yes,6,37.4,Watch,0001628280-26-051906
CHTR,Charter Communications,Communication Services,1091667,2025-12-31,2026-06-30,FY + YTD,2026-06-30,54.4,-0.6,12.66,4.92,4.99,5.08,4.36,0.51,93.96,16.95,9.1,8.0,3.16,0.6,5.7,2.5,,Yes,6,37.2,Watch,0001091667-26-000052
AXON,Axon Enterprise,Industrials,1069183,2025-12-31,2026-06-30,FY + YTD,2026-06-30,3.22,33.5,0.02,0.2,0.12,0.38,0.13,0.6,1.73,3.67,6.2,4.1,2.66,0.23,6.5,0.2,23.9,Yes,6,37.1,Watch,0001628280-26-053646
XYZ,"Block, Inc.",Financials,1512673,2025-12-31,2026-06-30,FY + YTD,2026-06-30,25.04,0.3,1.17,0.36,1.31,2.9,3.88,6.43,5.72,22.05,1.4,15.5,0.91,0.15,1.4,3.6,12.3,Yes,6,37.1,Watch,0001628280-26-053368
SYY,Sysco,Consumer Staples,96021,2026-06-27,2026-06-27,fiscal year,2026-06-27,84.55,3.9,3.1,1.76,1.76,1.83,1.94,1.79,13.52,2.67,2.1,2.3,6.19,0.48,5.1,4.6,,Yes,6,37.1,Watch,0000096021-26-000033
DOC,Healthpeak Properties,Real Estate,765880,2025-12-31,2026-06-30,FY + YTD,2026-06-30,2.95,4.5,,0.24,0.07,0.24,0.34,1.63,10.03,7.84,8.2,11.4,1.12,0.46,8.1,,,Yes,6,37.0,Watch,0001628280-26-053373
HII,Huntington Ingalls Industries,Industrials,1501585,2025-12-31,2026-06-30,FY + YTD,2026-06-30,13.19,8.2,0.7,0.66,0.6,0.55,-0.09,0.01,2.7,5.31,5.0,-0.6,5.21,0.21,7.8,7.1,0.2,Yes,6,37.0,Watch,0001501585-26-000047
ADM,Archer Daniels Midland,Consumer Staples,7084,2025-12-31,2026-06-30,FY + YTD,2026-06-30,82.1,-6.2,,1.77,1.08,1.8,1.68,1.06,8.01,23.58,2.2,2.0,3.31,0.15,2.9,,0.3,Yes,6,36.5,Watch,0000007084-26-000042
J,Jacobs Solutions,Industrials,52988,2025-09-26,2026-06-26,FY + YTD,2026-06-26,14.22,4.6,0.65,0.34,0.29,0.81,0.64,1.17,3.58,3.26,2.4,4.5,2.88,0.3,4.9,3.9,,Yes,6,36.5,Watch,0001628280-26-052573
LNT,Alliant Energy,Utilities,352541,2025-12-31,2026-03-31,FY + YTD,2026-03-31,4.42,9.6,1.02,0.82,0.81,0.69,-0.11,0.12,11.87,7.42,18.6,-2.6,3.31,0.48,9.2,1.9,,Yes,6,36.4,Watch,0000352541-26-000033
SW,Smurfit Westrock,Materials,2005951,2025-12-31,2026-06-30,FY + YTD,2026-06-30,31.33,47.7,1.48,0.5,0.7,0.32,1.01,0.68,13.23,18.04,1.6,3.2,1.1,0.29,4.0,1.8,,Yes,6,36.2,Watch,0001628280-26-051195
EL,Estée Lauder Companies (The),Consumer Staples,1001250,2026-06-30,2026-06-30,fiscal year,2026-06-30,15.05,5.0,0.78,0.18,0.18,-1.13,1.32,3.5,7.31,3.81,1.2,8.7,0.92,0.37,4.1,2.3,1.0,Yes,6,35.9,Watch,0001001250-26-000041
KR,Kroger,Consumer Staples,56873,2026-01-31,2026-05-23,FY + YTD,2026-05-23,148.65,0.4,1.98,1.05,1.02,2.67,2.83,2.87,15.38,6.47,0.7,1.9,2.09,0.31,2.2,3.1,,Yes,6,35.1,Watch,0001104659-26-078236
LYV,Live Nation Entertainment,Communication Services,1335258,2025-12-31,2026-06-30,FY + YTD,2026-06-30,26.27,8.8,0.8,0.13,0.5,0.9,1.38,9.07,9.2,0.08,0.5,5.3,0.48,0.33,3.5,2.3,,Yes,6,35.1,Watch,0001335258-26-000035
GPC,Genuine Parts Company,Consumer Discretionary,40987,2025-12-31,2026-06-30,FY + YTD,2026-06-30,25.07,3.5,1.43,0.03,0.07,0.9,0.76,0.56,5.66,4.53,0.1,3.0,0.16,0.27,4.8,8.4,,Yes,6,35.0,Watch,0000040987-26-000033
CVS,CVS Health,Health Care,64803,2025-12-31,2026-06-30,FY + YTD,2026-06-30,415.09,7.8,8.29,4.89,1.77,4.61,11.76,11.33,61.41,79.7,1.2,2.8,1.93,0.24,4.2,2.7,,Yes,6,34.9,Weak,0000064803-26-000098
DTE,DTE Energy,Utilities,936340,2025-12-31,2026-03-31,FY + YTD,2026-03-31,13.12,18.6,2.16,1.26,1.46,1.4,,0.24,26.71,12.32,9.6,,2.29,0.48,8.1,2.0,,Yes,5,34.9,Weak,0000936340-26-000081
AES,AES Corporation,Utilities,874761,2025-12-31,2026-06-30,FY + YTD,2026-06-30,13.05,-0.4,,1.87,0.91,1.68,-1.72,1.8,,4.94,14.3,-13.2,3.45,,,,,Yes,5,34.7,Weak,0000874761-26-000144
TSN,Tyson Foods,Consumer Staples,100493,2025-09-27,2026-06-27,FY + YTD,2026-06-27,55.69,2.1,1.26,0.57,0.47,0.8,1.16,0.74,6.58,18.08,1.0,2.1,1.61,0.18,3.3,3.1,0.2,Yes,6,34.3,Weak,0000100493-26-000058
APTV,Aptiv,Consumer Discretionary,1521332,2025-12-31,2026-06-30,FY + YTD,2026-06-30,20.52,3.5,1.21,0.22,0.17,1.79,0.68,0.76,5.38,8.75,1.1,3.3,1.22,0.3,4.0,4.1,5.5,Yes,6,34.0,Weak,0001521332-26-000061
COHR,Coherent Corp.,Information Technology,820318,2026-06-30,2026-06-30,fiscal year,2026-06-30,7.12,22.5,0.1,0.8,0.8,0.05,-1.02,1.16,3.22,10.9,11.3,-14.4,4.4,0.18,40.5,0.5,10.2,Yes,6,33.5,Weak,0000820318-26-000020
SRE,Sempra,Utilities,1032208,2025-12-31,2026-03-31,FY + YTD,2026-03-31,12.16,5.1,,1.96,1.84,2.86,-5.84,0.79,36.43,32.24,16.1,-48.0,1.72,0.32,7.4,,,Yes,6,33.4,Weak,0001032208-26-000030
ETR,Entergy,Utilities,65984,2025-12-31,2026-03-31,FY + YTD,2026-03-31,13.29,9.0,3.07,1.78,1.76,1.06,-2.83,3.57,34.06,17.35,13.4,-21.3,2.35,0.45,6.3,2.2,,Yes,6,33.1,Weak,0000065984-26-000222
NI,NiSource,Utilities,1111711,2025-12-31,2026-06-30,FY + YTD,2026-06-30,6.74,23.5,1.86,0.91,0.93,0.76,-1.09,0.07,17.4,9.57,13.4,-16.1,2.41,0.46,7.6,2.5,,Yes,6,32.9,Weak,0001111711-26-000088
WYNN,Wynn Resorts,Consumer Discretionary,1174922,2025-12-31,2026-06-30,FY + YTD,2026-06-30,7.41,0.1,1.17,0.45,0.33,0.5,0.79,1.57,10.72,-0.17,6.1,10.7,3.41,0.81,7.3,1.9,,Yes,6,32.5,Weak,0001174922-26-000055
SO,Southern Company,Utilities,92122,2025-12-31,2026-03-31,FY + YTD,2026-03-31,30.18,10.6,7.29,4.36,4.34,4.4,-3.47,0.98,74.52,39.91,14.5,-11.5,2.78,0.47,7.6,2.6,,Yes,6,32.4,Weak,0000092122-26-000034
NCLH,Norwegian Cruise Line Holdings,Consumer Discretionary,1513761,2025-12-31,2026-06-30,FY + YTD,2026-06-30,10.15,3.7,1.53,0.76,0.42,0.91,-1.19,0.22,15.03,2.57,7.5,-11.7,3.17,0.63,7.1,65.3,,Yes,6,32.3,Weak,0001104659-26-089657
WY,Weyerhaeuser,Real Estate,106535,2025-12-31,2026-06-30,FY + YTD,2026-06-30,6.85,-3.1,0.84,0.47,0.32,0.4,0.49,0.53,5.3,9.46,6.9,7.2,2.86,0.32,9.7,3.1,0.1,Yes,6,31.5,Weak,0001193125-26-328606
WAT,Waters Corporation,Health Care,1000697,2025-12-31,2026-07-04,FY + YTD,2026-07-04,4.64,7.0,0.33,0.17,0.64,0.64,0.4,0.54,4.89,15.2,3.6,8.6,0.67,0.2,8.9,2.2,6.9,Yes,6,31.2,Weak,0001193125-26-344691
IP,International Paper,Materials,51434,2025-12-31,2026-06-30,FY + YTD,2026-06-30,24.2,49.3,0.97,-3.44,-3.52,0.56,0.49,0.73,8.21,14.46,-14.2,2.0,-9.41,0.22,3.1,1.8,,No,6,31.0,"Loss-making, cash-positive",0000051434-26-000123
KHC,Kraft Heinz,Consumer Staples,1637459,2025-12-27,2026-06-27,FY + YTD,2026-06-27,24.9,-3.5,-3.18,-3.4,-5.85,2.74,3.82,2.42,19.0,36.01,-13.6,15.3,-4.65,0.26,4.1,-4.7,0.7,No,6,30.9,"Loss-making, cash-positive",0001637459-26-000054
DUK,Duke Energy,Utilities,1326160,2025-12-31,2026-03-31,FY + YTD,2026-03-31,32.52,5.6,9.01,5.14,4.97,4.52,-3.3,2.14,90.25,54.46,15.8,-10.1,2.59,0.46,7.7,2.3,,Yes,6,30.8,Weak,0001326160-26-000026
XEL,Xcel Energy,Utilities,72903,2025-12-31,2026-06-30,FY + YTD,2026-06-30,11.61,1.2,2.79,2.23,2.02,1.94,-7.69,2.01,39.46,24.06,19.2,-66.2,2.56,0.45,8.3,1.7,,Yes,6,30.7,Weak,0000072903-26-000154
PPL,PPL Corporation,Utilities,922224,2025-12-31,2026-03-31,FY + YTD,2026-03-31,9.41,8.6,2.2,1.22,1.18,0.89,-1.62,1.24,20.24,15.02,13.0,-17.2,2.63,0.44,7.6,2.6,,Yes,6,30.6,Weak,0000922224-26-000026
VTRS,Viatris,Health Care,1792044,,2026-06-30,annualised YTD,2026-06-30,14.74,-3.0,-0.09,0.12,,,1.95,0.89,13.35,14.26,0.8,13.3,0.33,0.38,5.7,-0.2,6.8,Yes,6,30.2,Weak,0001792044-26-000041
HUM,Humana,Health Care,49071,2025-12-31,2026-03-31,FY + YTD,2026-03-31,137.2,10.1,2.44,1.13,1.19,1.21,1.27,4.95,12.27,18.58,0.8,0.9,2.04,0.22,6.7,3.7,,Yes,6,30.0,Weak,0000049071-26-000023
PNW,Pinnacle West Capital,Utilities,764622,2025-12-31,2026-06-30,FY + YTD,2026-06-30,5.55,4.2,1.14,0.64,0.62,0.61,-0.88,0.01,11.37,7.03,11.5,-15.8,1.96,0.35,6.4,2.5,,Yes,6,29.8,Weak,0000764622-26-000041
CMS,CMS Energy,Utilities,811156,2025-12-31,2026-06-30,FY + YTD,2026-06-30,8.81,13.6,1.67,1.03,1.07,1.0,-1.92,0.24,19.04,9.77,11.6,-21.8,2.51,0.47,8.9,2.0,,Yes,6,29.6,Weak,0000811156-26-000028
EXC,Exelon,Utilities,1109357,2025-12-31,2026-03-31,FY + YTD,2026-03-31,24.79,5.3,5.22,2.78,2.77,2.46,-2.16,0.71,48.52,29.32,11.2,-8.7,2.36,0.41,7.2,2.6,,Yes,6,28.6,Weak,0001109357-26-000063
ARE,Alexandria Real Estate Equities,Real Estate,1035443,2025-12-31,2026-06-30,FY + YTD,2026-06-30,2.84,-2.9,,-1.02,-1.43,0.32,1.28,0.47,12.81,15.55,-36.1,45.0,-2.96,0.37,10.0,,,No,6,28.4,"Loss-making, cash-positive",0001035443-26-000066
BA,Boeing,Industrials,12927,2025-12-31,2026-06-30,FY + YTD,2026-06-30,94.0,34.5,4.6,2.44,2.23,-11.82,-0.21,7.24,45.6,6.1,2.6,-0.2,1.47,0.27,12.5,,3.9,Yes,6,28.4,Weak,0001628280-26-050038
EVRG,Evergy,Utilities,1711269,2025-12-31,2026-03-31,FY + YTD,2026-03-31,6.03,2.0,1.56,0.88,0.86,0.87,-1.1,0.02,15.47,10.16,14.6,-18.2,2.56,0.45,7.9,2.4,,Yes,6,28.2,Weak,0001711269-26-000057
IFF,International Flavors & Fragrances,Materials,51253,2025-12-31,2026-06-30,FY + YTD,2026-06-30,10.78,-5.2,-0.29,0.28,-0.36,0.27,0.54,0.57,5.75,13.98,2.6,5.0,1.11,0.23,5.0,-1.6,6.4,Yes,6,28.1,Weak,0000051253-26-000030
CNP,CenterPoint Energy,Utilities,1130310,2025-12-31,2026-03-31,FY + YTD,2026-03-31,9.41,8.3,2.12,1.07,1.05,1.02,-2.67,0.64,22.48,11.45,11.4,-28.4,2.24,0.47,9.5,2.2,,Yes,6,27.1,Weak,0001130310-26-000028
GM,General Motors,Consumer Discretionary,1467858,2025-12-31,2026-06-30,FY + YTD,2026-06-30,185.53,-1.3,1.81,2.03,2.78,5.96,14.4,20.13,131.57,62.0,1.1,7.8,0.72,0.47,5.7,0.3,3.9,Yes,6,26.6,Weak,0001467858-26-000051
PRU,Prudential Financial,Financials,1137774,2025-12-31,2026-06-30,FY + YTD,2026-06-30,64.77,-13.7,,3.92,3.58,2.73,,15.16,19.66,31.58,6.0,,0.5,0.03,1.8,,,Yes,5,26.6,Weak,0001137774-26-000176
TAP,Molson Coors Beverage Company,Consumer Staples,24545,2025-12-31,2026-06-30,FY + YTD,2026-06-30,12.93,-5.1,-2.52,-2.31,-2.14,1.12,1.33,2.13,7.68,10.12,-17.8,10.3,-9.47,0.32,3.9,-9.9,,No,6,26.2,"Loss-making, cash-positive",0000024545-26-000071
INTC,Intel,Information Technology,50863,2025-12-27,2026-06-27,FY + YTD,2026-06-27,57.03,-0.5,-0.08,-11.29,-0.27,-18.76,2.83,12.87,48.55,87.54,-19.8,5.0,-5.58,0.24,3.3,-0.1,23.1,No,6,25.8,"Loss-making, cash-positive",0000050863-26-000157
CRL,Charles River Laboratories,Health Care,1100682,2025-12-27,2026-06-27,FY + YTD,2026-06-27,4.0,-0.9,0.09,-0.24,-0.14,0.02,0.37,0.19,2.63,2.84,-6.0,9.3,-3.17,0.35,4.5,0.8,,No,6,25.5,"Loss-making, cash-positive",0001100682-26-000118
COIN,Coinbase,Financials,1679788,2025-12-31,2026-06-30,FY + YTD,2026-06-30,6.28,9.4,0.62,-0.95,1.3,2.6,1.71,8.61,6.44,13.08,-15.1,27.3,-3.58,0.24,3.8,6.9,30.7,No,6,25.5,Distressed,0001679788-26-000088
BG,Bunge Global,Consumer Staples,1996862,2025-12-31,2026-03-31,FY + YTD,2026-03-31,80.55,32.4,,0.68,0.82,1.14,-1.16,0.84,14.55,16.05,0.8,-1.4,1.44,0.31,24.8,,0.0,Yes,6,25.3,Weak,0001628280-26-028235
TTWO,Take-Two Interactive,Communication Services,946581,2026-03-31,2026-06-30,FY + YTD,2026-06-30,6.69,18.2,-0.16,-0.32,-0.3,-4.48,0.34,1.36,3.16,3.61,-4.8,5.0,-3.53,0.35,6.3,-1.1,1.0,No,6,24.7,"Loss-making, cash-positive",0001628280-26-054870
PCG,PG&E Corporation,Utilities,1004980,2025-12-31,2026-06-30,FY + YTD,2026-06-30,25.84,2.1,5.17,3.06,2.59,2.48,-4.26,0.97,64.22,33.9,11.8,-16.5,2.11,0.44,7.9,1.7,,Yes,6,24.6,Weak,0001004980-26-000048
BLDR,Builders FirstSource,Industrials,1316835,2025-12-31,2026-06-30,FY + YTD,2026-06-30,14.45,-7.4,0.44,0.1,0.44,1.08,0.64,0.07,4.59,4.01,0.7,4.4,0.91,0.41,5.1,1.5,,Yes,6,23.7,Weak,0001193125-26-325451
FE,FirstEnergy,Utilities,1031296,2025-12-31,2026-03-31,FY + YTD,2026-03-31,15.53,12.0,2.28,1.06,1.02,0.98,-1.74,0.05,28.06,12.65,6.9,-11.2,1.87,0.49,8.7,1.8,,Yes,6,23.7,Weak,0001031296-26-000085
NRG,NRG Energy,Utilities,1013871,2025-12-31,2026-06-30,FY + YTD,2026-06-30,33.12,9.2,2.02,0.85,0.86,1.12,0.35,0.16,23.39,4.86,2.6,1.1,2.13,0.59,15.0,2.0,0.0,Yes,6,23.5,Weak,0001013871-26-000020
VTR,Ventas,Real Estate,740260,2025-12-31,2026-06-30,FY + YTD,2026-06-30,6.44,18.5,0.99,0.26,0.25,0.08,-1.13,0.2,12.95,14.65,4.1,-17.5,0.89,0.44,7.2,1.6,,Yes,6,23.2,Weak,0000740260-26-000024
GIS,General Mills,Consumer Staples,40704,2026-05-31,2026-05-31,fiscal year,2026-05-31,18.42,-5.4,0.89,-0.09,-0.09,2.32,1.63,0.45,13.54,7.37,-0.5,8.8,-0.28,0.45,6.2,1.5,1.4,No,6,23.1,"Loss-making, cash-positive",0001628280-26-056619
CPT,Camden Property Trust,Real Estate,906345,2025-12-31,2026-06-30,FY + YTD,2026-06-30,,,,0.33,0.38,0.16,0.28,0.04,5.45,3.8,,,3.45,0.58,6.7,,,Yes,5,22.9,Weak,0001628280-26-051327
LYB,LyondellBasell,Materials,1489393,2025-12-31,2026-06-30,FY + YTD,2026-06-30,31.19,-9.7,0.96,-0.35,-0.74,1.37,1.58,2.63,12.91,10.67,-1.1,5.1,-1.0,0.37,4.3,1.8,0.4,No,6,22.8,"Loss-making, cash-positive",0001489393-26-000061
IVZ,Invesco,Financials,914208,2025-12-31,2026-06-30,FY + YTD,2026-06-30,6.9,5.1,-0.49,-0.31,-0.73,0.54,1.92,0.92,1.62,12.47,-4.5,27.8,-1.13,0.06,0.8,-5.1,,No,6,22.6,Distressed,0000914208-26-000235
ED,Consolidated Edison,Utilities,1047862,2025-12-31,2026-03-31,FY + YTD,2026-03-31,17.39,10.2,2.99,0.14,0.0,0.0,-0.33,0.15,,25.6,0.8,-1.9,0.18,,,2.4,0.2,Yes,5,21.5,Weak,0001047862-26-000091
IRM,Iron Mountain,Real Estate,1020569,2025-12-31,2026-06-30,FY + YTD,2026-06-30,7.56,12.2,1.42,0.42,0.14,0.18,-0.49,0.2,17.35,-1.28,5.5,-6.5,1.91,0.79,10.5,1.6,,Yes,6,20.7,Weak,0001020569-26-000071
APD,Air Products,Materials,2969,2025-09-30,2026-06-30,FY + YTD,2026-06-30,12.6,-0.5,-0.59,-0.05,-0.39,3.83,-0.43,0.98,17.79,13.88,-0.4,-3.4,-0.12,0.44,4.0,-2.7,0.7,No,6,19.6,Distressed,0000002969-26-000036
BAX,Baxter International,Health Care,10456,2025-12-31,2026-06-30,FY + YTD,2026-06-30,11.47,5.7,-0.27,-1.06,-0.96,-0.65,0.81,2.15,9.48,6.21,-9.3,7.0,-5.37,0.48,7.2,-5.4,4.5,No,6,19.5,"Loss-making, cash-positive",0001628280-26-051118
PSKY,Paramount Skydance Corporation,Communication Services,2041610,,2026-06-30,annualised YTD,2026-06-30,28.92,,2.21,0.42,,,0.72,1.63,15.16,11.77,1.5,2.5,0.95,0.34,14.8,2.2,,Yes,6,18.8,Weak,0002041610-26-000054
F,Ford Motor Company,Consumer Discretionary,37996,2025-12-31,2026-03-31,FY + YTD,2026-03-31,189.86,1.2,-7.16,-6.11,-8.18,5.88,9.55,17.65,,37.45,-3.2,5.0,-2.16,,,-5.4,5.0,No,5,17.5,"Loss-making, cash-positive",0000037996-26-000086
GPN,Global Payments,Financials,1123360,2025-12-31,2026-06-30,FY + YTD,2026-06-30,10.21,-0.4,1.31,-0.93,1.4,1.57,0.82,5.41,22.52,23.11,-9.2,8.1,-1.47,0.35,13.6,1.6,,No,6,14.2,Distressed,0001123360-26-000084
WBD,Warner Bros. Discovery,Communication Services,1437107,2025-12-31,2026-06-30,FY + YTD,2026-06-30,36.12,-5.1,-1.27,-3.17,0.73,-11.31,2.18,3.37,32.02,32.84,-8.8,6.0,-3.26,0.33,9.4,-0.6,,No,6,13.9,"Loss-making, cash-positive",0001437107-26-000075
MOS,Mosaic Company (The),Materials,1285785,2025-12-31,2026-06-30,FY + YTD,2026-06-30,12.25,8.4,-0.17,-0.64,0.54,0.17,-0.95,0.29,4.83,11.46,-5.2,-7.7,-2.59,0.2,10.9,-0.8,,No,6,11.5,Distressed,0001285785-26-000112
DOW,Dow Inc.,Materials,1751788,2025-12-31,2026-03-31,FY + YTD,2026-03-31,39.33,-7.0,,-2.85,-2.62,1.12,-0.23,4.11,18.05,15.25,-7.2,-0.6,-4.76,0.3,8.7,,1.9,No,6,9.0,Distressed,0001751788-26-000134
MRNA,Moderna,Health Care,1682852,2025-12-31,2026-06-30,FY + YTD,2026-06-30,2.23,-39.9,-3.32,-3.15,-2.82,-3.56,-1.24,1.72,0.59,6.76,-141.4,-55.8,-28.75,0.05,,-332.0,129.1,No,6,5.0,Distressed,0001682852-26-000150
ECHO,EchoStar,Communication Services,1415404,2025-12-31,2026-06-30,FY + YTD,2026-06-30,14.65,-5.2,-16.52,-5.67,-14.5,-0.12,-0.73,0.44,17.43,14.16,-38.7,-4.9,-14.39,0.44,,-182.8,0.4,No,6,4.1,Distressed,0001104659-26-089370
IBKR,Interactive Brokers,Financials,1381197,2025-12-31,2026-06-30,FY + YTD,2026-06-30,,,,1.13,0.98,0.76,,7.71,,5.9,,,0.46,,,,,Yes,3,,Insufficient data,0001381197-26-000147
