ticker,company,website,website_source,domain,logo_file,logo_url,logo_source,retrieved_at
MMM,3M,https://www.3m.com/,"Wikidata P856 (CC0), verknuepft ueber CIK P5531",3m.com,logos/MMM.png,https://www.google.com/s2/favicons?domain=3m.com&sz=64,"Google-Favicon-Dienst, Marke der jeweiligen Firma",2026-09-12
AOS,A. O. Smith,https://www.aosmith.com/,"Wikidata P856 (CC0), verknuepft ueber CIK P5531",aosmith.com,logos/AOS.png,https://www.google.com/s2/favicons?domain=aosmith.com&sz=64,"Google-Favicon-Dienst, Marke der jeweiligen Firma",2026-09-12
ABT,Abbott Laboratories,https://abbott.com,"Wikidata P856 (CC0), verknuepft ueber CIK P5531",abbott.com,logos/ABT.png,https://www.google.com/s2/favicons?domain=abbott.com&sz=64,"Google-Favicon-Dienst, Marke der jeweiligen Firma",2026-09-12
ABBV,AbbVie,http://www.abbvie.com,"Wikidata P856 (CC0), verknuepft ueber CIK P5531",abbvie.com,logos/ABBV.png,https://www.google.com/s2/favicons?domain=abbvie.com&sz=64,"Google-Favicon-Dienst, Marke der jeweiligen Firma",2026-09-12
ACN,Accenture,https://www.accenture.com/,"Wikidata P856 (CC0), verknuepft ueber CIK P5531",accenture.com,logos/ACN.png,https://www.google.com/s2/favicons?domain=accenture.com&sz=64,"Google-Favicon-Dienst, Marke der jeweiligen Firma",2026-09-12
ADBE,Adobe Inc.,https://www.adobe.com/,"Wikidata P856 (CC0), verknuepft ueber CIK P5531",adobe.com,logos/ADBE.png,https://www.google.com/s2/favicons?domain=adobe.com&sz=64,"Google-Favicon-Dienst, Marke der jeweiligen Firma",2026-09-12
AMD,Advanced Micro Devices,https://www.amd.com/,"Wikidata P856 (CC0), verknuepft ueber CIK P5531",amd.com,logos/AMD.png,https://www.google.com/s2/favicons?domain=amd.com&sz=64,"Google-Favicon-Dienst, Marke der jeweiligen Firma",2026-09-12
AES,AES Corporation,https://www.aes.com/,"Wikidata P856 (CC0), verknuepft ueber CIK P5531",aes.com,logos/AES.png,https://www.google.com/s2/favicons?domain=aes.com&sz=64,"Google-Favicon-Dienst, Marke der jeweiligen Firma",2026-09-12
AFL,Aflac,https://www.aflac.com,"Wikidata P856 (CC0), verknuepft ueber CIK P5531",aflac.com,logos/AFL.png,https://www.google.com/s2/favicons?domain=aflac.com&sz=64,"Google-Favicon-Dienst, Marke der jeweiligen Firma",2026-09-12
A,Agilent Technologies,http://www.agilent.com,"Wikidata P856 (CC0), verknuepft ueber CIK P5531",agilent.com,logos/A.png,https://www.google.com/s2/favicons?domain=agilent.com&sz=64,"Google-Favicon-Dienst, Marke der jeweiligen Firma",2026-09-12
APD,Air Products,http://airproducts.com,"Wikidata P856 (CC0), verknuepft ueber CIK P5531",airproducts.com,logos/APD.png,https://www.google.com/s2/favicons?domain=airproducts.com&sz=64,"Google-Favicon-Dienst, Marke der jeweiligen Firma",2026-09-12
ABNB,Airbnb,https://www.airbnb.com/,"Wikidata P856 (CC0), verknuepft ueber CIK P5531",airbnb.com,logos/ABNB.png,https://www.google.com/s2/favicons?domain=airbnb.com&sz=64,"Google-Favicon-Dienst, Marke der jeweiligen Firma",2026-09-12
AKAM,Akamai Technologies,https://www.akamai.com/,"Wikidata P856 (CC0), verknuepft ueber CIK P5531",akamai.com,logos/AKAM.png,https://www.google.com/s2/favicons?domain=akamai.com&sz=64,"Google-Favicon-Dienst, Marke der jeweiligen Firma",2026-09-12
ALB,Albemarle Corporation,http://www.albemarle.com/,"Wikidata P856 (CC0), verknuepft ueber CIK P5531",albemarle.com,logos/ALB.png,https://www.google.com/s2/favicons?domain=albemarle.com&sz=64,"Google-Favicon-Dienst, Marke der jeweiligen Firma",2026-09-12
ARE,Alexandria Real Estate Equities,http://www.are.com,"Wikidata P856 (CC0), verknuepft ueber CIK P5531",are.com,logos/ARE.png,https://www.google.com/s2/favicons?domain=are.com&sz=64,"Google-Favicon-Dienst, Marke der jeweiligen Firma",2026-09-12
ALGN,Align Technology,https://www.aligntech.com/,"Wikidata P856 (CC0), verknuepft ueber CIK P5531",aligntech.com,logos/ALGN.png,https://www.google.com/s2/favicons?domain=aligntech.com&sz=64,"Google-Favicon-Dienst, Marke der jeweiligen Firma",2026-09-12
ALLE,Allegion,http://www.allegion.com//,"Wikidata P856 (CC0), verknuepft ueber CIK P5531",allegion.com,logos/ALLE.png,https://www.google.com/s2/favicons?domain=allegion.com&sz=64,"Google-Favicon-Dienst, Marke der jeweiligen Firma",2026-09-12
LNT,Alliant Energy,https://www.alliantenergy.com/,"Wikidata P856 (CC0), verknuepft ueber CIK P5531",alliantenergy.com,logos/LNT.png,https://www.google.com/s2/favicons?domain=alliantenergy.com&sz=64,"Google-Favicon-Dienst, Marke der jeweiligen Firma",2026-09-12
ALL,Allstate,https://www.allstate.com/,"Wikidata P856 (CC0), verknuepft ueber CIK P5531",allstate.com,,https://www.google.com/s2/favicons?domain=allstate.com&sz=64,,2026-09-12
GOOGL,Alphabet Inc. (Class A),https://abc.xyz/,"Wikidata P856 (CC0), verknuepft ueber CIK P5531",abc.xyz,logos/GOOGL.png,https://www.google.com/s2/favicons?domain=abc.xyz&sz=64,"Google-Favicon-Dienst, Marke der jeweiligen Firma",2026-09-12
GOOG,Alphabet Inc. (Class C),https://abc.xyz/,"Wikidata P856 (CC0), verknuepft ueber CIK P5531",abc.xyz,logos/GOOG.png,https://www.google.com/s2/favicons?domain=abc.xyz&sz=64,"Google-Favicon-Dienst, Marke der jeweiligen Firma",2026-09-12
MO,Altria,http://www.altria.com,"Wikidata P856 (CC0), verknuepft ueber CIK P5531",altria.com,logos/MO.png,https://www.google.com/s2/favicons?domain=altria.com&sz=64,"Google-Favicon-Dienst, Marke der jeweiligen Firma",2026-09-12
AMZN,Amazon,https://www.amazon.com/,"Wikidata P856 (CC0), verknuepft ueber CIK P5531",amazon.com,logos/AMZN.png,https://www.google.com/s2/favicons?domain=amazon.com&sz=64,"Google-Favicon-Dienst, Marke der jeweiligen Firma",2026-09-12
AMCR,Amcor,http://www.amcor.com,"Wikidata P856 (CC0), verknuepft ueber CIK P5531",amcor.com,logos/AMCR.png,https://www.google.com/s2/favicons?domain=amcor.com&sz=64,"Google-Favicon-Dienst, Marke der jeweiligen Firma",2026-09-12
AEE,Ameren,https://www.ameren.com/,"Wikidata P856 (CC0), verknuepft ueber CIK P5531",ameren.com,logos/AEE.png,https://www.google.com/s2/favicons?domain=ameren.com&sz=64,"Google-Favicon-Dienst, Marke der jeweiligen Firma",2026-09-12
AEP,American Electric Power,https://www.aep.com,"Wikidata P856 (CC0), verknuepft ueber CIK P5531",aep.com,logos/AEP.png,https://www.google.com/s2/favicons?domain=aep.com&sz=64,"Google-Favicon-Dienst, Marke der jeweiligen Firma",2026-09-12
AXP,American Express,https://www.americanexpress.com/,"Wikidata P856 (CC0), verknuepft ueber CIK P5531",americanexpress.com,logos/AXP.png,https://www.google.com/s2/favicons?domain=americanexpress.com&sz=64,"Google-Favicon-Dienst, Marke der jeweiligen Firma",2026-09-12
AIG,American International Group,https://www.aig.com,"Wikidata P856 (CC0), verknuepft ueber CIK P5531",aig.com,logos/AIG.png,https://www.google.com/s2/favicons?domain=aig.com&sz=64,"Google-Favicon-Dienst, Marke der jeweiligen Firma",2026-09-12
AMT,American Tower,https://www.americantower.com,"Wikidata P856 (CC0), verknuepft ueber CIK P5531",americantower.com,logos/AMT.png,https://www.google.com/s2/favicons?domain=americantower.com&sz=64,"Google-Favicon-Dienst, Marke der jeweiligen Firma",2026-09-12
AWK,American Water Works,http://www.amwater.com/,"Wikidata P856 (CC0), verknuepft ueber CIK P5531",amwater.com,logos/AWK.png,https://www.google.com/s2/favicons?domain=amwater.com&sz=64,"Google-Favicon-Dienst, Marke der jeweiligen Firma",2026-09-12
AMP,Ameriprise Financial,http://www.ameriprise.com,"Wikidata P856 (CC0), verknuepft ueber CIK P5531",ameriprise.com,,https://www.google.com/s2/favicons?domain=ameriprise.com&sz=64,,2026-09-12
AME,Ametek,http://ametek.co.jp/index.aspx,"Wikidata P856 (CC0), verknuepft ueber CIK P5531",ametek.co.jp,logos/AME.png,https://www.google.com/s2/favicons?domain=ametek.co.jp&sz=64,"Google-Favicon-Dienst, Marke der jeweiligen Firma",2026-09-12
AMGN,Amgen,http://www.amgen.com/,"Wikidata P856 (CC0), verknuepft ueber CIK P5531",amgen.com,logos/AMGN.png,https://www.google.com/s2/favicons?domain=amgen.com&sz=64,"Google-Favicon-Dienst, Marke der jeweiligen Firma",2026-09-12
APH,Amphenol,http://www.amphenol.com,"Wikidata P856 (CC0), verknuepft ueber CIK P5531",amphenol.com,logos/APH.png,https://www.google.com/s2/favicons?domain=amphenol.com&sz=64,"Google-Favicon-Dienst, Marke der jeweiligen Firma",2026-09-12
ADI,Analog Devices,https://www.analog.com/,"Wikidata P856 (CC0), verknuepft ueber CIK P5531",analog.com,logos/ADI.png,https://www.google.com/s2/favicons?domain=analog.com&sz=64,"Google-Favicon-Dienst, Marke der jeweiligen Firma",2026-09-12
AON,Aon plc,https://www.aon.com/,"Wikidata P856 (CC0), verknuepft ueber CIK P5531",aon.com,logos/AON.png,https://www.google.com/s2/favicons?domain=aon.com&sz=64,"Google-Favicon-Dienst, Marke der jeweiligen Firma",2026-09-12
APA,APA Corporation,,,,,,,2026-09-12
APO,Apollo Global Management,https://www.apollo.com/,"Wikidata P856 (CC0), verknuepft ueber CIK P5531",apollo.com,logos/APO.png,https://www.google.com/s2/favicons?domain=apollo.com&sz=64,"Google-Favicon-Dienst, Marke der jeweiligen Firma",2026-09-12
AAPL,Apple Inc.,https://apple.com/ua/,"Wikidata P856 (CC0), verknuepft ueber CIK P5531",apple.com,logos/AAPL.png,https://www.google.com/s2/favicons?domain=apple.com&sz=64,"Google-Favicon-Dienst, Marke der jeweiligen Firma",2026-09-12
AMAT,Applied Materials,https://www.appliedmaterials.com/,"Wikidata P856 (CC0), verknuepft ueber CIK P5531",appliedmaterials.com,logos/AMAT.png,https://www.google.com/s2/favicons?domain=appliedmaterials.com&sz=64,"Google-Favicon-Dienst, Marke der jeweiligen Firma",2026-09-12
APP,AppLovin,,,,,,,2026-09-12
APTV,Aptiv,https://www.aptiv.com/,"Wikidata P856 (CC0), verknuepft ueber CIK P5531",aptiv.com,logos/APTV.png,https://www.google.com/s2/favicons?domain=aptiv.com&sz=64,"Google-Favicon-Dienst, Marke der jeweiligen Firma",2026-09-12
ACGL,Arch Capital Group,https://www.archcapgroup.com,"Wikidata P856 (CC0), verknuepft ueber CIK P5531",archcapgroup.com,logos/ACGL.png,https://www.google.com/s2/favicons?domain=archcapgroup.com&sz=64,"Google-Favicon-Dienst, Marke der jeweiligen Firma",2026-09-12
ADM,Archer Daniels Midland,https://adm.com/,"Wikidata P856 (CC0), verknuepft ueber CIK P5531",adm.com,logos/ADM.png,https://www.google.com/s2/favicons?domain=adm.com&sz=64,"Google-Favicon-Dienst, Marke der jeweiligen Firma",2026-09-12
ARES,Ares Management,,,,,,,2026-09-12
ANET,Arista Networks,https://www.arista.com/,"Wikidata P856 (CC0), verknuepft ueber CIK P5531",arista.com,logos/ANET.png,https://www.google.com/s2/favicons?domain=arista.com&sz=64,"Google-Favicon-Dienst, Marke der jeweiligen Firma",2026-09-12
AJG,Arthur J. Gallagher & Co.,http://www.ajg.com,"Wikidata P856 (CC0), verknuepft ueber CIK P5531",ajg.com,logos/AJG.png,https://www.google.com/s2/favicons?domain=ajg.com&sz=64,"Google-Favicon-Dienst, Marke der jeweiligen Firma",2026-09-12
AIZ,Assurant,http://www.assurant.com/,"Wikidata P856 (CC0), verknuepft ueber CIK P5531",assurant.com,logos/AIZ.png,https://www.google.com/s2/favicons?domain=assurant.com&sz=64,"Google-Favicon-Dienst, Marke der jeweiligen Firma",2026-09-12
T,AT&T,https://www.att.com,"Wikidata P856 (CC0), verknuepft ueber CIK P5531",att.com,logos/T.png,https://www.google.com/s2/favicons?domain=att.com&sz=64,"Google-Favicon-Dienst, Marke der jeweiligen Firma",2026-09-12
ATO,Atmos Energy,http://www.atmosenergy.com,"Wikidata P856 (CC0), verknuepft ueber CIK P5531",atmosenergy.com,,https://www.google.com/s2/favicons?domain=atmosenergy.com&sz=64,,2026-09-12
ADSK,Autodesk,,,,,,,2026-09-12
ADP,Automatic Data Processing,http://www.adp.com/,"Wikidata P856 (CC0), verknuepft ueber CIK P5531",adp.com,logos/ADP.png,https://www.google.com/s2/favicons?domain=adp.com&sz=64,"Google-Favicon-Dienst, Marke der jeweiligen Firma",2026-09-12
AZO,AutoZone,https://www.autozone.com/,"Wikidata P856 (CC0), verknuepft ueber CIK P5531",autozone.com,logos/AZO.png,https://www.google.com/s2/favicons?domain=autozone.com&sz=64,"Google-Favicon-Dienst, Marke der jeweiligen Firma",2026-09-12
AVY,Avery Dennison,http://www.avery.com/,"Wikidata P856 (CC0), verknuepft ueber CIK P5531",avery.com,logos/AVY.png,https://www.google.com/s2/favicons?domain=avery.com&sz=64,"Google-Favicon-Dienst, Marke der jeweiligen Firma",2026-09-12
AXON,Axon Enterprise,,,,,,,2026-09-12
BKR,Baker Hughes,https://www.bakerhughes.com/,"Wikidata P856 (CC0), verknuepft ueber CIK P5531",bakerhughes.com,logos/BKR.png,https://www.google.com/s2/favicons?domain=bakerhughes.com&sz=64,"Google-Favicon-Dienst, Marke der jeweiligen Firma",2026-09-12
BALL,Ball Corporation,https://www.ball.com/,"Wikidata P856 (CC0), verknuepft ueber CIK P5531",ball.com,logos/BALL.png,https://www.google.com/s2/favicons?domain=ball.com&sz=64,"Google-Favicon-Dienst, Marke der jeweiligen Firma",2026-09-12
BAC,Bank of America,https://www.bankofamerica.com/,"Wikidata P856 (CC0), verknuepft ueber CIK P5531",bankofamerica.com,logos/BAC.png,https://www.google.com/s2/favicons?domain=bankofamerica.com&sz=64,"Google-Favicon-Dienst, Marke der jeweiligen Firma",2026-09-12
BAX,Baxter International,http://www.baxter.com/,"Wikidata P856 (CC0), verknuepft ueber CIK P5531",baxter.com,,https://www.google.com/s2/favicons?domain=baxter.com&sz=64,,2026-09-12
BDX,Becton Dickinson,http://www.bd.com/,"Wikidata P856 (CC0), verknuepft ueber CIK P5531",bd.com,logos/BDX.png,https://www.google.com/s2/favicons?domain=bd.com&sz=64,"Google-Favicon-Dienst, Marke der jeweiligen Firma",2026-09-12
BRK-B,Berkshire Hathaway,https://www.berkshirehathaway.com/,"Wikidata P856 (CC0), verknuepft ueber CIK P5531",berkshirehathaway.com,,https://www.google.com/s2/favicons?domain=berkshirehathaway.com&sz=64,,2026-09-12
BBY,Best Buy,https://www.bestbuy.com/,"Wikidata P856 (CC0), verknuepft ueber CIK P5531",bestbuy.com,logos/BBY.png,https://www.google.com/s2/favicons?domain=bestbuy.com&sz=64,"Google-Favicon-Dienst, Marke der jeweiligen Firma",2026-09-12
TECH,Bio-Techne,,,,,,,2026-09-12
BIIB,Biogen,https://www.biogen.com/,"Wikidata P856 (CC0), verknuepft ueber CIK P5531",biogen.com,logos/BIIB.png,https://www.google.com/s2/favicons?domain=biogen.com&sz=64,"Google-Favicon-Dienst, Marke der jeweiligen Firma",2026-09-12
BLK,BlackRock,,,,,,,2026-09-12
BX,Blackstone Inc.,https://www.blackstone.com/,"Wikidata P856 (CC0), verknuepft ueber CIK P5531",blackstone.com,logos/BX.png,https://www.google.com/s2/favicons?domain=blackstone.com&sz=64,"Google-Favicon-Dienst, Marke der jeweiligen Firma",2026-09-12
XYZ,"Block, Inc.",https://block.xyz/,"Wikidata P856 (CC0), verknuepft ueber CIK P5531",block.xyz,logos/XYZ.png,https://www.google.com/s2/favicons?domain=block.xyz&sz=64,"Google-Favicon-Dienst, Marke der jeweiligen Firma",2026-09-12
BNY,BNY Mellon,https://www.bnymellon.com/,"Wikidata P856 (CC0), verknuepft ueber CIK P5531",bnymellon.com,,https://www.google.com/s2/favicons?domain=bnymellon.com&sz=64,,2026-09-12
BA,Boeing,https://boeing.com/,"Wikidata P856 (CC0), verknuepft ueber CIK P5531",boeing.com,logos/BA.png,https://www.google.com/s2/favicons?domain=boeing.com&sz=64,"Google-Favicon-Dienst, Marke der jeweiligen Firma",2026-09-12
BKNG,Booking Holdings,https://bookingholdings.com/,"Wikidata P856 (CC0), verknuepft ueber CIK P5531",bookingholdings.com,logos/BKNG.png,https://www.google.com/s2/favicons?domain=bookingholdings.com&sz=64,"Google-Favicon-Dienst, Marke der jeweiligen Firma",2026-09-12
BSX,Boston Scientific,http://www.bostonscientific.com,"Wikidata P856 (CC0), verknuepft ueber CIK P5531",bostonscientific.com,logos/BSX.png,https://www.google.com/s2/favicons?domain=bostonscientific.com&sz=64,"Google-Favicon-Dienst, Marke der jeweiligen Firma",2026-09-12
BMY,Bristol Myers Squibb,https://www.bms.com/,"Wikidata P856 (CC0), verknuepft ueber CIK P5531",bms.com,logos/BMY.png,https://www.google.com/s2/favicons?domain=bms.com&sz=64,"Google-Favicon-Dienst, Marke der jeweiligen Firma",2026-09-12
AVGO,Broadcom,https://www.broadcom.com/,"Wikidata P856 (CC0), verknuepft ueber CIK P5531",broadcom.com,logos/AVGO.png,https://www.google.com/s2/favicons?domain=broadcom.com&sz=64,"Google-Favicon-Dienst, Marke der jeweiligen Firma",2026-09-12
BR,Broadridge Financial Solutions,https://www.broadridge.com/,"Wikidata P856 (CC0), verknuepft ueber CIK P5531",broadridge.com,logos/BR.png,https://www.google.com/s2/favicons?domain=broadridge.com&sz=64,"Google-Favicon-Dienst, Marke der jeweiligen Firma",2026-09-12
BRO,Brown & Brown,https://www.bbinsurance.com/,"Wikidata P856 (CC0), verknuepft ueber CIK P5531",bbinsurance.com,logos/BRO.png,https://www.google.com/s2/favicons?domain=bbinsurance.com&sz=64,"Google-Favicon-Dienst, Marke der jeweiligen Firma",2026-09-12
BF-B,Brown–Forman,http://www.brown-forman.com,"Wikidata P856 (CC0), verknuepft ueber CIK P5531",brown-forman.com,logos/BF-B.png,https://www.google.com/s2/favicons?domain=brown-forman.com&sz=64,"Google-Favicon-Dienst, Marke der jeweiligen Firma",2026-09-12
BLDR,Builders FirstSource,https://www.bldr.com,"Wikidata P856 (CC0), verknuepft ueber CIK P5531",bldr.com,logos/BLDR.png,https://www.google.com/s2/favicons?domain=bldr.com&sz=64,"Google-Favicon-Dienst, Marke der jeweiligen Firma",2026-09-12
BG,Bunge Global,,,,,,,2026-09-12
BXP,"BXP, Inc.",https://www.bxp.com/,"Wikidata P856 (CC0), verknuepft ueber CIK P5531",bxp.com,logos/BXP.png,https://www.google.com/s2/favicons?domain=bxp.com&sz=64,"Google-Favicon-Dienst, Marke der jeweiligen Firma",2026-09-12
CHRW,C.H. Robinson,https://www.chrobinson.com/,"Wikidata P856 (CC0), verknuepft ueber CIK P5531",chrobinson.com,logos/CHRW.png,https://www.google.com/s2/favicons?domain=chrobinson.com&sz=64,"Google-Favicon-Dienst, Marke der jeweiligen Firma",2026-09-12
CDNS,Cadence Design Systems,https://www.cadence.com/,"Wikidata P856 (CC0), verknuepft ueber CIK P5531",cadence.com,logos/CDNS.png,https://www.google.com/s2/favicons?domain=cadence.com&sz=64,"Google-Favicon-Dienst, Marke der jeweiligen Firma",2026-09-12
CPT,Camden Property Trust,https://www.camdenliving.com/,"Wikidata P856 (CC0), verknuepft ueber CIK P5531",camdenliving.com,logos/CPT.png,https://www.google.com/s2/favicons?domain=camdenliving.com&sz=64,"Google-Favicon-Dienst, Marke der jeweiligen Firma",2026-09-12
COF,Capital One,https://www.capitalone.com/,"Wikidata P856 (CC0), verknuepft ueber CIK P5531",capitalone.com,logos/COF.png,https://www.google.com/s2/favicons?domain=capitalone.com&sz=64,"Google-Favicon-Dienst, Marke der jeweiligen Firma",2026-09-12
CAH,Cardinal Health,https://www.cardinalhealth.com/,"Wikidata P856 (CC0), verknuepft ueber CIK P5531",cardinalhealth.com,logos/CAH.png,https://www.google.com/s2/favicons?domain=cardinalhealth.com&sz=64,"Google-Favicon-Dienst, Marke der jeweiligen Firma",2026-09-12
CCL,Carnival Corporation,https://www.carnivalcorp.com/,"Wikidata P856 (CC0), verknuepft ueber CIK P5531",carnivalcorp.com,logos/CCL.png,https://www.google.com/s2/favicons?domain=carnivalcorp.com&sz=64,"Google-Favicon-Dienst, Marke der jeweiligen Firma",2026-09-12
CARR,Carrier Global,https://www.corporate.carrier.com,"Wikidata P856 (CC0), verknuepft ueber CIK P5531",corporate.carrier.com,logos/CARR.png,https://www.google.com/s2/favicons?domain=corporate.carrier.com&sz=64,"Google-Favicon-Dienst, Marke der jeweiligen Firma",2026-09-12
CVNA,Carvana,,,,,,,2026-09-12
CASY,Casey's,https://www.caseys.com,"Wikidata P856 (CC0), verknuepft ueber CIK P5531",caseys.com,logos/CASY.png,https://www.google.com/s2/favicons?domain=caseys.com&sz=64,"Google-Favicon-Dienst, Marke der jeweiligen Firma",2026-09-12
CAT,Caterpillar Inc.,https://www.caterpillar.com/,"Wikidata P856 (CC0), verknuepft ueber CIK P5531",caterpillar.com,logos/CAT.png,https://www.google.com/s2/favicons?domain=caterpillar.com&sz=64,"Google-Favicon-Dienst, Marke der jeweiligen Firma",2026-09-12
CBOE,Cboe Global Markets,https://www.cboe.com/,"Wikidata P856 (CC0), verknuepft ueber CIK P5531",cboe.com,logos/CBOE.png,https://www.google.com/s2/favicons?domain=cboe.com&sz=64,"Google-Favicon-Dienst, Marke der jeweiligen Firma",2026-09-12
CBRE,CBRE Group,https://www.cbre.com,"Wikidata P856 (CC0), verknuepft ueber CIK P5531",cbre.com,logos/CBRE.png,https://www.google.com/s2/favicons?domain=cbre.com&sz=64,"Google-Favicon-Dienst, Marke der jeweiligen Firma",2026-09-12
CDW,CDW Corporation,http://www.cdw.com/,"Wikidata P856 (CC0), verknuepft ueber CIK P5531",cdw.com,logos/CDW.png,https://www.google.com/s2/favicons?domain=cdw.com&sz=64,"Google-Favicon-Dienst, Marke der jeweiligen Firma",2026-09-12
COR,Cencora,http://www.cencora.com/,"Wikidata P856 (CC0), verknuepft ueber CIK P5531",cencora.com,logos/COR.png,https://www.google.com/s2/favicons?domain=cencora.com&sz=64,"Google-Favicon-Dienst, Marke der jeweiligen Firma",2026-09-12
CNC,Centene Corporation,https://www.centene.com/,"Wikidata P856 (CC0), verknuepft ueber CIK P5531",centene.com,logos/CNC.png,https://www.google.com/s2/favicons?domain=centene.com&sz=64,"Google-Favicon-Dienst, Marke der jeweiligen Firma",2026-09-12
CNP,CenterPoint Energy,http://www.centerpointenergy.com/,"Wikidata P856 (CC0), verknuepft ueber CIK P5531",centerpointenergy.com,logos/CNP.png,https://www.google.com/s2/favicons?domain=centerpointenergy.com&sz=64,"Google-Favicon-Dienst, Marke der jeweiligen Firma",2026-09-12
CF,CF Industries,https://www.cfindustries.com/,"Wikidata P856 (CC0), verknuepft ueber CIK P5531",cfindustries.com,logos/CF.png,https://www.google.com/s2/favicons?domain=cfindustries.com&sz=64,"Google-Favicon-Dienst, Marke der jeweiligen Firma",2026-09-12
CRL,Charles River Laboratories,http://www.criver.com,"Wikidata P856 (CC0), verknuepft ueber CIK P5531",criver.com,logos/CRL.png,https://www.google.com/s2/favicons?domain=criver.com&sz=64,"Google-Favicon-Dienst, Marke der jeweiligen Firma",2026-09-12
SCHW,Charles Schwab Corporation,https://www.schwab.com/,"Wikidata P856 (CC0), verknuepft ueber CIK P5531",schwab.com,logos/SCHW.png,https://www.google.com/s2/favicons?domain=schwab.com&sz=64,"Google-Favicon-Dienst, Marke der jeweiligen Firma",2026-09-12
CHTR,Charter Communications,https://www.spectrum.com/,"Wikidata P856 (CC0), verknuepft ueber CIK P5531",spectrum.com,logos/CHTR.png,https://www.google.com/s2/favicons?domain=spectrum.com&sz=64,"Google-Favicon-Dienst, Marke der jeweiligen Firma",2026-09-12
CVX,Chevron Corporation,https://www.chevron.com,"Wikidata P856 (CC0), verknuepft ueber CIK P5531",chevron.com,logos/CVX.png,https://www.google.com/s2/favicons?domain=chevron.com&sz=64,"Google-Favicon-Dienst, Marke der jeweiligen Firma",2026-09-12
CMG,Chipotle Mexican Grill,https://chipotle.com/,"Wikidata P856 (CC0), verknuepft ueber CIK P5531",chipotle.com,logos/CMG.png,https://www.google.com/s2/favicons?domain=chipotle.com&sz=64,"Google-Favicon-Dienst, Marke der jeweiligen Firma",2026-09-12
CB,Chubb Limited,http://www.chubb.com/,"Wikidata P856 (CC0), verknuepft ueber CIK P5531",chubb.com,logos/CB.png,https://www.google.com/s2/favicons?domain=chubb.com&sz=64,"Google-Favicon-Dienst, Marke der jeweiligen Firma",2026-09-12
CHD,Church & Dwight,https://www.churchdwight.com/,"Wikidata P856 (CC0), verknuepft ueber CIK P5531",churchdwight.com,,https://www.google.com/s2/favicons?domain=churchdwight.com&sz=64,,2026-09-12
CIEN,Ciena,,,,,,,2026-09-12
CI,Cigna,https://www.cigna.com/,"Wikidata P856 (CC0), verknuepft ueber CIK P5531",cigna.com,logos/CI.png,https://www.google.com/s2/favicons?domain=cigna.com&sz=64,"Google-Favicon-Dienst, Marke der jeweiligen Firma",2026-09-12
CINF,Cincinnati Financial,https://www.cinfin.com/,"Wikidata P856 (CC0), verknuepft ueber CIK P5531",cinfin.com,logos/CINF.png,https://www.google.com/s2/favicons?domain=cinfin.com&sz=64,"Google-Favicon-Dienst, Marke der jeweiligen Firma",2026-09-12
CTAS,Cintas,http://www.cintas.com/,"Wikidata P856 (CC0), verknuepft ueber CIK P5531",cintas.com,logos/CTAS.png,https://www.google.com/s2/favicons?domain=cintas.com&sz=64,"Google-Favicon-Dienst, Marke der jeweiligen Firma",2026-09-12
CSCO,Cisco,https://www.cisco.com/,"Wikidata P856 (CC0), verknuepft ueber CIK P5531",cisco.com,logos/CSCO.png,https://www.google.com/s2/favicons?domain=cisco.com&sz=64,"Google-Favicon-Dienst, Marke der jeweiligen Firma",2026-09-12
C,Citigroup,http://www.citigroup.com/,"Wikidata P856 (CC0), verknuepft ueber CIK P5531",citigroup.com,logos/C.png,https://www.google.com/s2/favicons?domain=citigroup.com&sz=64,"Google-Favicon-Dienst, Marke der jeweiligen Firma",2026-09-12
CFG,Citizens Financial Group,https://www.citizensbank.com/,"Wikidata P856 (CC0), verknuepft ueber CIK P5531",citizensbank.com,logos/CFG.png,https://www.google.com/s2/favicons?domain=citizensbank.com&sz=64,"Google-Favicon-Dienst, Marke der jeweiligen Firma",2026-09-12
CLX,Clorox,http://www.thecloroxcompany.com,"Wikidata P856 (CC0), verknuepft ueber CIK P5531",thecloroxcompany.com,logos/CLX.png,https://www.google.com/s2/favicons?domain=thecloroxcompany.com&sz=64,"Google-Favicon-Dienst, Marke der jeweiligen Firma",2026-09-12
CME,CME Group,https://www.cmegroup.com,"Wikidata P856 (CC0), verknuepft ueber CIK P5531",cmegroup.com,logos/CME.png,https://www.google.com/s2/favicons?domain=cmegroup.com&sz=64,"Google-Favicon-Dienst, Marke der jeweiligen Firma",2026-09-12
CMS,CMS Energy,http://www.cmsenergy.com/,"Wikidata P856 (CC0), verknuepft ueber CIK P5531",cmsenergy.com,logos/CMS.png,https://www.google.com/s2/favicons?domain=cmsenergy.com&sz=64,"Google-Favicon-Dienst, Marke der jeweiligen Firma",2026-09-12
KO,Coca-Cola Company (The),https://www.coca-colacompany.com/,"Wikidata P856 (CC0), verknuepft ueber CIK P5531",coca-colacompany.com,logos/KO.png,https://www.google.com/s2/favicons?domain=coca-colacompany.com&sz=64,"Google-Favicon-Dienst, Marke der jeweiligen Firma",2026-09-12
CTSH,Cognizant,https://www.cognizant.com,"Wikidata P856 (CC0), verknuepft ueber CIK P5531",cognizant.com,logos/CTSH.png,https://www.google.com/s2/favicons?domain=cognizant.com&sz=64,"Google-Favicon-Dienst, Marke der jeweiligen Firma",2026-09-12
COHR,Coherent Corp.,https://www.coherent.com/,"Wikidata P856 (CC0), verknuepft ueber CIK P5531",coherent.com,logos/COHR.png,https://www.google.com/s2/favicons?domain=coherent.com&sz=64,"Google-Favicon-Dienst, Marke der jeweiligen Firma",2026-09-12
COIN,Coinbase,https://www.coinbase.com,"Wikidata P856 (CC0), verknuepft ueber CIK P5531",coinbase.com,logos/COIN.png,https://www.google.com/s2/favicons?domain=coinbase.com&sz=64,"Google-Favicon-Dienst, Marke der jeweiligen Firma",2026-09-12
CL,Colgate-Palmolive,http://www.colgatepalmolive.com/,"Wikidata P856 (CC0), verknuepft ueber CIK P5531",colgatepalmolive.com,logos/CL.png,https://www.google.com/s2/favicons?domain=colgatepalmolive.com&sz=64,"Google-Favicon-Dienst, Marke der jeweiligen Firma",2026-09-12
CMCSA,Comcast,http://corporate.comcast.com,"Wikidata P856 (CC0), verknuepft ueber CIK P5531",corporate.comcast.com,logos/CMCSA.png,https://www.google.com/s2/favicons?domain=corporate.comcast.com&sz=64,"Google-Favicon-Dienst, Marke der jeweiligen Firma",2026-09-12
FIX,Comfort Systems USA,http://comfortsystemsusa.com/,"Wikidata P856 (CC0), verknuepft ueber CIK P5531",comfortsystemsusa.com,logos/FIX.png,https://www.google.com/s2/favicons?domain=comfortsystemsusa.com&sz=64,"Google-Favicon-Dienst, Marke der jeweiligen Firma",2026-09-12
COP,ConocoPhillips,https://www.conocophillips.com/,"Wikidata P856 (CC0), verknuepft ueber CIK P5531",conocophillips.com,,https://www.google.com/s2/favicons?domain=conocophillips.com&sz=64,,2026-09-12
ED,Consolidated Edison,http://www.coned.com,"Wikidata P856 (CC0), verknuepft ueber CIK P5531",coned.com,logos/ED.png,https://www.google.com/s2/favicons?domain=coned.com&sz=64,"Google-Favicon-Dienst, Marke der jeweiligen Firma",2026-09-12
STZ,Constellation Brands,http://www.cbrands.com,"Wikidata P856 (CC0), verknuepft ueber CIK P5531",cbrands.com,logos/STZ.png,https://www.google.com/s2/favicons?domain=cbrands.com&sz=64,"Google-Favicon-Dienst, Marke der jeweiligen Firma",2026-09-12
CEG,Constellation Energy,,,,,,,2026-09-12
COO,Cooper Companies (The),http://www.coopercos.com,"Wikidata P856 (CC0), verknuepft ueber CIK P5531",coopercos.com,logos/COO.png,https://www.google.com/s2/favicons?domain=coopercos.com&sz=64,"Google-Favicon-Dienst, Marke der jeweiligen Firma",2026-09-12
CPRT,Copart,https://www.copart.com/,"Wikidata P856 (CC0), verknuepft ueber CIK P5531",copart.com,logos/CPRT.png,https://www.google.com/s2/favicons?domain=copart.com&sz=64,"Google-Favicon-Dienst, Marke der jeweiligen Firma",2026-09-12
GLW,Corning Inc.,http://www.corning.com/,"Wikidata P856 (CC0), verknuepft ueber CIK P5531",corning.com,,https://www.google.com/s2/favicons?domain=corning.com&sz=64,,2026-09-12
CPAY,Corpay,https://www.corpay.com/,"Wikidata P856 (CC0), verknuepft ueber CIK P5531",corpay.com,logos/CPAY.png,https://www.google.com/s2/favicons?domain=corpay.com&sz=64,"Google-Favicon-Dienst, Marke der jeweiligen Firma",2026-09-12
CTVA,Corteva,https://www.corteva.com/,"Wikidata P856 (CC0), verknuepft ueber CIK P5531",corteva.com,logos/CTVA.png,https://www.google.com/s2/favicons?domain=corteva.com&sz=64,"Google-Favicon-Dienst, Marke der jeweiligen Firma",2026-09-12
CSGP,CoStar Group,https://www.costargroup.com/,"Wikidata P856 (CC0), verknuepft ueber CIK P5531",costargroup.com,logos/CSGP.png,https://www.google.com/s2/favicons?domain=costargroup.com&sz=64,"Google-Favicon-Dienst, Marke der jeweiligen Firma",2026-09-12
COST,Costco,https://www.costco.com/,"Wikidata P856 (CC0), verknuepft ueber CIK P5531",costco.com,logos/COST.png,https://www.google.com/s2/favicons?domain=costco.com&sz=64,"Google-Favicon-Dienst, Marke der jeweiligen Firma",2026-09-12
CRH,CRH plc,http://www.crh.com,"Wikidata P856 (CC0), verknuepft ueber CIK P5531",crh.com,logos/CRH.png,https://www.google.com/s2/favicons?domain=crh.com&sz=64,"Google-Favicon-Dienst, Marke der jeweiligen Firma",2026-09-12
CRWD,CrowdStrike,https://www.crowdstrike.com/,"Wikidata P856 (CC0), verknuepft ueber CIK P5531",crowdstrike.com,logos/CRWD.png,https://www.google.com/s2/favicons?domain=crowdstrike.com&sz=64,"Google-Favicon-Dienst, Marke der jeweiligen Firma",2026-09-12
CCI,Crown Castle,https://www.crowncastle.com/,"Wikidata P856 (CC0), verknuepft ueber CIK P5531",crowncastle.com,logos/CCI.png,https://www.google.com/s2/favicons?domain=crowncastle.com&sz=64,"Google-Favicon-Dienst, Marke der jeweiligen Firma",2026-09-12
CSX,CSX Corporation,https://www.csx.com/,"Wikidata P856 (CC0), verknuepft ueber CIK P5531",csx.com,logos/CSX.png,https://www.google.com/s2/favicons?domain=csx.com&sz=64,"Google-Favicon-Dienst, Marke der jeweiligen Firma",2026-09-12
CMI,Cummins,https://www.cummins.com,"Wikidata P856 (CC0), verknuepft ueber CIK P5531",cummins.com,logos/CMI.png,https://www.google.com/s2/favicons?domain=cummins.com&sz=64,"Google-Favicon-Dienst, Marke der jeweiligen Firma",2026-09-12
CVS,CVS Health,https://cvshealth.com/,"Wikidata P856 (CC0), verknuepft ueber CIK P5531",cvshealth.com,logos/CVS.png,https://www.google.com/s2/favicons?domain=cvshealth.com&sz=64,"Google-Favicon-Dienst, Marke der jeweiligen Firma",2026-09-12
DHR,Danaher Corporation,https://www.danaher.com/,"Wikidata P856 (CC0), verknuepft ueber CIK P5531",danaher.com,,https://www.google.com/s2/favicons?domain=danaher.com&sz=64,,2026-09-12
DRI,Darden Restaurants,http://www.darden.com/,"Wikidata P856 (CC0), verknuepft ueber CIK P5531",darden.com,logos/DRI.png,https://www.google.com/s2/favicons?domain=darden.com&sz=64,"Google-Favicon-Dienst, Marke der jeweiligen Firma",2026-09-12
DDOG,Datadog,https://www.datadoghq.com/,"Wikidata P856 (CC0), verknuepft ueber CIK P5531",datadoghq.com,logos/DDOG.png,https://www.google.com/s2/favicons?domain=datadoghq.com&sz=64,"Google-Favicon-Dienst, Marke der jeweiligen Firma",2026-09-12
DVA,DaVita,https://www.davita.com/,"Wikidata P856 (CC0), verknuepft ueber CIK P5531",davita.com,logos/DVA.png,https://www.google.com/s2/favicons?domain=davita.com&sz=64,"Google-Favicon-Dienst, Marke der jeweiligen Firma",2026-09-12
DECK,Deckers Brands,http://www.deckers.com/,"Wikidata P856 (CC0), verknuepft ueber CIK P5531",deckers.com,,https://www.google.com/s2/favicons?domain=deckers.com&sz=64,,2026-09-12
DE,Deere & Company,https://www.deere.com/,"Wikidata P856 (CC0), verknuepft ueber CIK P5531",deere.com,logos/DE.png,https://www.google.com/s2/favicons?domain=deere.com&sz=64,"Google-Favicon-Dienst, Marke der jeweiligen Firma",2026-09-12
DELL,Dell Technologies,https://www.dell.com/,"Wikidata P856 (CC0), verknuepft ueber CIK P5531",dell.com,logos/DELL.png,https://www.google.com/s2/favicons?domain=dell.com&sz=64,"Google-Favicon-Dienst, Marke der jeweiligen Firma",2026-09-12
DAL,Delta Air Lines,https://www.delta.com/,"Wikidata P856 (CC0), verknuepft ueber CIK P5531",delta.com,logos/DAL.png,https://www.google.com/s2/favicons?domain=delta.com&sz=64,"Google-Favicon-Dienst, Marke der jeweiligen Firma",2026-09-12
DVN,Devon Energy,http://www.devonenergy.com,"Wikidata P856 (CC0), verknuepft ueber CIK P5531",devonenergy.com,,https://www.google.com/s2/favicons?domain=devonenergy.com&sz=64,,2026-09-12
DXCM,Dexcom,http://dexcom.com/,"Wikidata P856 (CC0), verknuepft ueber CIK P5531",dexcom.com,logos/DXCM.png,https://www.google.com/s2/favicons?domain=dexcom.com&sz=64,"Google-Favicon-Dienst, Marke der jeweiligen Firma",2026-09-12
FANG,Diamondback Energy,https://www.diamondbackenergy.com,"Wikidata P856 (CC0), verknuepft ueber CIK P5531",diamondbackenergy.com,,https://www.google.com/s2/favicons?domain=diamondbackenergy.com&sz=64,,2026-09-12
DLR,Digital Realty,https://www.digitalrealty.com,"Wikidata P856 (CC0), verknuepft ueber CIK P5531",digitalrealty.com,logos/DLR.png,https://www.google.com/s2/favicons?domain=digitalrealty.com&sz=64,"Google-Favicon-Dienst, Marke der jeweiligen Firma",2026-09-12
DG,Dollar General,https://www.dollargeneral.com/,"Wikidata P856 (CC0), verknuepft ueber CIK P5531",dollargeneral.com,logos/DG.png,https://www.google.com/s2/favicons?domain=dollargeneral.com&sz=64,"Google-Favicon-Dienst, Marke der jeweiligen Firma",2026-09-12
DLTR,Dollar Tree,https://www.dollartree.com/,"Wikidata P856 (CC0), verknuepft ueber CIK P5531",dollartree.com,logos/DLTR.png,https://www.google.com/s2/favicons?domain=dollartree.com&sz=64,"Google-Favicon-Dienst, Marke der jeweiligen Firma",2026-09-12
D,Dominion Energy,https://www.dominionenergy.com/,"Wikidata P856 (CC0), verknuepft ueber CIK P5531",dominionenergy.com,logos/D.png,https://www.google.com/s2/favicons?domain=dominionenergy.com&sz=64,"Google-Favicon-Dienst, Marke der jeweiligen Firma",2026-09-12
DPZ,Domino's,https://www.dominos.com/,"Wikidata P856 (CC0), verknuepft ueber CIK P5531",dominos.com,logos/DPZ.png,https://www.google.com/s2/favicons?domain=dominos.com&sz=64,"Google-Favicon-Dienst, Marke der jeweiligen Firma",2026-09-12
DASH,DoorDash,https://www.doordash.com/,"Wikidata P856 (CC0), verknuepft ueber CIK P5531",doordash.com,logos/DASH.png,https://www.google.com/s2/favicons?domain=doordash.com&sz=64,"Google-Favicon-Dienst, Marke der jeweiligen Firma",2026-09-12
DOV,Dover Corporation,http://www.dovercorporation.com/,"Wikidata P856 (CC0), verknuepft ueber CIK P5531",dovercorporation.com,logos/DOV.png,https://www.google.com/s2/favicons?domain=dovercorporation.com&sz=64,"Google-Favicon-Dienst, Marke der jeweiligen Firma",2026-09-12
DOW,Dow Inc.,https://www.dow.com,"Wikidata P856 (CC0), verknuepft ueber CIK P5531",dow.com,,https://www.google.com/s2/favicons?domain=dow.com&sz=64,,2026-09-12
DHI,D. R. Horton,http://www.drhorton.com,"Wikidata P856 (CC0), verknuepft ueber CIK P5531",drhorton.com,logos/DHI.png,https://www.google.com/s2/favicons?domain=drhorton.com&sz=64,"Google-Favicon-Dienst, Marke der jeweiligen Firma",2026-09-12
DTE,DTE Energy,http://www.dteenergy.com,"Wikidata P856 (CC0), verknuepft ueber CIK P5531",dteenergy.com,logos/DTE.png,https://www.google.com/s2/favicons?domain=dteenergy.com&sz=64,"Google-Favicon-Dienst, Marke der jeweiligen Firma",2026-09-12
DUK,Duke Energy,https://www.duke-energy.com/,"Wikidata P856 (CC0), verknuepft ueber CIK P5531",duke-energy.com,logos/DUK.png,https://www.google.com/s2/favicons?domain=duke-energy.com&sz=64,"Google-Favicon-Dienst, Marke der jeweiligen Firma",2026-09-12
DD,DuPont,https://www.dupont.com/,"Wikidata P856 (CC0), verknuepft ueber CIK P5531",dupont.com,logos/DD.png,https://www.google.com/s2/favicons?domain=dupont.com&sz=64,"Google-Favicon-Dienst, Marke der jeweiligen Firma",2026-09-12
ETN,Eaton Corporation,https://www.eaton.com/us/en-us.html,"Wikidata P856 (CC0), verknuepft ueber CIK P5531",eaton.com,logos/ETN.png,https://www.google.com/s2/favicons?domain=eaton.com&sz=64,"Google-Favicon-Dienst, Marke der jeweiligen Firma",2026-09-12
EBAY,eBay Inc.,https://www.ebay.com,"Wikidata P856 (CC0), verknuepft ueber CIK P5531",ebay.com,logos/EBAY.png,https://www.google.com/s2/favicons?domain=ebay.com&sz=64,"Google-Favicon-Dienst, Marke der jeweiligen Firma",2026-09-12
ECHO,EchoStar,,,,,,,2026-09-12
ECL,Ecolab,http://ecolab.com,"Wikidata P856 (CC0), verknuepft ueber CIK P5531",ecolab.com,logos/ECL.png,https://www.google.com/s2/favicons?domain=ecolab.com&sz=64,"Google-Favicon-Dienst, Marke der jeweiligen Firma",2026-09-12
EIX,Edison International,http://www.edison.com,"Wikidata P856 (CC0), verknuepft ueber CIK P5531",edison.com,logos/EIX.png,https://www.google.com/s2/favicons?domain=edison.com&sz=64,"Google-Favicon-Dienst, Marke der jeweiligen Firma",2026-09-12
EW,Edwards Lifesciences,http://www.EdwardsLifesciences.com/,"Wikidata P856 (CC0), verknuepft ueber CIK P5531",edwardslifesciences.com,logos/EW.png,https://www.google.com/s2/favicons?domain=edwardslifesciences.com&sz=64,"Google-Favicon-Dienst, Marke der jeweiligen Firma",2026-09-12
ELV,Elevance Health,https://www.elevancehealth.com,"Wikidata P856 (CC0), verknuepft ueber CIK P5531",elevancehealth.com,logos/ELV.png,https://www.google.com/s2/favicons?domain=elevancehealth.com&sz=64,"Google-Favicon-Dienst, Marke der jeweiligen Firma",2026-09-12
EME,Emcor,,,,,,,2026-09-12
EMR,Emerson Electric,http://www.emerson.com,"Wikidata P856 (CC0), verknuepft ueber CIK P5531",emerson.com,logos/EMR.png,https://www.google.com/s2/favicons?domain=emerson.com&sz=64,"Google-Favicon-Dienst, Marke der jeweiligen Firma",2026-09-12
ETR,Entergy,https://www.entergy.com/,"Wikidata P856 (CC0), verknuepft ueber CIK P5531",entergy.com,logos/ETR.png,https://www.google.com/s2/favicons?domain=entergy.com&sz=64,"Google-Favicon-Dienst, Marke der jeweiligen Firma",2026-09-12
EOG,EOG Resources,https://www.eogresources.com/,"Wikidata P856 (CC0), verknuepft ueber CIK P5531",eogresources.com,logos/EOG.png,https://www.google.com/s2/favicons?domain=eogresources.com&sz=64,"Google-Favicon-Dienst, Marke der jeweiligen Firma",2026-09-12
EQT,EQT Corporation,,,,,,,2026-09-12
EFX,Equifax,https://www.equifax.com,"Wikidata P856 (CC0), verknuepft ueber CIK P5531",equifax.com,logos/EFX.png,https://www.google.com/s2/favicons?domain=equifax.com&sz=64,"Google-Favicon-Dienst, Marke der jeweiligen Firma",2026-09-12
EQIX,Equinix,https://www.equinix.com,"Wikidata P856 (CC0), verknuepft ueber CIK P5531",equinix.com,logos/EQIX.png,https://www.google.com/s2/favicons?domain=equinix.com&sz=64,"Google-Favicon-Dienst, Marke der jeweiligen Firma",2026-09-12
ERIE,Erie Indemnity,,,,,,,2026-09-12
ESS,Essex Property Trust,https://www.essexapartmenthomes.com/,"Wikidata P856 (CC0), verknuepft ueber CIK P5531",essexapartmenthomes.com,logos/ESS.png,https://www.google.com/s2/favicons?domain=essexapartmenthomes.com&sz=64,"Google-Favicon-Dienst, Marke der jeweiligen Firma",2026-09-12
EL,Estée Lauder Companies (The),http://www.elcompanies.com/,"Wikidata P856 (CC0), verknuepft ueber CIK P5531",elcompanies.com,logos/EL.png,https://www.google.com/s2/favicons?domain=elcompanies.com&sz=64,"Google-Favicon-Dienst, Marke der jeweiligen Firma",2026-09-12
EG,Everest Group,https://www.everestre.com/,"Wikidata P856 (CC0), verknuepft ueber CIK P5531",everestre.com,logos/EG.png,https://www.google.com/s2/favicons?domain=everestre.com&sz=64,"Google-Favicon-Dienst, Marke der jeweiligen Firma",2026-09-12
EVRG,Evergy,https://www.evergy.com/,"Wikidata P856 (CC0), verknuepft ueber CIK P5531",evergy.com,logos/EVRG.png,https://www.google.com/s2/favicons?domain=evergy.com&sz=64,"Google-Favicon-Dienst, Marke der jeweiligen Firma",2026-09-12
ES,Eversource Energy,https://www.eversource.com/,"Wikidata P856 (CC0), verknuepft ueber CIK P5531",eversource.com,logos/ES.png,https://www.google.com/s2/favicons?domain=eversource.com&sz=64,"Google-Favicon-Dienst, Marke der jeweiligen Firma",2026-09-12
EXC,Exelon,https://www.exeloncorp.com/,"Wikidata P856 (CC0), verknuepft ueber CIK P5531",exeloncorp.com,logos/EXC.png,https://www.google.com/s2/favicons?domain=exeloncorp.com&sz=64,"Google-Favicon-Dienst, Marke der jeweiligen Firma",2026-09-12
EXE,Expand Energy,http://www.chk.com/,"Wikidata P856 (CC0), verknuepft ueber CIK P5531",chk.com,logos/EXE.png,https://www.google.com/s2/favicons?domain=chk.com&sz=64,"Google-Favicon-Dienst, Marke der jeweiligen Firma",2026-09-12
EXPE,Expedia Group,https://www.expediagroup.com/,"Wikidata P856 (CC0), verknuepft ueber CIK P5531",expediagroup.com,logos/EXPE.png,https://www.google.com/s2/favicons?domain=expediagroup.com&sz=64,"Google-Favicon-Dienst, Marke der jeweiligen Firma",2026-09-12
EXPD,Expeditors International,http://www.expeditors.com/,"Wikidata P856 (CC0), verknuepft ueber CIK P5531",expeditors.com,logos/EXPD.png,https://www.google.com/s2/favicons?domain=expeditors.com&sz=64,"Google-Favicon-Dienst, Marke der jeweiligen Firma",2026-09-12
EXR,Extra Space Storage,https://www.extraspace.com,"Wikidata P856 (CC0), verknuepft ueber CIK P5531",extraspace.com,logos/EXR.png,https://www.google.com/s2/favicons?domain=extraspace.com&sz=64,"Google-Favicon-Dienst, Marke der jeweiligen Firma",2026-09-12
XOM,ExxonMobil,,,,,,,2026-09-12
FFIV,"F5, Inc.",https://www.f5.com/,"Wikidata P856 (CC0), verknuepft ueber CIK P5531",f5.com,logos/FFIV.png,https://www.google.com/s2/favicons?domain=f5.com&sz=64,"Google-Favicon-Dienst, Marke der jeweiligen Firma",2026-09-12
FDS,FactSet,http://www.factset.com/,"Wikidata P856 (CC0), verknuepft ueber CIK P5531",factset.com,logos/FDS.png,https://www.google.com/s2/favicons?domain=factset.com&sz=64,"Google-Favicon-Dienst, Marke der jeweiligen Firma",2026-09-12
FICO,Fair Isaac,,,,,,,2026-09-12
FAST,Fastenal,https://www.fastenal.com/,"Wikidata P856 (CC0), verknuepft ueber CIK P5531",fastenal.com,,https://www.google.com/s2/favicons?domain=fastenal.com&sz=64,,2026-09-12
FRT,Federal Realty Investment Trust,http://www.federalrealty.com,"Wikidata P856 (CC0), verknuepft ueber CIK P5531",federalrealty.com,logos/FRT.png,https://www.google.com/s2/favicons?domain=federalrealty.com&sz=64,"Google-Favicon-Dienst, Marke der jeweiligen Firma",2026-09-12
FDX,FedEx,https://www.fedex.com/,"Wikidata P856 (CC0), verknuepft ueber CIK P5531",fedex.com,logos/FDX.png,https://www.google.com/s2/favicons?domain=fedex.com&sz=64,"Google-Favicon-Dienst, Marke der jeweiligen Firma",2026-09-12
FDXF,FedEx Freight,,,,,,,2026-09-12
FERG,Ferguson Enterprises,,,,,,,2026-09-12
FIS,Fidelity National Information Services,https://www.fisglobal.com/,"Wikidata P856 (CC0), verknuepft ueber CIK P5531",fisglobal.com,logos/FIS.png,https://www.google.com/s2/favicons?domain=fisglobal.com&sz=64,"Google-Favicon-Dienst, Marke der jeweiligen Firma",2026-09-12
FITB,Fifth Third Bancorp,https://ir.53.com/,"Wikidata P856 (CC0), verknuepft ueber CIK P5531",ir.53.com,logos/FITB.png,https://www.google.com/s2/favicons?domain=ir.53.com&sz=64,"Google-Favicon-Dienst, Marke der jeweiligen Firma",2026-09-12
FSLR,First Solar,https://www.firstsolar.com/,"Wikidata P856 (CC0), verknuepft ueber CIK P5531",firstsolar.com,logos/FSLR.png,https://www.google.com/s2/favicons?domain=firstsolar.com&sz=64,"Google-Favicon-Dienst, Marke der jeweiligen Firma",2026-09-12
FE,FirstEnergy,https://www.firstenergycorp.com,"Wikidata P856 (CC0), verknuepft ueber CIK P5531",firstenergycorp.com,logos/FE.png,https://www.google.com/s2/favicons?domain=firstenergycorp.com&sz=64,"Google-Favicon-Dienst, Marke der jeweiligen Firma",2026-09-12
FISV,Fiserv,https://www.fiserv.com,"Wikidata P856 (CC0), verknuepft ueber CIK P5531",fiserv.com,logos/FISV.png,https://www.google.com/s2/favicons?domain=fiserv.com&sz=64,"Google-Favicon-Dienst, Marke der jeweiligen Firma",2026-09-12
FLEX,Flex Ltd.,https://www.flex.com,"Wikidata P856 (CC0), verknuepft ueber CIK P5531",flex.com,logos/FLEX.png,https://www.google.com/s2/favicons?domain=flex.com&sz=64,"Google-Favicon-Dienst, Marke der jeweiligen Firma",2026-09-12
F,Ford Motor Company,https://www.ford.com,"Wikidata P856 (CC0), verknuepft ueber CIK P5531",ford.com,logos/F.png,https://www.google.com/s2/favicons?domain=ford.com&sz=64,"Google-Favicon-Dienst, Marke der jeweiligen Firma",2026-09-12
FTNT,Fortinet,http://www.fortinet.com/,"Wikidata P856 (CC0), verknuepft ueber CIK P5531",fortinet.com,logos/FTNT.png,https://www.google.com/s2/favicons?domain=fortinet.com&sz=64,"Google-Favicon-Dienst, Marke der jeweiligen Firma",2026-09-12
FTV,Fortive,http://www.fortive.com,"Wikidata P856 (CC0), verknuepft ueber CIK P5531",fortive.com,logos/FTV.png,https://www.google.com/s2/favicons?domain=fortive.com&sz=64,"Google-Favicon-Dienst, Marke der jeweiligen Firma",2026-09-12
FOXA,Fox Corporation (Class A),https://foxcorporation.com/,"Wikidata P856 (CC0), verknuepft ueber CIK P5531",foxcorporation.com,logos/FOXA.png,https://www.google.com/s2/favicons?domain=foxcorporation.com&sz=64,"Google-Favicon-Dienst, Marke der jeweiligen Firma",2026-09-12
FOX,Fox Corporation (Class B),https://foxcorporation.com/,"Wikidata P856 (CC0), verknuepft ueber CIK P5531",foxcorporation.com,logos/FOX.png,https://www.google.com/s2/favicons?domain=foxcorporation.com&sz=64,"Google-Favicon-Dienst, Marke der jeweiligen Firma",2026-09-12
BEN,Franklin Resources,http://www.franklintempleton.com/,"Wikidata P856 (CC0), verknuepft ueber CIK P5531",franklintempleton.com,,https://www.google.com/s2/favicons?domain=franklintempleton.com&sz=64,,2026-09-12
FCX,Freeport-McMoRan,http://www.fcx.com,"Wikidata P856 (CC0), verknuepft ueber CIK P5531",fcx.com,logos/FCX.png,https://www.google.com/s2/favicons?domain=fcx.com&sz=64,"Google-Favicon-Dienst, Marke der jeweiligen Firma",2026-09-12
GRMN,Garmin,http://www.garmin.com/de-CH,"Wikidata P856 (CC0), verknuepft ueber CIK P5531",garmin.com,logos/GRMN.png,https://www.google.com/s2/favicons?domain=garmin.com&sz=64,"Google-Favicon-Dienst, Marke der jeweiligen Firma",2026-09-12
IT,Gartner,https://www.gartner.com/,"Wikidata P856 (CC0), verknuepft ueber CIK P5531",gartner.com,logos/IT.png,https://www.google.com/s2/favicons?domain=gartner.com&sz=64,"Google-Favicon-Dienst, Marke der jeweiligen Firma",2026-09-12
GE,GE Aerospace,https://www.geaerospace.com/,"Wikidata P856 (CC0), verknuepft ueber CIK P5531",geaerospace.com,logos/GE.png,https://www.google.com/s2/favicons?domain=geaerospace.com&sz=64,"Google-Favicon-Dienst, Marke der jeweiligen Firma",2026-09-12
GEHC,GE HealthCare,,,,,,,2026-09-12
GEV,GE Vernova,,,,,,,2026-09-12
GEN,Gen Digital,https://www.gendigital.com/,"Wikidata P856 (CC0), verknuepft ueber CIK P5531",gendigital.com,logos/GEN.png,https://www.google.com/s2/favicons?domain=gendigital.com&sz=64,"Google-Favicon-Dienst, Marke der jeweiligen Firma",2026-09-12
GNRC,Generac,http://www.generac.com/,"Wikidata P856 (CC0), verknuepft ueber CIK P5531",generac.com,logos/GNRC.png,https://www.google.com/s2/favicons?domain=generac.com&sz=64,"Google-Favicon-Dienst, Marke der jeweiligen Firma",2026-09-12
GD,General Dynamics,https://www.gd.com/,"Wikidata P856 (CC0), verknuepft ueber CIK P5531",gd.com,logos/GD.png,https://www.google.com/s2/favicons?domain=gd.com&sz=64,"Google-Favicon-Dienst, Marke der jeweiligen Firma",2026-09-12
GIS,General Mills,http://www.generalmills.com,"Wikidata P856 (CC0), verknuepft ueber CIK P5531",generalmills.com,logos/GIS.png,https://www.google.com/s2/favicons?domain=generalmills.com&sz=64,"Google-Favicon-Dienst, Marke der jeweiligen Firma",2026-09-12
GM,General Motors,https://www.gm.com/,"Wikidata P856 (CC0), verknuepft ueber CIK P5531",gm.com,logos/GM.png,https://www.google.com/s2/favicons?domain=gm.com&sz=64,"Google-Favicon-Dienst, Marke der jeweiligen Firma",2026-09-12
GPC,Genuine Parts Company,http://www.genpt.com,"Wikidata P856 (CC0), verknuepft ueber CIK P5531",genpt.com,logos/GPC.png,https://www.google.com/s2/favicons?domain=genpt.com&sz=64,"Google-Favicon-Dienst, Marke der jeweiligen Firma",2026-09-12
GILD,Gilead Sciences,https://www.gilead.com/,"Wikidata P856 (CC0), verknuepft ueber CIK P5531",gilead.com,logos/GILD.png,https://www.google.com/s2/favicons?domain=gilead.com&sz=64,"Google-Favicon-Dienst, Marke der jeweiligen Firma",2026-09-12
GPN,Global Payments,https://www.globalpaymentsinc.com,"Wikidata P856 (CC0), verknuepft ueber CIK P5531",globalpaymentsinc.com,logos/GPN.png,https://www.google.com/s2/favicons?domain=globalpaymentsinc.com&sz=64,"Google-Favicon-Dienst, Marke der jeweiligen Firma",2026-09-12
GL,Globe Life,http://www.torchmarkcorp.com,"Wikidata P856 (CC0), verknuepft ueber CIK P5531",torchmarkcorp.com,logos/GL.png,https://www.google.com/s2/favicons?domain=torchmarkcorp.com&sz=64,"Google-Favicon-Dienst, Marke der jeweiligen Firma",2026-09-12
GDDY,GoDaddy,,,,,,,2026-09-12
GS,Goldman Sachs,https://www.goldmansachs.com/,"Wikidata P856 (CC0), verknuepft ueber CIK P5531",goldmansachs.com,logos/GS.png,https://www.google.com/s2/favicons?domain=goldmansachs.com&sz=64,"Google-Favicon-Dienst, Marke der jeweiligen Firma",2026-09-12
HAL,Halliburton,http://www.halliburton.com/,"Wikidata P856 (CC0), verknuepft ueber CIK P5531",halliburton.com,logos/HAL.png,https://www.google.com/s2/favicons?domain=halliburton.com&sz=64,"Google-Favicon-Dienst, Marke der jeweiligen Firma",2026-09-12
HIG,Hartford (The),https://www.thehartford.com/,"Wikidata P856 (CC0), verknuepft ueber CIK P5531",thehartford.com,logos/HIG.png,https://www.google.com/s2/favicons?domain=thehartford.com&sz=64,"Google-Favicon-Dienst, Marke der jeweiligen Firma",2026-09-12
HAS,Hasbro,https://corporate.hasbro.com/en-us,"Wikidata P856 (CC0), verknuepft ueber CIK P5531",corporate.hasbro.com,logos/HAS.png,https://www.google.com/s2/favicons?domain=corporate.hasbro.com&sz=64,"Google-Favicon-Dienst, Marke der jeweiligen Firma",2026-09-12
HCA,HCA Healthcare,https://hcahealthcare.com/,"Wikidata P856 (CC0), verknuepft ueber CIK P5531",hcahealthcare.com,logos/HCA.png,https://www.google.com/s2/favicons?domain=hcahealthcare.com&sz=64,"Google-Favicon-Dienst, Marke der jeweiligen Firma",2026-09-12
DOC,Healthpeak Properties,http://www.hcpi.com,"Wikidata P856 (CC0), verknuepft ueber CIK P5531",hcpi.com,logos/DOC.png,https://www.google.com/s2/favicons?domain=hcpi.com&sz=64,"Google-Favicon-Dienst, Marke der jeweiligen Firma",2026-09-12
HSIC,Henry Schein,https://www.henryschein.com/,"Wikidata P856 (CC0), verknuepft ueber CIK P5531",henryschein.com,logos/HSIC.png,https://www.google.com/s2/favicons?domain=henryschein.com&sz=64,"Google-Favicon-Dienst, Marke der jeweiligen Firma",2026-09-12
HSY,Hershey Company (The),https://www.thehersheycompany.com/en_us/home.html,"Wikidata P856 (CC0), verknuepft ueber CIK P5531",thehersheycompany.com,logos/HSY.png,https://www.google.com/s2/favicons?domain=thehersheycompany.com&sz=64,"Google-Favicon-Dienst, Marke der jeweiligen Firma",2026-09-12
HPE,Hewlett Packard Enterprise,https://www.hpe.com/,"Wikidata P856 (CC0), verknuepft ueber CIK P5531",hpe.com,logos/HPE.png,https://www.google.com/s2/favicons?domain=hpe.com&sz=64,"Google-Favicon-Dienst, Marke der jeweiligen Firma",2026-09-12
HLT,Hilton Worldwide,https://www.hilton.com,"Wikidata P856 (CC0), verknuepft ueber CIK P5531",hilton.com,logos/HLT.png,https://www.google.com/s2/favicons?domain=hilton.com&sz=64,"Google-Favicon-Dienst, Marke der jeweiligen Firma",2026-09-12
HD,Home Depot (The),https://www.homedepot.com/,"Wikidata P856 (CC0), verknuepft ueber CIK P5531",homedepot.com,logos/HD.png,https://www.google.com/s2/favicons?domain=homedepot.com&sz=64,"Google-Favicon-Dienst, Marke der jeweiligen Firma",2026-09-12
HONA,Honeywell Aerospace,,,,,,,2026-09-12
HON,Honeywell Technologies,https://www.honeywell.com/,"Wikidata P856 (CC0), verknuepft ueber CIK P5531",honeywell.com,logos/HON.png,https://www.google.com/s2/favicons?domain=honeywell.com&sz=64,"Google-Favicon-Dienst, Marke der jeweiligen Firma",2026-09-12
HRL,Hormel Foods,http://www.hormel.com/,"Wikidata P856 (CC0), verknuepft ueber CIK P5531",hormel.com,logos/HRL.png,https://www.google.com/s2/favicons?domain=hormel.com&sz=64,"Google-Favicon-Dienst, Marke der jeweiligen Firma",2026-09-12
HST,Host Hotels & Resorts,http://www.hosthotels.com,"Wikidata P856 (CC0), verknuepft ueber CIK P5531",hosthotels.com,logos/HST.png,https://www.google.com/s2/favicons?domain=hosthotels.com&sz=64,"Google-Favicon-Dienst, Marke der jeweiligen Firma",2026-09-12
HWM,Howmet Aerospace,http://www.howmet.com,"Wikidata P856 (CC0), verknuepft ueber CIK P5531",howmet.com,logos/HWM.png,https://www.google.com/s2/favicons?domain=howmet.com&sz=64,"Google-Favicon-Dienst, Marke der jeweiligen Firma",2026-09-12
HPQ,HP Inc.,https://www.hp.com/,"Wikidata P856 (CC0), verknuepft ueber CIK P5531",hp.com,logos/HPQ.png,https://www.google.com/s2/favicons?domain=hp.com&sz=64,"Google-Favicon-Dienst, Marke der jeweiligen Firma",2026-09-12
HUBB,Hubbell Incorporated,http://www.hubbell.com/,"Wikidata P856 (CC0), verknuepft ueber CIK P5531",hubbell.com,logos/HUBB.png,https://www.google.com/s2/favicons?domain=hubbell.com&sz=64,"Google-Favicon-Dienst, Marke der jeweiligen Firma",2026-09-12
HUM,Humana,https://www.humana.com/,"Wikidata P856 (CC0), verknuepft ueber CIK P5531",humana.com,logos/HUM.png,https://www.google.com/s2/favicons?domain=humana.com&sz=64,"Google-Favicon-Dienst, Marke der jeweiligen Firma",2026-09-12
HBAN,Huntington Bancshares,https://www.huntington.com/,"Wikidata P856 (CC0), verknuepft ueber CIK P5531",huntington.com,logos/HBAN.png,https://www.google.com/s2/favicons?domain=huntington.com&sz=64,"Google-Favicon-Dienst, Marke der jeweiligen Firma",2026-09-12
HII,Huntington Ingalls Industries,https://hii.com,"Wikidata P856 (CC0), verknuepft ueber CIK P5531",hii.com,logos/HII.png,https://www.google.com/s2/favicons?domain=hii.com&sz=64,"Google-Favicon-Dienst, Marke der jeweiligen Firma",2026-09-12
IBM,IBM,https://www.ibm.com/,"Wikidata P856 (CC0), verknuepft ueber CIK P5531",ibm.com,logos/IBM.png,https://www.google.com/s2/favicons?domain=ibm.com&sz=64,"Google-Favicon-Dienst, Marke der jeweiligen Firma",2026-09-12
IEX,IDEX Corporation,https://www.idexcorp.com/,"Wikidata P856 (CC0), verknuepft ueber CIK P5531",idexcorp.com,logos/IEX.png,https://www.google.com/s2/favicons?domain=idexcorp.com&sz=64,"Google-Favicon-Dienst, Marke der jeweiligen Firma",2026-09-12
IDXX,Idexx Laboratories,http://www.idexx.com,"Wikidata P856 (CC0), verknuepft ueber CIK P5531",idexx.com,logos/IDXX.png,https://www.google.com/s2/favicons?domain=idexx.com&sz=64,"Google-Favicon-Dienst, Marke der jeweiligen Firma",2026-09-12
ITW,Illinois Tool Works,https://www.itw.com/,"Wikidata P856 (CC0), verknuepft ueber CIK P5531",itw.com,logos/ITW.png,https://www.google.com/s2/favicons?domain=itw.com&sz=64,"Google-Favicon-Dienst, Marke der jeweiligen Firma",2026-09-12
INCY,Incyte,http://www.incyte.com,"Wikidata P856 (CC0), verknuepft ueber CIK P5531",incyte.com,logos/INCY.png,https://www.google.com/s2/favicons?domain=incyte.com&sz=64,"Google-Favicon-Dienst, Marke der jeweiligen Firma",2026-09-12
IR,Ingersoll Rand,,,,,,,2026-09-12
PODD,Insulet Corporation,,,,,,,2026-09-12
INTC,Intel,https://www.intel.com,"Wikidata P856 (CC0), verknuepft ueber CIK P5531",intel.com,logos/INTC.png,https://www.google.com/s2/favicons?domain=intel.com&sz=64,"Google-Favicon-Dienst, Marke der jeweiligen Firma",2026-09-12
IBKR,Interactive Brokers,,,,,,,2026-09-12
ICE,Intercontinental Exchange,https://www.theice.com,"Wikidata P856 (CC0), verknuepft ueber CIK P5531",theice.com,logos/ICE.png,https://www.google.com/s2/favicons?domain=theice.com&sz=64,"Google-Favicon-Dienst, Marke der jeweiligen Firma",2026-09-12
IFF,International Flavors & Fragrances,http://www.iff.com,"Wikidata P856 (CC0), verknuepft ueber CIK P5531",iff.com,logos/IFF.png,https://www.google.com/s2/favicons?domain=iff.com&sz=64,"Google-Favicon-Dienst, Marke der jeweiligen Firma",2026-09-12
IP,International Paper,https://www.internationalpaper.com/,"Wikidata P856 (CC0), verknuepft ueber CIK P5531",internationalpaper.com,logos/IP.png,https://www.google.com/s2/favicons?domain=internationalpaper.com&sz=64,"Google-Favicon-Dienst, Marke der jeweiligen Firma",2026-09-12
INTU,Intuit,https://www.intuit.com/,"Wikidata P856 (CC0), verknuepft ueber CIK P5531",intuit.com,logos/INTU.png,https://www.google.com/s2/favicons?domain=intuit.com&sz=64,"Google-Favicon-Dienst, Marke der jeweiligen Firma",2026-09-12
ISRG,Intuitive Surgical,https://www.intuitive.com,"Wikidata P856 (CC0), verknuepft ueber CIK P5531",intuitive.com,logos/ISRG.png,https://www.google.com/s2/favicons?domain=intuitive.com&sz=64,"Google-Favicon-Dienst, Marke der jeweiligen Firma",2026-09-12
IVZ,Invesco,http://www.invesco.com,"Wikidata P856 (CC0), verknuepft ueber CIK P5531",invesco.com,logos/IVZ.png,https://www.google.com/s2/favicons?domain=invesco.com&sz=64,"Google-Favicon-Dienst, Marke der jeweiligen Firma",2026-09-12
INVH,Invitation Homes,,,,,,,2026-09-12
IQV,IQVIA,https://www.iqvia.com/,"Wikidata P856 (CC0), verknuepft ueber CIK P5531",iqvia.com,,https://www.google.com/s2/favicons?domain=iqvia.com&sz=64,,2026-09-12
IRM,Iron Mountain,http://www.ironmountain.com/,"Wikidata P856 (CC0), verknuepft ueber CIK P5531",ironmountain.com,logos/IRM.png,https://www.google.com/s2/favicons?domain=ironmountain.com&sz=64,"Google-Favicon-Dienst, Marke der jeweiligen Firma",2026-09-12
JBHT,J.B. Hunt,https://www.jbhunt.com/,"Wikidata P856 (CC0), verknuepft ueber CIK P5531",jbhunt.com,logos/JBHT.png,https://www.google.com/s2/favicons?domain=jbhunt.com&sz=64,"Google-Favicon-Dienst, Marke der jeweiligen Firma",2026-09-12
JBL,Jabil,http://www.jabil.com/,"Wikidata P856 (CC0), verknuepft ueber CIK P5531",jabil.com,logos/JBL.png,https://www.google.com/s2/favicons?domain=jabil.com&sz=64,"Google-Favicon-Dienst, Marke der jeweiligen Firma",2026-09-12
JKHY,Jack Henry & Associates,https://www.jackhenry.com/,"Wikidata P856 (CC0), verknuepft ueber CIK P5531",jackhenry.com,logos/JKHY.png,https://www.google.com/s2/favicons?domain=jackhenry.com&sz=64,"Google-Favicon-Dienst, Marke der jeweiligen Firma",2026-09-12
J,Jacobs Solutions,http://www.jacobs.com/,"Wikidata P856 (CC0), verknuepft ueber CIK P5531",jacobs.com,logos/J.png,https://www.google.com/s2/favicons?domain=jacobs.com&sz=64,"Google-Favicon-Dienst, Marke der jeweiligen Firma",2026-09-12
JNJ,Johnson & Johnson,http://www.jjmt.com.tw/,"Wikidata P856 (CC0), verknuepft ueber CIK P5531",jjmt.com.tw,,https://www.google.com/s2/favicons?domain=jjmt.com.tw&sz=64,,2026-09-12
JCI,Johnson Controls,https://www.johnsoncontrols.com/,"Wikidata P856 (CC0), verknuepft ueber CIK P5531",johnsoncontrols.com,logos/JCI.png,https://www.google.com/s2/favicons?domain=johnsoncontrols.com&sz=64,"Google-Favicon-Dienst, Marke der jeweiligen Firma",2026-09-12
JPM,JPMorgan Chase,https://www.jpmorganchase.com/,"Wikidata P856 (CC0), verknuepft ueber CIK P5531",jpmorganchase.com,logos/JPM.png,https://www.google.com/s2/favicons?domain=jpmorganchase.com&sz=64,"Google-Favicon-Dienst, Marke der jeweiligen Firma",2026-09-12
KVUE,Kenvue,,,,,,,2026-09-12
KDP,Keurig Dr Pepper,http://www.drpeppersnapplegroup.com/,"Wikidata P856 (CC0), verknuepft ueber CIK P5531",drpeppersnapplegroup.com,logos/KDP.png,https://www.google.com/s2/favicons?domain=drpeppersnapplegroup.com&sz=64,"Google-Favicon-Dienst, Marke der jeweiligen Firma",2026-09-12
KEY,KeyCorp,https://www.key.com/,"Wikidata P856 (CC0), verknuepft ueber CIK P5531",key.com,logos/KEY.png,https://www.google.com/s2/favicons?domain=key.com&sz=64,"Google-Favicon-Dienst, Marke der jeweiligen Firma",2026-09-12
KEYS,Keysight Technologies,http://www.keysight.com/,"Wikidata P856 (CC0), verknuepft ueber CIK P5531",keysight.com,logos/KEYS.png,https://www.google.com/s2/favicons?domain=keysight.com&sz=64,"Google-Favicon-Dienst, Marke der jeweiligen Firma",2026-09-12
KMB,Kimberly-Clark,http://www.kimberly-clark.com,"Wikidata P856 (CC0), verknuepft ueber CIK P5531",kimberly-clark.com,logos/KMB.png,https://www.google.com/s2/favicons?domain=kimberly-clark.com&sz=64,"Google-Favicon-Dienst, Marke der jeweiligen Firma",2026-09-12
KIM,Kimco Realty,https://www.kimcorealty.com/,"Wikidata P856 (CC0), verknuepft ueber CIK P5531",kimcorealty.com,logos/KIM.png,https://www.google.com/s2/favicons?domain=kimcorealty.com&sz=64,"Google-Favicon-Dienst, Marke der jeweiligen Firma",2026-09-12
KMI,Kinder Morgan,http://www.kindermorgan.com/,"Wikidata P856 (CC0), verknuepft ueber CIK P5531",kindermorgan.com,logos/KMI.png,https://www.google.com/s2/favicons?domain=kindermorgan.com&sz=64,"Google-Favicon-Dienst, Marke der jeweiligen Firma",2026-09-12
KKR,KKR & Co.,https://www.kkr.com/,"Wikidata P856 (CC0), verknuepft ueber CIK P5531",kkr.com,logos/KKR.png,https://www.google.com/s2/favicons?domain=kkr.com&sz=64,"Google-Favicon-Dienst, Marke der jeweiligen Firma",2026-09-12
KLAC,KLA Corporation,https://www.kla.com/,"Wikidata P856 (CC0), verknuepft ueber CIK P5531",kla.com,logos/KLAC.png,https://www.google.com/s2/favicons?domain=kla.com&sz=64,"Google-Favicon-Dienst, Marke der jeweiligen Firma",2026-09-12
KHC,Kraft Heinz,http://www.kraftheinzcompany.com,"Wikidata P856 (CC0), verknuepft ueber CIK P5531",kraftheinzcompany.com,,https://www.google.com/s2/favicons?domain=kraftheinzcompany.com&sz=64,,2026-09-12
KR,Kroger,https://www.kroger.com,"Wikidata P856 (CC0), verknuepft ueber CIK P5531",kroger.com,logos/KR.png,https://www.google.com/s2/favicons?domain=kroger.com&sz=64,"Google-Favicon-Dienst, Marke der jeweiligen Firma",2026-09-12
LHX,L3Harris,https://www.l3harris.com,"Wikidata P856 (CC0), verknuepft ueber CIK P5531",l3harris.com,logos/LHX.png,https://www.google.com/s2/favicons?domain=l3harris.com&sz=64,"Google-Favicon-Dienst, Marke der jeweiligen Firma",2026-09-12
LH,Labcorp,https://www.labcorp.com/,"Wikidata P856 (CC0), verknuepft ueber CIK P5531",labcorp.com,logos/LH.png,https://www.google.com/s2/favicons?domain=labcorp.com&sz=64,"Google-Favicon-Dienst, Marke der jeweiligen Firma",2026-09-12
LRCX,Lam Research,https://www.lamresearch.com/,"Wikidata P856 (CC0), verknuepft ueber CIK P5531",lamresearch.com,logos/LRCX.png,https://www.google.com/s2/favicons?domain=lamresearch.com&sz=64,"Google-Favicon-Dienst, Marke der jeweiligen Firma",2026-09-12
LVS,Las Vegas Sands,http://www.lasvegassands.com/,"Wikidata P856 (CC0), verknuepft ueber CIK P5531",lasvegassands.com,logos/LVS.png,https://www.google.com/s2/favicons?domain=lasvegassands.com&sz=64,"Google-Favicon-Dienst, Marke der jeweiligen Firma",2026-09-12
LDOS,Leidos,http://www.leidos.com,"Wikidata P856 (CC0), verknuepft ueber CIK P5531",leidos.com,logos/LDOS.png,https://www.google.com/s2/favicons?domain=leidos.com&sz=64,"Google-Favicon-Dienst, Marke der jeweiligen Firma",2026-09-12
LEN,Lennar,http://www.lennar.com/,"Wikidata P856 (CC0), verknuepft ueber CIK P5531",lennar.com,logos/LEN.png,https://www.google.com/s2/favicons?domain=lennar.com&sz=64,"Google-Favicon-Dienst, Marke der jeweiligen Firma",2026-09-12
LII,Lennox International,https://www.lennox.com/,"Wikidata P856 (CC0), verknuepft ueber CIK P5531",lennox.com,,https://www.google.com/s2/favicons?domain=lennox.com&sz=64,,2026-09-12
LLY,Lilly (Eli),https://www.lilly.com/,"Wikidata P856 (CC0), verknuepft ueber CIK P5531",lilly.com,logos/LLY.png,https://www.google.com/s2/favicons?domain=lilly.com&sz=64,"Google-Favicon-Dienst, Marke der jeweiligen Firma",2026-09-12
LIN,Linde plc,http://www.linde.com/,"Wikidata P856 (CC0), verknuepft ueber CIK P5531",linde.com,logos/LIN.png,https://www.google.com/s2/favicons?domain=linde.com&sz=64,"Google-Favicon-Dienst, Marke der jeweiligen Firma",2026-09-12
LYV,Live Nation Entertainment,https://www.livenationentertainment.com/,"Wikidata P856 (CC0), verknuepft ueber CIK P5531",livenationentertainment.com,logos/LYV.png,https://www.google.com/s2/favicons?domain=livenationentertainment.com&sz=64,"Google-Favicon-Dienst, Marke der jeweiligen Firma",2026-09-12
LMT,Lockheed Martin,https://lockheedmartin.com,"Wikidata P856 (CC0), verknuepft ueber CIK P5531",lockheedmartin.com,logos/LMT.png,https://www.google.com/s2/favicons?domain=lockheedmartin.com&sz=64,"Google-Favicon-Dienst, Marke der jeweiligen Firma",2026-09-12
L,Loews Corporation,http://www.loews.com,"Wikidata P856 (CC0), verknuepft ueber CIK P5531",loews.com,logos/L.png,https://www.google.com/s2/favicons?domain=loews.com&sz=64,"Google-Favicon-Dienst, Marke der jeweiligen Firma",2026-09-12
LOW,Lowe's,http://lowes.com,"Wikidata P856 (CC0), verknuepft ueber CIK P5531",lowes.com,logos/LOW.png,https://www.google.com/s2/favicons?domain=lowes.com&sz=64,"Google-Favicon-Dienst, Marke der jeweiligen Firma",2026-09-12
LULU,Lululemon Athletica,,,,,,,2026-09-12
LITE,Lumentum,,,,,,,2026-09-12
LYB,LyondellBasell,https://www.lyondellbasell.com/,"Wikidata P856 (CC0), verknuepft ueber CIK P5531",lyondellbasell.com,logos/LYB.png,https://www.google.com/s2/favicons?domain=lyondellbasell.com&sz=64,"Google-Favicon-Dienst, Marke der jeweiligen Firma",2026-09-12
MTB,M&T Bank,https://www3.mtb.com/,"Wikidata P856 (CC0), verknuepft ueber CIK P5531",www3.mtb.com,logos/MTB.png,https://www.google.com/s2/favicons?domain=www3.mtb.com&sz=64,"Google-Favicon-Dienst, Marke der jeweiligen Firma",2026-09-12
MPC,Marathon Petroleum,https://www.marathonpetroleum.com/,"Wikidata P856 (CC0), verknuepft ueber CIK P5531",marathonpetroleum.com,logos/MPC.png,https://www.google.com/s2/favicons?domain=marathonpetroleum.com&sz=64,"Google-Favicon-Dienst, Marke der jeweiligen Firma",2026-09-12
MAR,Marriott International,https://www.marriott.com.cn/,"Wikidata P856 (CC0), verknuepft ueber CIK P5531",marriott.com.cn,logos/MAR.png,https://www.google.com/s2/favicons?domain=marriott.com.cn&sz=64,"Google-Favicon-Dienst, Marke der jeweiligen Firma",2026-09-12
MRSH,Marsh McLennan,http://www.mmc.com/,"Wikidata P856 (CC0), verknuepft ueber CIK P5531",mmc.com,logos/MRSH.png,https://www.google.com/s2/favicons?domain=mmc.com&sz=64,"Google-Favicon-Dienst, Marke der jeweiligen Firma",2026-09-12
MLM,Martin Marietta Materials,https://www.martinmarietta.com/,"Wikidata P856 (CC0), verknuepft ueber CIK P5531",martinmarietta.com,logos/MLM.png,https://www.google.com/s2/favicons?domain=martinmarietta.com&sz=64,"Google-Favicon-Dienst, Marke der jeweiligen Firma",2026-09-12
MRVL,Marvell Technology,,,,,,,2026-09-12
MAS,Masco,http://www.masco.com/,"Wikidata P856 (CC0), verknuepft ueber CIK P5531",masco.com,logos/MAS.png,https://www.google.com/s2/favicons?domain=masco.com&sz=64,"Google-Favicon-Dienst, Marke der jeweiligen Firma",2026-09-12
MA,Mastercard,https://www.mastercard.com/,"Wikidata P856 (CC0), verknuepft ueber CIK P5531",mastercard.com,logos/MA.png,https://www.google.com/s2/favicons?domain=mastercard.com&sz=64,"Google-Favicon-Dienst, Marke der jeweiligen Firma",2026-09-12
MKC,McCormick & Company,http://www.mccormickcorporation.com,"Wikidata P856 (CC0), verknuepft ueber CIK P5531",mccormickcorporation.com,logos/MKC.png,https://www.google.com/s2/favicons?domain=mccormickcorporation.com&sz=64,"Google-Favicon-Dienst, Marke der jeweiligen Firma",2026-09-12
MCD,McDonald's,https://www.mcdonalds.com,"Wikidata P856 (CC0), verknuepft ueber CIK P5531",mcdonalds.com,logos/MCD.png,https://www.google.com/s2/favicons?domain=mcdonalds.com&sz=64,"Google-Favicon-Dienst, Marke der jeweiligen Firma",2026-09-12
MCK,McKesson Corporation,https://www.mckesson.com/,"Wikidata P856 (CC0), verknuepft ueber CIK P5531",mckesson.com,logos/MCK.png,https://www.google.com/s2/favicons?domain=mckesson.com&sz=64,"Google-Favicon-Dienst, Marke der jeweiligen Firma",2026-09-12
MDT,Medtronic,https://www.medtronic.com/,"Wikidata P856 (CC0), verknuepft ueber CIK P5531",medtronic.com,logos/MDT.png,https://www.google.com/s2/favicons?domain=medtronic.com&sz=64,"Google-Favicon-Dienst, Marke der jeweiligen Firma",2026-09-12
MRK,Merck & Co.,https://www.merck.com,"Wikidata P856 (CC0), verknuepft ueber CIK P5531",merck.com,logos/MRK.png,https://www.google.com/s2/favicons?domain=merck.com&sz=64,"Google-Favicon-Dienst, Marke der jeweiligen Firma",2026-09-12
META,Meta Platforms,https://www.meta.com/,"Wikidata P856 (CC0), verknuepft ueber CIK P5531",meta.com,logos/META.png,https://www.google.com/s2/favicons?domain=meta.com&sz=64,"Google-Favicon-Dienst, Marke der jeweiligen Firma",2026-09-12
MET,MetLife,https://www.metlife.com,"Wikidata P856 (CC0), verknuepft ueber CIK P5531",metlife.com,logos/MET.png,https://www.google.com/s2/favicons?domain=metlife.com&sz=64,"Google-Favicon-Dienst, Marke der jeweiligen Firma",2026-09-12
MTD,Mettler Toledo,http://www.mt.com,"Wikidata P856 (CC0), verknuepft ueber CIK P5531",mt.com,logos/MTD.png,https://www.google.com/s2/favicons?domain=mt.com&sz=64,"Google-Favicon-Dienst, Marke der jeweiligen Firma",2026-09-12
MGM,MGM Resorts,http://www.mgmresorts.com/,"Wikidata P856 (CC0), verknuepft ueber CIK P5531",mgmresorts.com,logos/MGM.png,https://www.google.com/s2/favicons?domain=mgmresorts.com&sz=64,"Google-Favicon-Dienst, Marke der jeweiligen Firma",2026-09-12
MCHP,Microchip Technology,https://www.microchip.com/,"Wikidata P856 (CC0), verknuepft ueber CIK P5531",microchip.com,logos/MCHP.png,https://www.google.com/s2/favicons?domain=microchip.com&sz=64,"Google-Favicon-Dienst, Marke der jeweiligen Firma",2026-09-12
MU,Micron Technology,https://www.micron.com/,"Wikidata P856 (CC0), verknuepft ueber CIK P5531",micron.com,logos/MU.png,https://www.google.com/s2/favicons?domain=micron.com&sz=64,"Google-Favicon-Dienst, Marke der jeweiligen Firma",2026-09-12
MSFT,Microsoft,https://www.microsoft.com/,"Wikidata P856 (CC0), verknuepft ueber CIK P5531",microsoft.com,logos/MSFT.png,https://www.google.com/s2/favicons?domain=microsoft.com&sz=64,"Google-Favicon-Dienst, Marke der jeweiligen Firma",2026-09-12
MAA,Mid-America Apartment Communities,http://www.maac.com/,"Wikidata P856 (CC0), verknuepft ueber CIK P5531",maac.com,logos/MAA.png,https://www.google.com/s2/favicons?domain=maac.com&sz=64,"Google-Favicon-Dienst, Marke der jeweiligen Firma",2026-09-12
MRNA,Moderna,https://www.modernatx.com/,"Wikidata P856 (CC0), verknuepft ueber CIK P5531",modernatx.com,logos/MRNA.png,https://www.google.com/s2/favicons?domain=modernatx.com&sz=64,"Google-Favicon-Dienst, Marke der jeweiligen Firma",2026-09-12
TAP,Molson Coors Beverage Company,http://www.molsoncoors.com,"Wikidata P856 (CC0), verknuepft ueber CIK P5531",molsoncoors.com,logos/TAP.png,https://www.google.com/s2/favicons?domain=molsoncoors.com&sz=64,"Google-Favicon-Dienst, Marke der jeweiligen Firma",2026-09-12
MDLZ,Mondelez International,https://www.mondelezinternational.com/,"Wikidata P856 (CC0), verknuepft ueber CIK P5531",mondelezinternational.com,logos/MDLZ.png,https://www.google.com/s2/favicons?domain=mondelezinternational.com&sz=64,"Google-Favicon-Dienst, Marke der jeweiligen Firma",2026-09-12
MPWR,Monolithic Power Systems,http://www.monolithicpower.com,"Wikidata P856 (CC0), verknuepft ueber CIK P5531",monolithicpower.com,logos/MPWR.png,https://www.google.com/s2/favicons?domain=monolithicpower.com&sz=64,"Google-Favicon-Dienst, Marke der jeweiligen Firma",2026-09-12
MNST,Monster Beverage,http://www.monsterbevcorp.com/,"Wikidata P856 (CC0), verknuepft ueber CIK P5531",monsterbevcorp.com,logos/MNST.png,https://www.google.com/s2/favicons?domain=monsterbevcorp.com&sz=64,"Google-Favicon-Dienst, Marke der jeweiligen Firma",2026-09-12
MCO,Moody's Corporation,https://www.moodys.com,"Wikidata P856 (CC0), verknuepft ueber CIK P5531",moodys.com,logos/MCO.png,https://www.google.com/s2/favicons?domain=moodys.com&sz=64,"Google-Favicon-Dienst, Marke der jeweiligen Firma",2026-09-12
MS,Morgan Stanley,https://morganstanley.com,"Wikidata P856 (CC0), verknuepft ueber CIK P5531",morganstanley.com,logos/MS.png,https://www.google.com/s2/favicons?domain=morganstanley.com&sz=64,"Google-Favicon-Dienst, Marke der jeweiligen Firma",2026-09-12
MOS,Mosaic Company (The),http://www.mosaicco.com,"Wikidata P856 (CC0), verknuepft ueber CIK P5531",mosaicco.com,logos/MOS.png,https://www.google.com/s2/favicons?domain=mosaicco.com&sz=64,"Google-Favicon-Dienst, Marke der jeweiligen Firma",2026-09-12
MSI,Motorola Solutions,http://www.motorola.com/,"Wikidata P856 (CC0), verknuepft ueber CIK P5531",motorola.com,logos/MSI.png,https://www.google.com/s2/favicons?domain=motorola.com&sz=64,"Google-Favicon-Dienst, Marke der jeweiligen Firma",2026-09-12
MSCI,MSCI,https://www.msci.com,"Wikidata P856 (CC0), verknuepft ueber CIK P5531",msci.com,logos/MSCI.png,https://www.google.com/s2/favicons?domain=msci.com&sz=64,"Google-Favicon-Dienst, Marke der jeweiligen Firma",2026-09-12
NDAQ,"Nasdaq, Inc.",http://business.nasdaq.com/,"Wikidata P856 (CC0), verknuepft ueber CIK P5531",business.nasdaq.com,logos/NDAQ.png,https://www.google.com/s2/favicons?domain=business.nasdaq.com&sz=64,"Google-Favicon-Dienst, Marke der jeweiligen Firma",2026-09-12
NTAP,NetApp,https://www.netapp.com/,"Wikidata P856 (CC0), verknuepft ueber CIK P5531",netapp.com,logos/NTAP.png,https://www.google.com/s2/favicons?domain=netapp.com&sz=64,"Google-Favicon-Dienst, Marke der jeweiligen Firma",2026-09-12
NFLX,Netflix,https://ir.netflix.net/,"Wikidata P856 (CC0), verknuepft ueber CIK P5531",ir.netflix.net,logos/NFLX.png,https://www.google.com/s2/favicons?domain=ir.netflix.net&sz=64,"Google-Favicon-Dienst, Marke der jeweiligen Firma",2026-09-12
NEM,Newmont,http://www.newmont.com,"Wikidata P856 (CC0), verknuepft ueber CIK P5531",newmont.com,logos/NEM.png,https://www.google.com/s2/favicons?domain=newmont.com&sz=64,"Google-Favicon-Dienst, Marke der jeweiligen Firma",2026-09-12
NWSA,News Corp (Class A),http://www.newscorp.com,"Wikidata P856 (CC0), verknuepft ueber CIK P5531",newscorp.com,logos/NWSA.png,https://www.google.com/s2/favicons?domain=newscorp.com&sz=64,"Google-Favicon-Dienst, Marke der jeweiligen Firma",2026-09-12
NWS,News Corp (Class B),http://www.newscorp.com,"Wikidata P856 (CC0), verknuepft ueber CIK P5531",newscorp.com,logos/NWS.png,https://www.google.com/s2/favicons?domain=newscorp.com&sz=64,"Google-Favicon-Dienst, Marke der jeweiligen Firma",2026-09-12
NEE,NextEra Energy,http://www.nexteraenergy.com/,"Wikidata P856 (CC0), verknuepft ueber CIK P5531",nexteraenergy.com,logos/NEE.png,https://www.google.com/s2/favicons?domain=nexteraenergy.com&sz=64,"Google-Favicon-Dienst, Marke der jeweiligen Firma",2026-09-12
NKE,"Nike, Inc.",https://www.nike.com/,"Wikidata P856 (CC0), verknuepft ueber CIK P5531",nike.com,logos/NKE.png,https://www.google.com/s2/favicons?domain=nike.com&sz=64,"Google-Favicon-Dienst, Marke der jeweiligen Firma",2026-09-12
NI,NiSource,http://www.nisource.com/,"Wikidata P856 (CC0), verknuepft ueber CIK P5531",nisource.com,logos/NI.png,https://www.google.com/s2/favicons?domain=nisource.com&sz=64,"Google-Favicon-Dienst, Marke der jeweiligen Firma",2026-09-12
NDSN,Nordson Corporation,http://www.nordson.com/de-de/pages/home.aspx,"Wikidata P856 (CC0), verknuepft ueber CIK P5531",nordson.com,logos/NDSN.png,https://www.google.com/s2/favicons?domain=nordson.com&sz=64,"Google-Favicon-Dienst, Marke der jeweiligen Firma",2026-09-12
NSC,Norfolk Southern,http://www.nscorp.com,"Wikidata P856 (CC0), verknuepft ueber CIK P5531",nscorp.com,logos/NSC.png,https://www.google.com/s2/favicons?domain=nscorp.com&sz=64,"Google-Favicon-Dienst, Marke der jeweiligen Firma",2026-09-12
NTRS,Northern Trust,http://www.northerntrust.com/,"Wikidata P856 (CC0), verknuepft ueber CIK P5531",northerntrust.com,logos/NTRS.png,https://www.google.com/s2/favicons?domain=northerntrust.com&sz=64,"Google-Favicon-Dienst, Marke der jeweiligen Firma",2026-09-12
NOC,Northrop Grumman,https://www.northropgrumman.com/,"Wikidata P856 (CC0), verknuepft ueber CIK P5531",northropgrumman.com,logos/NOC.png,https://www.google.com/s2/favicons?domain=northropgrumman.com&sz=64,"Google-Favicon-Dienst, Marke der jeweiligen Firma",2026-09-12
NCLH,Norwegian Cruise Line Holdings,,,,,,,2026-09-12
NRG,NRG Energy,https://www.nrg.com/,"Wikidata P856 (CC0), verknuepft ueber CIK P5531",nrg.com,logos/NRG.png,https://www.google.com/s2/favicons?domain=nrg.com&sz=64,"Google-Favicon-Dienst, Marke der jeweiligen Firma",2026-09-12
NUE,Nucor,http://www.nucor.com,"Wikidata P856 (CC0), verknuepft ueber CIK P5531",nucor.com,logos/NUE.png,https://www.google.com/s2/favicons?domain=nucor.com&sz=64,"Google-Favicon-Dienst, Marke der jeweiligen Firma",2026-09-12
NVDA,Nvidia,https://www.nvidia.com/,"Wikidata P856 (CC0), verknuepft ueber CIK P5531",nvidia.com,logos/NVDA.png,https://www.google.com/s2/favicons?domain=nvidia.com&sz=64,"Google-Favicon-Dienst, Marke der jeweiligen Firma",2026-09-12
NVR,"NVR, Inc.",http://www.nvrinc.com/,"Wikidata P856 (CC0), verknuepft ueber CIK P5531",nvrinc.com,,https://www.google.com/s2/favicons?domain=nvrinc.com&sz=64,,2026-09-12
NXPI,NXP Semiconductors,http://www.ru.nxp.com/,"Wikidata P856 (CC0), verknuepft ueber CIK P5531",ru.nxp.com,,https://www.google.com/s2/favicons?domain=ru.nxp.com&sz=64,,2026-09-12
ORLY,O'Reilly Automotive,http://www.oreillyauto.com/,"Wikidata P856 (CC0), verknuepft ueber CIK P5531",oreillyauto.com,logos/ORLY.png,https://www.google.com/s2/favicons?domain=oreillyauto.com&sz=64,"Google-Favicon-Dienst, Marke der jeweiligen Firma",2026-09-12
OXY,Occidental Petroleum,https://www.oxy.com/,"Wikidata P856 (CC0), verknuepft ueber CIK P5531",oxy.com,logos/OXY.png,https://www.google.com/s2/favicons?domain=oxy.com&sz=64,"Google-Favicon-Dienst, Marke der jeweiligen Firma",2026-09-12
ODFL,Old Dominion,http://www.odfl.com/,"Wikidata P856 (CC0), verknuepft ueber CIK P5531",odfl.com,logos/ODFL.png,https://www.google.com/s2/favicons?domain=odfl.com&sz=64,"Google-Favicon-Dienst, Marke der jeweiligen Firma",2026-09-12
OMC,Omnicom Group,https://www.omnicomgroup.com/,"Wikidata P856 (CC0), verknuepft ueber CIK P5531",omnicomgroup.com,logos/OMC.png,https://www.google.com/s2/favicons?domain=omnicomgroup.com&sz=64,"Google-Favicon-Dienst, Marke der jeweiligen Firma",2026-09-12
ON,ON Semiconductor,https://www.onsemi.com/,"Wikidata P856 (CC0), verknuepft ueber CIK P5531",onsemi.com,logos/ON.png,https://www.google.com/s2/favicons?domain=onsemi.com&sz=64,"Google-Favicon-Dienst, Marke der jeweiligen Firma",2026-09-12
OKE,Oneok,http://www.oneok.com/,"Wikidata P856 (CC0), verknuepft ueber CIK P5531",oneok.com,logos/OKE.png,https://www.google.com/s2/favicons?domain=oneok.com&sz=64,"Google-Favicon-Dienst, Marke der jeweiligen Firma",2026-09-12
ORCL,Oracle Corporation,https://www.oracle.com/,"Wikidata P856 (CC0), verknuepft ueber CIK P5531",oracle.com,logos/ORCL.png,https://www.google.com/s2/favicons?domain=oracle.com&sz=64,"Google-Favicon-Dienst, Marke der jeweiligen Firma",2026-09-12
OTIS,Otis Worldwide,https://www.otis.com/,"Wikidata P856 (CC0), verknuepft ueber CIK P5531",otis.com,logos/OTIS.png,https://www.google.com/s2/favicons?domain=otis.com&sz=64,"Google-Favicon-Dienst, Marke der jeweiligen Firma",2026-09-12
PCAR,Paccar,http://www.paccar.com/,"Wikidata P856 (CC0), verknuepft ueber CIK P5531",paccar.com,logos/PCAR.png,https://www.google.com/s2/favicons?domain=paccar.com&sz=64,"Google-Favicon-Dienst, Marke der jeweiligen Firma",2026-09-12
PKG,Packaging Corporation of America,https://www.packagingcorp.com/,"Wikidata P856 (CC0), verknuepft ueber CIK P5531",packagingcorp.com,logos/PKG.png,https://www.google.com/s2/favicons?domain=packagingcorp.com&sz=64,"Google-Favicon-Dienst, Marke der jeweiligen Firma",2026-09-12
PLTR,Palantir Technologies,https://www.palantir.com/,"Wikidata P856 (CC0), verknuepft ueber CIK P5531",palantir.com,logos/PLTR.png,https://www.google.com/s2/favicons?domain=palantir.com&sz=64,"Google-Favicon-Dienst, Marke der jeweiligen Firma",2026-09-12
PANW,Palo Alto Networks,https://www.paloaltonetworks.com,"Wikidata P856 (CC0), verknuepft ueber CIK P5531",paloaltonetworks.com,,https://www.google.com/s2/favicons?domain=paloaltonetworks.com&sz=64,,2026-09-12
PSKY,Paramount Skydance Corporation,,,,,,,2026-09-12
PH,Parker Hannifin,http://www.parker.com/,"Wikidata P856 (CC0), verknuepft ueber CIK P5531",parker.com,logos/PH.png,https://www.google.com/s2/favicons?domain=parker.com&sz=64,"Google-Favicon-Dienst, Marke der jeweiligen Firma",2026-09-12
PAYX,Paychex,http://www.paychex.com/,"Wikidata P856 (CC0), verknuepft ueber CIK P5531",paychex.com,logos/PAYX.png,https://www.google.com/s2/favicons?domain=paychex.com&sz=64,"Google-Favicon-Dienst, Marke der jeweiligen Firma",2026-09-12
PYPL,PayPal,,,,,,,2026-09-12
PNR,Pentair,http://www.pentair.com/,"Wikidata P856 (CC0), verknuepft ueber CIK P5531",pentair.com,logos/PNR.png,https://www.google.com/s2/favicons?domain=pentair.com&sz=64,"Google-Favicon-Dienst, Marke der jeweiligen Firma",2026-09-12
PEP,PepsiCo,https://www.pepsico.com/,"Wikidata P856 (CC0), verknuepft ueber CIK P5531",pepsico.com,logos/PEP.png,https://www.google.com/s2/favicons?domain=pepsico.com&sz=64,"Google-Favicon-Dienst, Marke der jeweiligen Firma",2026-09-12
PFE,Pfizer,https://www.pfizer.com/,"Wikidata P856 (CC0), verknuepft ueber CIK P5531",pfizer.com,logos/PFE.png,https://www.google.com/s2/favicons?domain=pfizer.com&sz=64,"Google-Favicon-Dienst, Marke der jeweiligen Firma",2026-09-12
PCG,PG&E Corporation,,,,,,,2026-09-12
PM,Philip Morris International,https://www.pmi.com/,"Wikidata P856 (CC0), verknuepft ueber CIK P5531",pmi.com,logos/PM.png,https://www.google.com/s2/favicons?domain=pmi.com&sz=64,"Google-Favicon-Dienst, Marke der jeweiligen Firma",2026-09-12
PSX,Phillips 66,https://www.phillips66.com,"Wikidata P856 (CC0), verknuepft ueber CIK P5531",phillips66.com,logos/PSX.png,https://www.google.com/s2/favicons?domain=phillips66.com&sz=64,"Google-Favicon-Dienst, Marke der jeweiligen Firma",2026-09-12
PNW,Pinnacle West Capital,http://www.pinnaclewest.com/,"Wikidata P856 (CC0), verknuepft ueber CIK P5531",pinnaclewest.com,logos/PNW.png,https://www.google.com/s2/favicons?domain=pinnaclewest.com&sz=64,"Google-Favicon-Dienst, Marke der jeweiligen Firma",2026-09-12
PNC,PNC Financial Services,https://www.pnc.com/,"Wikidata P856 (CC0), verknuepft ueber CIK P5531",pnc.com,logos/PNC.png,https://www.google.com/s2/favicons?domain=pnc.com&sz=64,"Google-Favicon-Dienst, Marke der jeweiligen Firma",2026-09-12
PPG,PPG Industries,https://www.ppg.com/,"Wikidata P856 (CC0), verknuepft ueber CIK P5531",ppg.com,logos/PPG.png,https://www.google.com/s2/favicons?domain=ppg.com&sz=64,"Google-Favicon-Dienst, Marke der jeweiligen Firma",2026-09-12
PPL,PPL Corporation,http://www.pplweb.com/,"Wikidata P856 (CC0), verknuepft ueber CIK P5531",pplweb.com,logos/PPL.png,https://www.google.com/s2/favicons?domain=pplweb.com&sz=64,"Google-Favicon-Dienst, Marke der jeweiligen Firma",2026-09-12
PFG,Principal Financial Group,https://www.principal.com/,"Wikidata P856 (CC0), verknuepft ueber CIK P5531",principal.com,logos/PFG.png,https://www.google.com/s2/favicons?domain=principal.com&sz=64,"Google-Favicon-Dienst, Marke der jeweiligen Firma",2026-09-12
PG,Procter & Gamble,http://www.pg.com/,"Wikidata P856 (CC0), verknuepft ueber CIK P5531",pg.com,logos/PG.png,https://www.google.com/s2/favicons?domain=pg.com&sz=64,"Google-Favicon-Dienst, Marke der jeweiligen Firma",2026-09-12
PGR,Progressive Corporation,https://www.progressive.com/,"Wikidata P856 (CC0), verknuepft ueber CIK P5531",progressive.com,logos/PGR.png,https://www.google.com/s2/favicons?domain=progressive.com&sz=64,"Google-Favicon-Dienst, Marke der jeweiligen Firma",2026-09-12
PLD,Prologis,https://www.prologis.com/,"Wikidata P856 (CC0), verknuepft ueber CIK P5531",prologis.com,logos/PLD.png,https://www.google.com/s2/favicons?domain=prologis.com&sz=64,"Google-Favicon-Dienst, Marke der jeweiligen Firma",2026-09-12
PRU,Prudential Financial,http://prudential.com,"Wikidata P856 (CC0), verknuepft ueber CIK P5531",prudential.com,logos/PRU.png,https://www.google.com/s2/favicons?domain=prudential.com&sz=64,"Google-Favicon-Dienst, Marke der jeweiligen Firma",2026-09-12
PEG,Public Service Enterprise Group,http://www.pseg.com,"Wikidata P856 (CC0), verknuepft ueber CIK P5531",pseg.com,logos/PEG.png,https://www.google.com/s2/favicons?domain=pseg.com&sz=64,"Google-Favicon-Dienst, Marke der jeweiligen Firma",2026-09-12
PTC,PTC Inc.,http://www.ptc.com,"Wikidata P856 (CC0), verknuepft ueber CIK P5531",ptc.com,logos/PTC.png,https://www.google.com/s2/favicons?domain=ptc.com&sz=64,"Google-Favicon-Dienst, Marke der jeweiligen Firma",2026-09-12
PSA,Public Storage,https://www.publicstorage.com/,"Wikidata P856 (CC0), verknuepft ueber CIK P5531",publicstorage.com,logos/PSA.png,https://www.google.com/s2/favicons?domain=publicstorage.com&sz=64,"Google-Favicon-Dienst, Marke der jeweiligen Firma",2026-09-12
PHM,PulteGroup,http://pulte.com,"Wikidata P856 (CC0), verknuepft ueber CIK P5531",pulte.com,logos/PHM.png,https://www.google.com/s2/favicons?domain=pulte.com&sz=64,"Google-Favicon-Dienst, Marke der jeweiligen Firma",2026-09-12
PWR,Quanta Services,https://www.quantaservices.com/,"Wikidata P856 (CC0), verknuepft ueber CIK P5531",quantaservices.com,logos/PWR.png,https://www.google.com/s2/favicons?domain=quantaservices.com&sz=64,"Google-Favicon-Dienst, Marke der jeweiligen Firma",2026-09-12
QCOM,Qualcomm,https://consumerrights.wiki/w/Qualcomm,"Wikidata P856 (CC0), verknuepft ueber CIK P5531",consumerrights.wiki,logos/QCOM.png,https://www.google.com/s2/favicons?domain=consumerrights.wiki&sz=64,"Google-Favicon-Dienst, Marke der jeweiligen Firma",2026-09-12
DGX,Quest Diagnostics,https://www.questdiagnostics.com/,"Wikidata P856 (CC0), verknuepft ueber CIK P5531",questdiagnostics.com,logos/DGX.png,https://www.google.com/s2/favicons?domain=questdiagnostics.com&sz=64,"Google-Favicon-Dienst, Marke der jeweiligen Firma",2026-09-12
Q,Qnity Electronics,,,,,,,2026-09-12
RL,Ralph Lauren Corporation,https://www.ralphlauren.com/,"Wikidata P856 (CC0), verknuepft ueber CIK P5531",ralphlauren.com,logos/RL.png,https://www.google.com/s2/favicons?domain=ralphlauren.com&sz=64,"Google-Favicon-Dienst, Marke der jeweiligen Firma",2026-09-12
RJF,Raymond James Financial,https://www.raymondjames.com/,"Wikidata P856 (CC0), verknuepft ueber CIK P5531",raymondjames.com,logos/RJF.png,https://www.google.com/s2/favicons?domain=raymondjames.com&sz=64,"Google-Favicon-Dienst, Marke der jeweiligen Firma",2026-09-12
RDDT,Reddit,https://www.redditinc.com/,"Wikidata P856 (CC0), verknuepft ueber CIK P5531",redditinc.com,logos/RDDT.png,https://www.google.com/s2/favicons?domain=redditinc.com&sz=64,"Google-Favicon-Dienst, Marke der jeweiligen Firma",2026-09-12
RTX,RTX Corporation,https://www.rtx.com/,"Wikidata P856 (CC0), verknuepft ueber CIK P5531",rtx.com,logos/RTX.png,https://www.google.com/s2/favicons?domain=rtx.com&sz=64,"Google-Favicon-Dienst, Marke der jeweiligen Firma",2026-09-12
O,Realty Income,http://www.realtyincome.com,"Wikidata P856 (CC0), verknuepft ueber CIK P5531",realtyincome.com,logos/O.png,https://www.google.com/s2/favicons?domain=realtyincome.com&sz=64,"Google-Favicon-Dienst, Marke der jeweiligen Firma",2026-09-12
REG,Regency Centers,http://www.regencycenters.com/,"Wikidata P856 (CC0), verknuepft ueber CIK P5531",regencycenters.com,logos/REG.png,https://www.google.com/s2/favicons?domain=regencycenters.com&sz=64,"Google-Favicon-Dienst, Marke der jeweiligen Firma",2026-09-12
REGN,Regeneron Pharmaceuticals,https://www.regeneron.com/,"Wikidata P856 (CC0), verknuepft ueber CIK P5531",regeneron.com,logos/REGN.png,https://www.google.com/s2/favicons?domain=regeneron.com&sz=64,"Google-Favicon-Dienst, Marke der jeweiligen Firma",2026-09-12
RF,Regions Financial Corporation,https://www.regions.com/,"Wikidata P856 (CC0), verknuepft ueber CIK P5531",regions.com,logos/RF.png,https://www.google.com/s2/favicons?domain=regions.com&sz=64,"Google-Favicon-Dienst, Marke der jeweiligen Firma",2026-09-12
RSG,Republic Services,https://www.republicservices.com/,"Wikidata P856 (CC0), verknuepft ueber CIK P5531",republicservices.com,logos/RSG.png,https://www.google.com/s2/favicons?domain=republicservices.com&sz=64,"Google-Favicon-Dienst, Marke der jeweiligen Firma",2026-09-12
RMD,ResMed|,http://www.resmed.com/,"Wikidata P856 (CC0), verknuepft ueber CIK P5531",resmed.com,logos/RMD.png,https://www.google.com/s2/favicons?domain=resmed.com&sz=64,"Google-Favicon-Dienst, Marke der jeweiligen Firma",2026-09-12
RVTY,Revvity,http://revvity.com/,"Wikidata P856 (CC0), verknuepft ueber CIK P5531",revvity.com,logos/RVTY.png,https://www.google.com/s2/favicons?domain=revvity.com&sz=64,"Google-Favicon-Dienst, Marke der jeweiligen Firma",2026-09-12
HOOD,Robinhood Markets,https://www.robinhood.com,"Wikidata P856 (CC0), verknuepft ueber CIK P5531",robinhood.com,logos/HOOD.png,https://www.google.com/s2/favicons?domain=robinhood.com&sz=64,"Google-Favicon-Dienst, Marke der jeweiligen Firma",2026-09-12
ROK,Rockwell Automation,http://www.rockwellautomation.com,"Wikidata P856 (CC0), verknuepft ueber CIK P5531",rockwellautomation.com,,https://www.google.com/s2/favicons?domain=rockwellautomation.com&sz=64,,2026-09-12
ROL,"Rollins, Inc.",http://www.rollins.com/,"Wikidata P856 (CC0), verknuepft ueber CIK P5531",rollins.com,logos/ROL.png,https://www.google.com/s2/favicons?domain=rollins.com&sz=64,"Google-Favicon-Dienst, Marke der jeweiligen Firma",2026-09-12
ROP,Roper Technologies,http://www.roperind.com/,"Wikidata P856 (CC0), verknuepft ueber CIK P5531",roperind.com,,https://www.google.com/s2/favicons?domain=roperind.com&sz=64,,2026-09-12
ROST,Ross Stores,https://www.rossstores.com/,"Wikidata P856 (CC0), verknuepft ueber CIK P5531",rossstores.com,logos/ROST.png,https://www.google.com/s2/favicons?domain=rossstores.com&sz=64,"Google-Favicon-Dienst, Marke der jeweiligen Firma",2026-09-12
RCL,Royal Caribbean Group,https://www.royalcaribbeangroup.com/,"Wikidata P856 (CC0), verknuepft ueber CIK P5531",royalcaribbeangroup.com,logos/RCL.png,https://www.google.com/s2/favicons?domain=royalcaribbeangroup.com&sz=64,"Google-Favicon-Dienst, Marke der jeweiligen Firma",2026-09-12
SPGI,S&P Global,https://www.spglobal.com/en,"Wikidata P856 (CC0), verknuepft ueber CIK P5531",spglobal.com,logos/SPGI.png,https://www.google.com/s2/favicons?domain=spglobal.com&sz=64,"Google-Favicon-Dienst, Marke der jeweiligen Firma",2026-09-12
CRM,Salesforce,https://www.salesforce.com,"Wikidata P856 (CC0), verknuepft ueber CIK P5531",salesforce.com,logos/CRM.png,https://www.google.com/s2/favicons?domain=salesforce.com&sz=64,"Google-Favicon-Dienst, Marke der jeweiligen Firma",2026-09-12
SNDK,Sandisk,,,,,,,2026-09-12
SBAC,SBA Communications,http://www.sbasite.com,"Wikidata P856 (CC0), verknuepft ueber CIK P5531",sbasite.com,logos/SBAC.png,https://www.google.com/s2/favicons?domain=sbasite.com&sz=64,"Google-Favicon-Dienst, Marke der jeweiligen Firma",2026-09-12
SLB,Schlumberger,https://www.slb.com/,"Wikidata P856 (CC0), verknuepft ueber CIK P5531",slb.com,logos/SLB.png,https://www.google.com/s2/favicons?domain=slb.com&sz=64,"Google-Favicon-Dienst, Marke der jeweiligen Firma",2026-09-12
STX,Seagate Technology,http://www.seagate.com,"Wikidata P856 (CC0), verknuepft ueber CIK P5531",seagate.com,logos/STX.png,https://www.google.com/s2/favicons?domain=seagate.com&sz=64,"Google-Favicon-Dienst, Marke der jeweiligen Firma",2026-09-12
SRE,Sempra,http://www.sempra.com/,"Wikidata P856 (CC0), verknuepft ueber CIK P5531",sempra.com,logos/SRE.png,https://www.google.com/s2/favicons?domain=sempra.com&sz=64,"Google-Favicon-Dienst, Marke der jeweiligen Firma",2026-09-12
NOW,ServiceNow,https://www.servicenow.com,"Wikidata P856 (CC0), verknuepft ueber CIK P5531",servicenow.com,logos/NOW.png,https://www.google.com/s2/favicons?domain=servicenow.com&sz=64,"Google-Favicon-Dienst, Marke der jeweiligen Firma",2026-09-12
SHW,Sherwin-Williams,https://www.sherwin-williams.com.mx,"Wikidata P856 (CC0), verknuepft ueber CIK P5531",sherwin-williams.com.mx,logos/SHW.png,https://www.google.com/s2/favicons?domain=sherwin-williams.com.mx&sz=64,"Google-Favicon-Dienst, Marke der jeweiligen Firma",2026-09-12
SPG,Simon Property Group,https://www.simon.com/,"Wikidata P856 (CC0), verknuepft ueber CIK P5531",simon.com,logos/SPG.png,https://www.google.com/s2/favicons?domain=simon.com&sz=64,"Google-Favicon-Dienst, Marke der jeweiligen Firma",2026-09-12
SWKS,Skyworks Solutions,https://www.skyworksinc.com/,"Wikidata P856 (CC0), verknuepft ueber CIK P5531",skyworksinc.com,logos/SWKS.png,https://www.google.com/s2/favicons?domain=skyworksinc.com&sz=64,"Google-Favicon-Dienst, Marke der jeweiligen Firma",2026-09-12
SJM,J.M. Smucker Company (The),https://www.jmsmucker.com/,"Wikidata P856 (CC0), verknuepft ueber CIK P5531",jmsmucker.com,,https://www.google.com/s2/favicons?domain=jmsmucker.com&sz=64,,2026-09-12
SW,Smurfit Westrock,,,,,,,2026-09-12
SNA,Snap-on,http://www.snapon.com,"Wikidata P856 (CC0), verknuepft ueber CIK P5531",snapon.com,logos/SNA.png,https://www.google.com/s2/favicons?domain=snapon.com&sz=64,"Google-Favicon-Dienst, Marke der jeweiligen Firma",2026-09-12
SOLV,Solventum,,,,,,,2026-09-12
SO,Southern Company,http://www.southerncompany.com/,"Wikidata P856 (CC0), verknuepft ueber CIK P5531",southerncompany.com,logos/SO.png,https://www.google.com/s2/favicons?domain=southerncompany.com&sz=64,"Google-Favicon-Dienst, Marke der jeweiligen Firma",2026-09-12
LUV,Southwest Airlines,https://www.southwest.com/,"Wikidata P856 (CC0), verknuepft ueber CIK P5531",southwest.com,logos/LUV.png,https://www.google.com/s2/favicons?domain=southwest.com&sz=64,"Google-Favicon-Dienst, Marke der jeweiligen Firma",2026-09-12
SWK,Stanley Black & Decker,http://www.stanleyblackanddecker.com,"Wikidata P856 (CC0), verknuepft ueber CIK P5531",stanleyblackanddecker.com,logos/SWK.png,https://www.google.com/s2/favicons?domain=stanleyblackanddecker.com&sz=64,"Google-Favicon-Dienst, Marke der jeweiligen Firma",2026-09-12
SBUX,Starbucks,https://www.starbucks.com/,"Wikidata P856 (CC0), verknuepft ueber CIK P5531",starbucks.com,logos/SBUX.png,https://www.google.com/s2/favicons?domain=starbucks.com&sz=64,"Google-Favicon-Dienst, Marke der jeweiligen Firma",2026-09-12
STT,State Street Corporation,https://www.statestreet.com/,"Wikidata P856 (CC0), verknuepft ueber CIK P5531",statestreet.com,logos/STT.png,https://www.google.com/s2/favicons?domain=statestreet.com&sz=64,"Google-Favicon-Dienst, Marke der jeweiligen Firma",2026-09-12
STLD,Steel Dynamics,http://www.steeldynamics.com,"Wikidata P856 (CC0), verknuepft ueber CIK P5531",steeldynamics.com,,https://www.google.com/s2/favicons?domain=steeldynamics.com&sz=64,,2026-09-12
STE,Steris,http://www.steris.com/,"Wikidata P856 (CC0), verknuepft ueber CIK P5531",steris.com,logos/STE.png,https://www.google.com/s2/favicons?domain=steris.com&sz=64,"Google-Favicon-Dienst, Marke der jeweiligen Firma",2026-09-12
SYK,Stryker Corporation,https://stryker.com,"Wikidata P856 (CC0), verknuepft ueber CIK P5531",stryker.com,logos/SYK.png,https://www.google.com/s2/favicons?domain=stryker.com&sz=64,"Google-Favicon-Dienst, Marke der jeweiligen Firma",2026-09-12
SMCI,Supermicro,,,,,,,2026-09-12
SYF,Synchrony Financial,https://www.synchronybank.com/,"Wikidata P856 (CC0), verknuepft ueber CIK P5531",synchronybank.com,logos/SYF.png,https://www.google.com/s2/favicons?domain=synchronybank.com&sz=64,"Google-Favicon-Dienst, Marke der jeweiligen Firma",2026-09-12
SNPS,Synopsys,https://www.synopsys.com/,"Wikidata P856 (CC0), verknuepft ueber CIK P5531",synopsys.com,,https://www.google.com/s2/favicons?domain=synopsys.com&sz=64,,2026-09-12
SYY,Sysco,https://www.sysco.com/,"Wikidata P856 (CC0), verknuepft ueber CIK P5531",sysco.com,logos/SYY.png,https://www.google.com/s2/favicons?domain=sysco.com&sz=64,"Google-Favicon-Dienst, Marke der jeweiligen Firma",2026-09-12
TMUS,T-Mobile US,https://www.t-mobile.com/,"Wikidata P856 (CC0), verknuepft ueber CIK P5531",t-mobile.com,logos/TMUS.png,https://www.google.com/s2/favicons?domain=t-mobile.com&sz=64,"Google-Favicon-Dienst, Marke der jeweiligen Firma",2026-09-12
TROW,T. Rowe Price,http://www.troweprice.com/,"Wikidata P856 (CC0), verknuepft ueber CIK P5531",troweprice.com,logos/TROW.png,https://www.google.com/s2/favicons?domain=troweprice.com&sz=64,"Google-Favicon-Dienst, Marke der jeweiligen Firma",2026-09-12
TTWO,Take-Two Interactive,http://www.take2games.com,"Wikidata P856 (CC0), verknuepft ueber CIK P5531",take2games.com,logos/TTWO.png,https://www.google.com/s2/favicons?domain=take2games.com&sz=64,"Google-Favicon-Dienst, Marke der jeweiligen Firma",2026-09-12
TPR,"Tapestry, Inc.",https://www.coach.com,"Wikidata P856 (CC0), verknuepft ueber CIK P5531",coach.com,logos/TPR.png,https://www.google.com/s2/favicons?domain=coach.com&sz=64,"Google-Favicon-Dienst, Marke der jeweiligen Firma",2026-09-12
TRGP,Targa Resources,,,,,,,2026-09-12
TGT,Target Corporation,https://www.target.com,"Wikidata P856 (CC0), verknuepft ueber CIK P5531",target.com,logos/TGT.png,https://www.google.com/s2/favicons?domain=target.com&sz=64,"Google-Favicon-Dienst, Marke der jeweiligen Firma",2026-09-12
TEL,TE Connectivity,http://www.te.com/,"Wikidata P856 (CC0), verknuepft ueber CIK P5531",te.com,logos/TEL.png,https://www.google.com/s2/favicons?domain=te.com&sz=64,"Google-Favicon-Dienst, Marke der jeweiligen Firma",2026-09-12
TDY,Teledyne Technologies,http://www.teledyne.com/,"Wikidata P856 (CC0), verknuepft ueber CIK P5531",teledyne.com,logos/TDY.png,https://www.google.com/s2/favicons?domain=teledyne.com&sz=64,"Google-Favicon-Dienst, Marke der jeweiligen Firma",2026-09-12
TER,Teradyne,https://www.teradyne.com/,"Wikidata P856 (CC0), verknuepft ueber CIK P5531",teradyne.com,logos/TER.png,https://www.google.com/s2/favicons?domain=teradyne.com&sz=64,"Google-Favicon-Dienst, Marke der jeweiligen Firma",2026-09-12
TSLA,"Tesla, Inc.",https://www.tesla.com/,"Wikidata P856 (CC0), verknuepft ueber CIK P5531",tesla.com,logos/TSLA.png,https://www.google.com/s2/favicons?domain=tesla.com&sz=64,"Google-Favicon-Dienst, Marke der jeweiligen Firma",2026-09-12
TXN,Texas Instruments,https://www.ti.com/,"Wikidata P856 (CC0), verknuepft ueber CIK P5531",ti.com,logos/TXN.png,https://www.google.com/s2/favicons?domain=ti.com&sz=64,"Google-Favicon-Dienst, Marke der jeweiligen Firma",2026-09-12
TPL,Texas Pacific Land Corporation,,,,,,,2026-09-12
TXT,Textron,https://www.textron.com/,"Wikidata P856 (CC0), verknuepft ueber CIK P5531",textron.com,logos/TXT.png,https://www.google.com/s2/favicons?domain=textron.com&sz=64,"Google-Favicon-Dienst, Marke der jeweiligen Firma",2026-09-12
TMO,Thermo Fisher Scientific,https://www.thermofisher.com/,"Wikidata P856 (CC0), verknuepft ueber CIK P5531",thermofisher.com,logos/TMO.png,https://www.google.com/s2/favicons?domain=thermofisher.com&sz=64,"Google-Favicon-Dienst, Marke der jeweiligen Firma",2026-09-12
TJX,TJX Companies,http://www.tjx.com/,"Wikidata P856 (CC0), verknuepft ueber CIK P5531",tjx.com,logos/TJX.png,https://www.google.com/s2/favicons?domain=tjx.com&sz=64,"Google-Favicon-Dienst, Marke der jeweiligen Firma",2026-09-12
TKO,TKO Group Holdings,,,,,,,2026-09-12
TTD,Trade Desk (The),http://www.thetradedesk.com/,"Wikidata P856 (CC0), verknuepft ueber CIK P5531",thetradedesk.com,logos/TTD.png,https://www.google.com/s2/favicons?domain=thetradedesk.com&sz=64,"Google-Favicon-Dienst, Marke der jeweiligen Firma",2026-09-12
TSCO,Tractor Supply,http://www.tractorsupply.com/,"Wikidata P856 (CC0), verknuepft ueber CIK P5531",tractorsupply.com,,https://www.google.com/s2/favicons?domain=tractorsupply.com&sz=64,,2026-09-12
TT,Trane Technologies,http://www.ingersollrand.com,"Wikidata P856 (CC0), verknuepft ueber CIK P5531",ingersollrand.com,logos/TT.png,https://www.google.com/s2/favicons?domain=ingersollrand.com&sz=64,"Google-Favicon-Dienst, Marke der jeweiligen Firma",2026-09-12
TDG,TransDigm Group,http://www.transdigm.com/,"Wikidata P856 (CC0), verknuepft ueber CIK P5531",transdigm.com,logos/TDG.png,https://www.google.com/s2/favicons?domain=transdigm.com&sz=64,"Google-Favicon-Dienst, Marke der jeweiligen Firma",2026-09-12
TRV,Travelers Companies (The),http://www.travelers.com/,"Wikidata P856 (CC0), verknuepft ueber CIK P5531",travelers.com,logos/TRV.png,https://www.google.com/s2/favicons?domain=travelers.com&sz=64,"Google-Favicon-Dienst, Marke der jeweiligen Firma",2026-09-12
TRMB,Trimble Inc.,http://www.trimble.com,"Wikidata P856 (CC0), verknuepft ueber CIK P5531",trimble.com,logos/TRMB.png,https://www.google.com/s2/favicons?domain=trimble.com&sz=64,"Google-Favicon-Dienst, Marke der jeweiligen Firma",2026-09-12
TFC,Truist Financial,https://www.truist.com/,"Wikidata P856 (CC0), verknuepft ueber CIK P5531",truist.com,logos/TFC.png,https://www.google.com/s2/favicons?domain=truist.com&sz=64,"Google-Favicon-Dienst, Marke der jeweiligen Firma",2026-09-12
TYL,Tyler Technologies,https://tylertech.com,"Wikidata P856 (CC0), verknuepft ueber CIK P5531",tylertech.com,logos/TYL.png,https://www.google.com/s2/favicons?domain=tylertech.com&sz=64,"Google-Favicon-Dienst, Marke der jeweiligen Firma",2026-09-12
TSN,Tyson Foods,http://www.tyson.com,"Wikidata P856 (CC0), verknuepft ueber CIK P5531",tyson.com,logos/TSN.png,https://www.google.com/s2/favicons?domain=tyson.com&sz=64,"Google-Favicon-Dienst, Marke der jeweiligen Firma",2026-09-12
USB,U.S. Bancorp,https://www.usbank.com/about-us-bank.html,"Wikidata P856 (CC0), verknuepft ueber CIK P5531",usbank.com,logos/USB.png,https://www.google.com/s2/favicons?domain=usbank.com&sz=64,"Google-Favicon-Dienst, Marke der jeweiligen Firma",2026-09-12
UBER,Uber,https://www.uber.com/,"Wikidata P856 (CC0), verknuepft ueber CIK P5531",uber.com,logos/UBER.png,https://www.google.com/s2/favicons?domain=uber.com&sz=64,"Google-Favicon-Dienst, Marke der jeweiligen Firma",2026-09-12
UDR,"UDR, Inc.",http://www.udr.com/,"Wikidata P856 (CC0), verknuepft ueber CIK P5531",udr.com,logos/UDR.png,https://www.google.com/s2/favicons?domain=udr.com&sz=64,"Google-Favicon-Dienst, Marke der jeweiligen Firma",2026-09-12
ULTA,Ulta Beauty,https://www.ulta.com/,"Wikidata P856 (CC0), verknuepft ueber CIK P5531",ulta.com,logos/ULTA.png,https://www.google.com/s2/favicons?domain=ulta.com&sz=64,"Google-Favicon-Dienst, Marke der jeweiligen Firma",2026-09-12
UNP,Union Pacific Corporation,http://www.up.com,"Wikidata P856 (CC0), verknuepft ueber CIK P5531",up.com,logos/UNP.png,https://www.google.com/s2/favicons?domain=up.com&sz=64,"Google-Favicon-Dienst, Marke der jeweiligen Firma",2026-09-12
UAL,United Airlines Holdings,https://ir.united.com,"Wikidata P856 (CC0), verknuepft ueber CIK P5531",ir.united.com,logos/UAL.png,https://www.google.com/s2/favicons?domain=ir.united.com&sz=64,"Google-Favicon-Dienst, Marke der jeweiligen Firma",2026-09-12
UPS,United Parcel Service,https://www.ups.com/,"Wikidata P856 (CC0), verknuepft ueber CIK P5531",ups.com,logos/UPS.png,https://www.google.com/s2/favicons?domain=ups.com&sz=64,"Google-Favicon-Dienst, Marke der jeweiligen Firma",2026-09-12
URI,United Rentals,https://www.unitedrentals.com/,"Wikidata P856 (CC0), verknuepft ueber CIK P5531",unitedrentals.com,logos/URI.png,https://www.google.com/s2/favicons?domain=unitedrentals.com&sz=64,"Google-Favicon-Dienst, Marke der jeweiligen Firma",2026-09-12
UNH,UnitedHealth Group,http://www.unitedhealthgroup.com/,"Wikidata P856 (CC0), verknuepft ueber CIK P5531",unitedhealthgroup.com,logos/UNH.png,https://www.google.com/s2/favicons?domain=unitedhealthgroup.com&sz=64,"Google-Favicon-Dienst, Marke der jeweiligen Firma",2026-09-12
UHS,Universal Health Services,http://www.uhsinc.com/,"Wikidata P856 (CC0), verknuepft ueber CIK P5531",uhsinc.com,logos/UHS.png,https://www.google.com/s2/favicons?domain=uhsinc.com&sz=64,"Google-Favicon-Dienst, Marke der jeweiligen Firma",2026-09-12
VLO,Valero Energy,https://www.valero.com,"Wikidata P856 (CC0), verknuepft ueber CIK P5531",valero.com,logos/VLO.png,https://www.google.com/s2/favicons?domain=valero.com&sz=64,"Google-Favicon-Dienst, Marke der jeweiligen Firma",2026-09-12
VEEV,Veeva Systems,https://www.veeva.com/,"Wikidata P856 (CC0), verknuepft ueber CIK P5531",veeva.com,logos/VEEV.png,https://www.google.com/s2/favicons?domain=veeva.com&sz=64,"Google-Favicon-Dienst, Marke der jeweiligen Firma",2026-09-12
VTR,Ventas,http://www.ventasreit.com,"Wikidata P856 (CC0), verknuepft ueber CIK P5531",ventasreit.com,logos/VTR.png,https://www.google.com/s2/favicons?domain=ventasreit.com&sz=64,"Google-Favicon-Dienst, Marke der jeweiligen Firma",2026-09-12
VLTO,Veralto,,,,,,,2026-09-12
VRSN,Verisign,https://www.verisign.com,"Wikidata P856 (CC0), verknuepft ueber CIK P5531",verisign.com,logos/VRSN.png,https://www.google.com/s2/favicons?domain=verisign.com&sz=64,"Google-Favicon-Dienst, Marke der jeweiligen Firma",2026-09-12
VRSK,Verisk Analytics,http://www.verisk.com/,"Wikidata P856 (CC0), verknuepft ueber CIK P5531",verisk.com,logos/VRSK.png,https://www.google.com/s2/favicons?domain=verisk.com&sz=64,"Google-Favicon-Dienst, Marke der jeweiligen Firma",2026-09-12
VZ,Verizon,https://www.verizon.com/,"Wikidata P856 (CC0), verknuepft ueber CIK P5531",verizon.com,logos/VZ.png,https://www.google.com/s2/favicons?domain=verizon.com&sz=64,"Google-Favicon-Dienst, Marke der jeweiligen Firma",2026-09-12
VRTX,Vertex Pharmaceuticals,https://www.vrtx.com/,"Wikidata P856 (CC0), verknuepft ueber CIK P5531",vrtx.com,logos/VRTX.png,https://www.google.com/s2/favicons?domain=vrtx.com&sz=64,"Google-Favicon-Dienst, Marke der jeweiligen Firma",2026-09-12
VRT,Vertiv,,,,,,,2026-09-12
VTRS,Viatris,https://www.viatris.com/en,"Wikidata P856 (CC0), verknuepft ueber CIK P5531",viatris.com,logos/VTRS.png,https://www.google.com/s2/favicons?domain=viatris.com&sz=64,"Google-Favicon-Dienst, Marke der jeweiligen Firma",2026-09-12
VICI,Vici Properties,,,,,,,2026-09-12
V,Visa Inc.,https://corporate.visa.com/,"Wikidata P856 (CC0), verknuepft ueber CIK P5531",corporate.visa.com,logos/V.png,https://www.google.com/s2/favicons?domain=corporate.visa.com&sz=64,"Google-Favicon-Dienst, Marke der jeweiligen Firma",2026-09-12
VST,Vistra Corp.,https://www.vistracorp.com/,"Wikidata P856 (CC0), verknuepft ueber CIK P5531",vistracorp.com,logos/VST.png,https://www.google.com/s2/favicons?domain=vistracorp.com&sz=64,"Google-Favicon-Dienst, Marke der jeweiligen Firma",2026-09-12
VMRK,Vivmark Residential,https://www.equityapartments.com/,"Wikidata P856 (CC0), verknuepft ueber CIK P5531",equityapartments.com,logos/VMRK.png,https://www.google.com/s2/favicons?domain=equityapartments.com&sz=64,"Google-Favicon-Dienst, Marke der jeweiligen Firma",2026-09-12
VMC,Vulcan Materials Company,https://www.vulcanmaterials.com/,"Wikidata P856 (CC0), verknuepft ueber CIK P5531",vulcanmaterials.com,logos/VMC.png,https://www.google.com/s2/favicons?domain=vulcanmaterials.com&sz=64,"Google-Favicon-Dienst, Marke der jeweiligen Firma",2026-09-12
WRB,W. R. Berkley Corporation,http://www.wrberkley.com/,"Wikidata P856 (CC0), verknuepft ueber CIK P5531",wrberkley.com,logos/WRB.png,https://www.google.com/s2/favicons?domain=wrberkley.com&sz=64,"Google-Favicon-Dienst, Marke der jeweiligen Firma",2026-09-12
GWW,W. W. Grainger,https://www.grainger.com/,"Wikidata P856 (CC0), verknuepft ueber CIK P5531",grainger.com,logos/GWW.png,https://www.google.com/s2/favicons?domain=grainger.com&sz=64,"Google-Favicon-Dienst, Marke der jeweiligen Firma",2026-09-12
WAB,Wabtec,https://www.wabteccorp.com/,"Wikidata P856 (CC0), verknuepft ueber CIK P5531",wabteccorp.com,logos/WAB.png,https://www.google.com/s2/favicons?domain=wabteccorp.com&sz=64,"Google-Favicon-Dienst, Marke der jeweiligen Firma",2026-09-12
WMT,Walmart,https://www.walmart.com/,"Wikidata P856 (CC0), verknuepft ueber CIK P5531",walmart.com,logos/WMT.png,https://www.google.com/s2/favicons?domain=walmart.com&sz=64,"Google-Favicon-Dienst, Marke der jeweiligen Firma",2026-09-12
DIS,Walt Disney Company (The),https://thewaltdisneycompany.com/,"Wikidata P856 (CC0), verknuepft ueber CIK P5531",thewaltdisneycompany.com,logos/DIS.png,https://www.google.com/s2/favicons?domain=thewaltdisneycompany.com&sz=64,"Google-Favicon-Dienst, Marke der jeweiligen Firma",2026-09-12
WBD,Warner Bros. Discovery,https://www.discovery.com/,"Wikidata P856 (CC0), verknuepft ueber CIK P5531",discovery.com,logos/WBD.png,https://www.google.com/s2/favicons?domain=discovery.com&sz=64,"Google-Favicon-Dienst, Marke der jeweiligen Firma",2026-09-12
WM,Waste Management,https://www.wm.com/,"Wikidata P856 (CC0), verknuepft ueber CIK P5531",wm.com,logos/WM.png,https://www.google.com/s2/favicons?domain=wm.com&sz=64,"Google-Favicon-Dienst, Marke der jeweiligen Firma",2026-09-12
WAT,Waters Corporation,http://www.waters.com,"Wikidata P856 (CC0), verknuepft ueber CIK P5531",waters.com,logos/WAT.png,https://www.google.com/s2/favicons?domain=waters.com&sz=64,"Google-Favicon-Dienst, Marke der jeweiligen Firma",2026-09-12
WEC,WEC Energy Group,http://www.wisconsinenergy.com,"Wikidata P856 (CC0), verknuepft ueber CIK P5531",wisconsinenergy.com,,https://www.google.com/s2/favicons?domain=wisconsinenergy.com&sz=64,,2026-09-12
WFC,Wells Fargo,https://www.wellsfargo.com/,"Wikidata P856 (CC0), verknuepft ueber CIK P5531",wellsfargo.com,logos/WFC.png,https://www.google.com/s2/favicons?domain=wellsfargo.com&sz=64,"Google-Favicon-Dienst, Marke der jeweiligen Firma",2026-09-12
WELL,Welltower,http://www.welltower.com,"Wikidata P856 (CC0), verknuepft ueber CIK P5531",welltower.com,logos/WELL.png,https://www.google.com/s2/favicons?domain=welltower.com&sz=64,"Google-Favicon-Dienst, Marke der jeweiligen Firma",2026-09-12
WST,West Pharmaceutical Services,,,,,,,2026-09-12
WDC,Western Digital,https://www.westerndigital.com,"Wikidata P856 (CC0), verknuepft ueber CIK P5531",westerndigital.com,logos/WDC.png,https://www.google.com/s2/favicons?domain=westerndigital.com&sz=64,"Google-Favicon-Dienst, Marke der jeweiligen Firma",2026-09-12
WY,Weyerhaeuser,http://www.weyerhaeuser.com/,"Wikidata P856 (CC0), verknuepft ueber CIK P5531",weyerhaeuser.com,logos/WY.png,https://www.google.com/s2/favicons?domain=weyerhaeuser.com&sz=64,"Google-Favicon-Dienst, Marke der jeweiligen Firma",2026-09-12
WSM,"Williams-Sonoma, Inc.",,,,,,,2026-09-12
WMB,Williams Companies,http://www.williams.com,"Wikidata P856 (CC0), verknuepft ueber CIK P5531",williams.com,logos/WMB.png,https://www.google.com/s2/favicons?domain=williams.com&sz=64,"Google-Favicon-Dienst, Marke der jeweiligen Firma",2026-09-12
WTW,Willis Towers Watson,https://www.wtwco.com/,"Wikidata P856 (CC0), verknuepft ueber CIK P5531",wtwco.com,logos/WTW.png,https://www.google.com/s2/favicons?domain=wtwco.com&sz=64,"Google-Favicon-Dienst, Marke der jeweiligen Firma",2026-09-12
WDAY,"Workday, Inc.",https://www.workday.com/,"Wikidata P856 (CC0), verknuepft ueber CIK P5531",workday.com,logos/WDAY.png,https://www.google.com/s2/favicons?domain=workday.com&sz=64,"Google-Favicon-Dienst, Marke der jeweiligen Firma",2026-09-12
WYNN,Wynn Resorts,https://www.wynnresorts.com/,"Wikidata P856 (CC0), verknuepft ueber CIK P5531",wynnresorts.com,,https://www.google.com/s2/favicons?domain=wynnresorts.com&sz=64,,2026-09-12
XEL,Xcel Energy,https://my.xcelenergy.com/,"Wikidata P856 (CC0), verknuepft ueber CIK P5531",my.xcelenergy.com,logos/XEL.png,https://www.google.com/s2/favicons?domain=my.xcelenergy.com&sz=64,"Google-Favicon-Dienst, Marke der jeweiligen Firma",2026-09-12
XYL,Xylem Inc.,http://www.xylem.com,"Wikidata P856 (CC0), verknuepft ueber CIK P5531",xylem.com,logos/XYL.png,https://www.google.com/s2/favicons?domain=xylem.com&sz=64,"Google-Favicon-Dienst, Marke der jeweiligen Firma",2026-09-12
YUM,Yum! Brands,https://yum.com,"Wikidata P856 (CC0), verknuepft ueber CIK P5531",yum.com,logos/YUM.png,https://www.google.com/s2/favicons?domain=yum.com&sz=64,"Google-Favicon-Dienst, Marke der jeweiligen Firma",2026-09-12
ZBRA,Zebra Technologies,https://www.zebra.com/,"Wikidata P856 (CC0), verknuepft ueber CIK P5531",zebra.com,logos/ZBRA.png,https://www.google.com/s2/favicons?domain=zebra.com&sz=64,"Google-Favicon-Dienst, Marke der jeweiligen Firma",2026-09-12
ZBH,Zimmer Biomet,http://www.zimmer.com/,"Wikidata P856 (CC0), verknuepft ueber CIK P5531",zimmer.com,logos/ZBH.png,https://www.google.com/s2/favicons?domain=zimmer.com&sz=64,"Google-Favicon-Dienst, Marke der jeweiligen Firma",2026-09-12
ZTS,Zoetis,http://www.zoetis.com,"Wikidata P856 (CC0), verknuepft ueber CIK P5531",zoetis.com,logos/ZTS.png,https://www.google.com/s2/favicons?domain=zoetis.com&sz=64,"Google-Favicon-Dienst, Marke der jeweiligen Firma",2026-09-12
